"Date","Open","High","Low","Close"
"Tue Apr 25 2017 00:00:00 GMT+0530 (India Standard Time)","9273.04","9309.20","9250.35","9306.60"
"Wed Apr 26 2017 00:00:00 GMT+0530 (India Standard Time)","9336.20","9367.00","9301.35","9351.85"
"Thu Apr 27 2017 00:00:00 GMT+0530 (India Standard Time)","9359.15","9367.15","9322.65","9342.15"
"Fri Apr 28 2017 00:00:00 GMT+0530 (India Standard Time)","9340.95","9342.65","9282.25","9304.05"
"Tue May 02 2017 00:00:00 GMT+0530 (India Standard Time)","9339.85","9352.55","9269.90","9313.80"
"Wed May 03 2017 00:00:00 GMT+0530 (India Standard Time)","9344.70","9346.30","9298.40","9311.95"
"Thu May 04 2017 00:00:00 GMT+0530 (India Standard Time)","9360.95","9365.65","9323.25","9359.90"
"Fri May 05 2017 00:00:00 GMT+0530 (India Standard Time)","9374.54","9377.10","9272.00","9285.30"
"Mon May 08 2017 00:00:00 GMT+0530 (India Standard Time)","9311.45","9338.70","9297.95","9314.05"
"Tue May 09 2017 00:00:00 GMT+0530 (India Standard Time)","9337.35","9338.95","9307.70","9316.85"
"Wed May 10 2017 00:00:00 GMT+0530 (India Standard Time)","9339.65","9414.75","9336.00","9407.30"
"Thu May 11 2017 00:00:00 GMT+0530 (India Standard Time)","9448.60","9450.65","9411.29","9422.40"
"Fri May 12 2017 00:00:00 GMT+0530 (India Standard Time)","9436.65","9437.75","9372.54","9400.90"
"Mon May 15 2017 00:00:00 GMT+0530 (India Standard Time)","9433.54","9449.25","9423.10","9445.40"
"Tue May 16 2017 00:00:00 GMT+0530 (India Standard Time)","9461.00","9517.20","9456.35","9512.25"
"Wed May 17 2017 00:00:00 GMT+0530 (India Standard Time)","9517.60","9532.60","9486.10","9525.75"
"Thu May 18 2017 00:00:00 GMT+0530 (India Standard Time)","9453.20","9489.10","9418.10","9429.45"
"Fri May 19 2017 00:00:00 GMT+0530 (India Standard Time)","9469.90","9505.75","9390.75","9427.90"
"Mon May 22 2017 00:00:00 GMT+0530 (India Standard Time)","9480.25","9498.65","9427.90","9438.25"
"Tue May 23 2017 00:00:00 GMT+0530 (India Standard Time)","9445.04","9448.05","9370.00","9386.15"
"Wed May 24 2017 00:00:00 GMT+0530 (India Standard Time)","9410.90","9431.90","9341.65","9360.55"
"Thu May 25 2017 00:00:00 GMT+0530 (India Standard Time)","9384.04","9523.30","9379.20","9509.75"
"Fri May 26 2017 00:00:00 GMT+0530 (India Standard Time)","9507.75","9604.90","9495.40","9595.10"
"Mon May 29 2017 00:00:00 GMT+0530 (India Standard Time)","9560.04","9637.75","9547.70","9604.90"
"Tue May 30 2017 00:00:00 GMT+0530 (India Standard Time)","9590.65","9635.30","9581.20","9624.55"
"Wed May 31 2017 00:00:00 GMT+0530 (India Standard Time)","9636.54","9649.60","9609.25","9621.25"
"Thu Jun 01 2017 00:00:00 GMT+0530 (India Standard Time)","9603.54","9634.65","9589.90","9616.10"
"Fri Jun 02 2017 00:00:00 GMT+0530 (India Standard Time)","9657.15","9673.50","9637.45","9653.50"
"Mon Jun 05 2017 00:00:00 GMT+0530 (India Standard Time)","9656.29","9687.20","9640.70","9675.10"
"Tue Jun 06 2017 00:00:00 GMT+0530 (India Standard Time)","9704.25","9709.30","9630.20","9637.15"
"Wed Jun 07 2017 00:00:00 GMT+0530 (India Standard Time)","9663.95","9678.55","9630.54","9663.90"
"Thu Jun 08 2017 00:00:00 GMT+0530 (India Standard Time)","9682.40","9688.70","9641.50","9647.25"
"Fri Jun 09 2017 00:00:00 GMT+0530 (India Standard Time)","9638.54","9676.25","9608.15","9668.25"
"Mon Jun 12 2017 00:00:00 GMT+0530 (India Standard Time)","9646.70","9647.05","9598.50","9616.40"
"Tue Jun 13 2017 00:00:00 GMT+0530 (India Standard Time)","9615.54","9654.15","9595.40","9606.90"
"Wed Jun 14 2017 00:00:00 GMT+0530 (India Standard Time)","9621.54","9627.40","9580.45","9618.15"
"Thu Jun 15 2017 00:00:00 GMT+0530 (India Standard Time)","9617.90","9621.40","9560.79","9578.05"
"Fri Jun 16 2017 00:00:00 GMT+0530 (India Standard Time)","9595.45","9615.85","9565.50","9588.05"
"Mon Jun 19 2017 00:00:00 GMT+0530 (India Standard Time)","9626.40","9673.30","9614.90","9657.55"
"Tue Jun 20 2017 00:00:00 GMT+0530 (India Standard Time)","9670.50","9676.50","9643.75","9653.50"
"Wed Jun 21 2017 00:00:00 GMT+0530 (India Standard Time)","9648.10","9650.45","9608.60","9633.60"
"Thu Jun 22 2017 00:00:00 GMT+0530 (India Standard Time)","9642.65","9698.85","9617.75","9630.00"
"Fri Jun 23 2017 00:00:00 GMT+0530 (India Standard Time)","9643.25","9647.65","9565.29","9574.95"
"Tue Jun 27 2017 00:00:00 GMT+0530 (India Standard Time)","9594.04","9615.40","9473.45","9511.40"
"Wed Jun 28 2017 00:00:00 GMT+0530 (India Standard Time)","9520.20","9522.50","9474.35","9491.25"
"Thu Jun 29 2017 00:00:00 GMT+0530 (India Standard Time)","9522.95","9575.80","9493.79","9504.10"
"Fri Jun 30 2017 00:00:00 GMT+0530 (India Standard Time)","9478.50","9535.80","9448.75","9520.90"
"Mon Jul 03 2017 00:00:00 GMT+0530 (India Standard Time)","9587.95","9624.00","9543.54","9615.00"
"Tue Jul 04 2017 00:00:00 GMT+0530 (India Standard Time)","9645.90","9650.65","9595.50","9613.30"
"Wed Jul 05 2017 00:00:00 GMT+0530 (India Standard Time)","9619.75","9643.65","9607.35","9637.60"
"Thu Jul 06 2017 00:00:00 GMT+0530 (India Standard Time)","9653.60","9700.70","9639.95","9674.55"
"Fri Jul 07 2017 00:00:00 GMT+0530 (India Standard Time)","9670.35","9684.25","9642.65","9665.80"
"Mon Jul 10 2017 00:00:00 GMT+0530 (India Standard Time)","9719.29","9782.15","9646.45","9771.05"
"Tue Jul 11 2017 00:00:00 GMT+0530 (India Standard Time)","9797.45","9830.05","9778.85","9786.05"
"Wed Jul 12 2017 00:00:00 GMT+0530 (India Standard Time)","9807.29","9824.95","9787.70","9816.10"
"Thu Jul 13 2017 00:00:00 GMT+0530 (India Standard Time)","9855.79","9897.25","9853.45","9891.70"
"Fri Jul 14 2017 00:00:00 GMT+0530 (India Standard Time)","9913.29","9913.30","9845.45","9886.35"
"Mon Jul 17 2017 00:00:00 GMT+0530 (India Standard Time)","9908.15","9928.20","9894.70","9915.95"
"Tue Jul 18 2017 00:00:00 GMT+0530 (India Standard Time)","9832.70","9885.35","9792.04","9827.15"
"Wed Jul 19 2017 00:00:00 GMT+0530 (India Standard Time)","9855.95","9905.05","9851.65","9899.60"
"Thu Jul 20 2017 00:00:00 GMT+0530 (India Standard Time)","9920.20","9922.55","9863.45","9873.30"
"Fri Jul 21 2017 00:00:00 GMT+0530 (India Standard Time)","9899.60","9924.70","9838.00","9915.25"
"Mon Jul 24 2017 00:00:00 GMT+0530 (India Standard Time)","9936.79","9982.05","9919.60","9966.40"
"Tue Jul 25 2017 00:00:00 GMT+0530 (India Standard Time)","10010.54","10011.30","9949.10","9964.55"
"Wed Jul 26 2017 00:00:00 GMT+0530 (India Standard Time)","9983.65","10025.95","9965.95","10020.65"
"Thu Jul 27 2017 00:00:00 GMT+0530 (India Standard Time)","10063.25","10114.85","10005.50","10020.55"
"Fri Jul 28 2017 00:00:00 GMT+0530 (India Standard Time)","9996.54","10026.05","9944.50","10014.50"
"Mon Jul 31 2017 00:00:00 GMT+0530 (India Standard Time)","10034.70","10085.90","10016.95","10077.10"
"Tue Aug 01 2017 00:00:00 GMT+0530 (India Standard Time)","10101.04","10128.60","10065.75","10114.65"
"Wed Aug 02 2017 00:00:00 GMT+0530 (India Standard Time)","10136.29","10137.85","10054.20","10081.50"
"Thu Aug 03 2017 00:00:00 GMT+0530 (India Standard Time)","10081.15","10081.15","9998.25","10013.65"
"Fri Aug 04 2017 00:00:00 GMT+0530 (India Standard Time)","10008.60","10075.25","9988.35","10066.40"
"Mon Aug 07 2017 00:00:00 GMT+0530 (India Standard Time)","10074.79","10088.10","10046.35","10057.40"
"Tue Aug 08 2017 00:00:00 GMT+0530 (India Standard Time)","10068.35","10083.80","9947.00","9978.55"
"Wed Aug 09 2017 00:00:00 GMT+0530 (India Standard Time)","9961.15","9969.80","9893.04","9908.05"
"Thu Aug 10 2017 00:00:00 GMT+0530 (India Standard Time)","9872.85","9892.65","9776.20","9820.25"
"Fri Aug 11 2017 00:00:00 GMT+0530 (India Standard Time)","9712.15","9771.65","9685.54","9710.80"
"Mon Aug 14 2017 00:00:00 GMT+0530 (India Standard Time)","9755.75","9818.30","9752.10","9794.15"
"Wed Aug 16 2017 00:00:00 GMT+0530 (India Standard Time)","9825.85","9903.95","9773.85","9897.30"
"Thu Aug 17 2017 00:00:00 GMT+0530 (India Standard Time)","9945.54","9947.80","9883.75","9904.15"
"Fri Aug 18 2017 00:00:00 GMT+0530 (India Standard Time)","9865.95","9865.95","9783.65","9837.40"
"Mon Aug 21 2017 00:00:00 GMT+0530 (India Standard Time)","9864.25","9884.35","9740.10","9754.35"
"Tue Aug 22 2017 00:00:00 GMT+0530 (India Standard Time)","9815.75","9828.45","9752.60","9765.55"
"Wed Aug 23 2017 00:00:00 GMT+0530 (India Standard Time)","9803.04","9857.90","9786.75","9852.50"
"Thu Aug 24 2017 00:00:00 GMT+0530 (India Standard Time)","9881.20","9881.50","9848.85","9857.05"
"Mon Aug 28 2017 00:00:00 GMT+0530 (India Standard Time)","9907.15","9925.75","9882.00","9912.80"
"Tue Aug 29 2017 00:00:00 GMT+0530 (India Standard Time)","9886.40","9887.35","9783.75","9796.05"
"Wed Aug 30 2017 00:00:00 GMT+0530 (India Standard Time)","9859.50","9909.45","9850.79","9884.40"
"Thu Aug 31 2017 00:00:00 GMT+0530 (India Standard Time)","9905.70","9925.10","9856.95","9917.90"
"Fri Sep 01 2017 00:00:00 GMT+0530 (India Standard Time)","9937.65","9983.45","9909.85","9974.40"
"Mon Sep 04 2017 00:00:00 GMT+0530 (India Standard Time)","9984.15","9988.40","9861.00","9912.85"
"Tue Sep 05 2017 00:00:00 GMT+0530 (India Standard Time)","9933.25","9963.10","9901.04","9952.20"
"Wed Sep 06 2017 00:00:00 GMT+0530 (India Standard Time)","9899.25","9931.55","9882.54","9916.20"
"Thu Sep 07 2017 00:00:00 GMT+0530 (India Standard Time)","9945.85","9964.85","9917.20","9929.90"
"Fri Sep 08 2017 00:00:00 GMT+0530 (India Standard Time)","9958.65","9963.60","9913.29","9934.80"
"Mon Sep 11 2017 00:00:00 GMT+0530 (India Standard Time)","9971.75","10028.65","9968.79","10006.05"
"Tue Sep 12 2017 00:00:00 GMT+0530 (India Standard Time)","10056.85","10097.55","10028.04","10093.05"
"Wed Sep 13 2017 00:00:00 GMT+0530 (India Standard Time)","10099.25","10131.95","10063.15","10079.30"
"Thu Sep 14 2017 00:00:00 GMT+0530 (India Standard Time)","10107.40","10126.50","10070.35","10086.60"
"Fri Sep 15 2017 00:00:00 GMT+0530 (India Standard Time)","10062.35","10115.15","10043.65","10085.40"
"Mon Sep 18 2017 00:00:00 GMT+0530 (India Standard Time)","10133.10","10171.70","10131.29","10153.10"
"Tue Sep 19 2017 00:00:00 GMT+0530 (India Standard Time)","10175.60","10178.95","10129.95","10147.55"
"Wed Sep 20 2017 00:00:00 GMT+0530 (India Standard Time)","10160.95","10171.05","10134.20","10141.15"
"Thu Sep 21 2017 00:00:00 GMT+0530 (India Standard Time)","10139.60","10158.90","10058.60","10121.90"
"Fri Sep 22 2017 00:00:00 GMT+0530 (India Standard Time)","10094.35","10095.05","9952.79","9964.40"
"Mon Sep 25 2017 00:00:00 GMT+0530 (India Standard Time)","9960.10","9960.50","9816.04","9872.60"
"Tue Sep 26 2017 00:00:00 GMT+0530 (India Standard Time)","9875.25","9891.35","9813.00","9871.50"
"Wed Sep 27 2017 00:00:00 GMT+0530 (India Standard Time)","9920.60","9921.05","9714.40","9735.75"
"Thu Sep 28 2017 00:00:00 GMT+0530 (India Standard Time)","9736.40","9789.20","9687.54","9768.95"
"Fri Sep 29 2017 00:00:00 GMT+0530 (India Standard Time)","9814.29","9854.00","9775.35","9788.60"
"Tue Oct 03 2017 00:00:00 GMT+0530 (India Standard Time)","9893.29","9895.40","9831.04","9859.50"
"Wed Oct 04 2017 00:00:00 GMT+0530 (India Standard Time)","9884.35","9938.30","9850.65","9914.90"
"Thu Oct 05 2017 00:00:00 GMT+0530 (India Standard Time)","9927.00","9945.95","9881.85","9888.70"
"Fri Oct 06 2017 00:00:00 GMT+0530 (India Standard Time)","9908.15","9989.35","9906.60","9979.70"
"Mon Oct 09 2017 00:00:00 GMT+0530 (India Standard Time)","9988.20","10015.75","9959.45","9988.75"
"Tue Oct 10 2017 00:00:00 GMT+0530 (India Standard Time)","10013.70","10034.00","10002.29","10016.95"
"Wed Oct 11 2017 00:00:00 GMT+0530 (India Standard Time)","10042.60","10067.25","9955.79","9984.80"
"Thu Oct 12 2017 00:00:00 GMT+0530 (India Standard Time)","10011.20","10104.45","9977.10","10096.40"
"Fri Oct 13 2017 00:00:00 GMT+0530 (India Standard Time)","10123.70","10191.90","10120.10","10167.45"
"Mon Oct 16 2017 00:00:00 GMT+0530 (India Standard Time)","10207.40","10242.95","10175.10","10230.85"
"Tue Oct 17 2017 00:00:00 GMT+0530 (India Standard Time)","10227.65","10251.85","10212.60","10234.45"
"Wed Oct 18 2017 00:00:00 GMT+0530 (India Standard Time)","10209.40","10236.45","10175.75","10210.85"
"Thu Oct 19 2017 00:00:00 GMT+0530 (India Standard Time)","10210.35","10211.95","10123.35","10146.55"
"Mon Oct 23 2017 00:00:00 GMT+0530 (India Standard Time)","10176.65","10224.15","10124.50","10184.85"
"Tue Oct 24 2017 00:00:00 GMT+0530 (India Standard Time)","10218.54","10237.75","10182.40","10207.70"
"Wed Oct 25 2017 00:00:00 GMT+0530 (India Standard Time)","10321.15","10340.55","10240.90","10295.35"
"Thu Oct 26 2017 00:00:00 GMT+0530 (India Standard Time)","10291.79","10355.65","10271.85","10343.80"
"Fri Oct 27 2017 00:00:00 GMT+0530 (India Standard Time)","10362.29","10366.15","10311.29","10323.05"
"Mon Oct 30 2017 00:00:00 GMT+0530 (India Standard Time)","10353.85","10384.50","10344.29","10363.65"
"Tue Oct 31 2017 00:00:00 GMT+0530 (India Standard Time)","10364.90","10367.70","10323.95","10335.30"
"Wed Nov 01 2017 00:00:00 GMT+0530 (India Standard Time)","10390.35","10451.65","10383.04","10440.50"
"Thu Nov 02 2017 00:00:00 GMT+0530 (India Standard Time)","10440.50","10453.00","10412.54","10423.80"
"Fri Nov 03 2017 00:00:00 GMT+0530 (India Standard Time)","10461.54","10461.70","10403.60","10452.50"
"Mon Nov 06 2017 00:00:00 GMT+0530 (India Standard Time)","10431.75","10490.45","10413.75","10451.80"
"Tue Nov 07 2017 00:00:00 GMT+0530 (India Standard Time)","10477.15","10485.75","10340.79","10350.15"
"Wed Nov 08 2017 00:00:00 GMT+0530 (India Standard Time)","10361.95","10384.25","10285.50","10303.15"
"Thu Nov 09 2017 00:00:00 GMT+0530 (India Standard Time)","10358.65","10368.45","10266.95","10308.95"
"Fri Nov 10 2017 00:00:00 GMT+0530 (India Standard Time)","10304.35","10344.95","10254.10","10321.75"
"Mon Nov 13 2017 00:00:00 GMT+0530 (India Standard Time)","10322.00","10334.15","10216.25","10224.95"
"Tue Nov 14 2017 00:00:00 GMT+0530 (India Standard Time)","10223.40","10248.00","10175.54","10186.60"
"Wed Nov 15 2017 00:00:00 GMT+0530 (India Standard Time)","10171.95","10175.45","10094.00","10118.05"
"Thu Nov 16 2017 00:00:00 GMT+0530 (India Standard Time)","10152.90","10232.25","10139.20","10214.75"
"Fri Nov 17 2017 00:00:00 GMT+0530 (India Standard Time)","10324.54","10343.60","10268.04","10283.60"
"Mon Nov 20 2017 00:00:00 GMT+0530 (India Standard Time)","10287.20","10309.85","10261.50","10298.75"
"Tue Nov 21 2017 00:00:00 GMT+0530 (India Standard Time)","10329.25","10358.70","10315.04","10326.90"
"Wed Nov 22 2017 00:00:00 GMT+0530 (India Standard Time)","10350.79","10368.70","10309.54","10342.30"
"Thu Nov 23 2017 00:00:00 GMT+0530 (India Standard Time)","10358.45","10374.30","10307.29","10348.75"
"Fri Nov 24 2017 00:00:00 GMT+0530 (India Standard Time)","10366.79","10404.50","10362.25","10389.70"
"Mon Nov 27 2017 00:00:00 GMT+0530 (India Standard Time)","10361.04","10407.15","10340.20","10399.55"
"Tue Nov 28 2017 00:00:00 GMT+0530 (India Standard Time)","10387.90","10409.55","10355.20","10370.25"
"Wed Nov 29 2017 00:00:00 GMT+0530 (India Standard Time)","10376.65","10392.95","10345.90","10361.30"
"Thu Nov 30 2017 00:00:00 GMT+0530 (India Standard Time)","10332.70","10332.70","10211.25","10226.55"
"Fri Dec 01 2017 00:00:00 GMT+0530 (India Standard Time)","10263.70","10272.70","10108.54","10121.80"
"Mon Dec 04 2017 00:00:00 GMT+0530 (India Standard Time)","10175.04","10179.20","10095.70","10127.75"
"Tue Dec 05 2017 00:00:00 GMT+0530 (India Standard Time)","10118.25","10147.95","10069.10","10118.25"
"Wed Dec 06 2017 00:00:00 GMT+0530 (India Standard Time)","10088.79","10104.20","10033.35","10044.10"
"Thu Dec 07 2017 00:00:00 GMT+0530 (India Standard Time)","10063.45","10182.65","10061.90","10166.70"
"Fri Dec 08 2017 00:00:00 GMT+0530 (India Standard Time)","10198.45","10270.85","10195.25","10265.65"
"Mon Dec 11 2017 00:00:00 GMT+0530 (India Standard Time)","10310.50","10329.20","10282.04","10322.25"
"Tue Dec 12 2017 00:00:00 GMT+0530 (India Standard Time)","10324.90","10326.10","10230.20","10240.15"
"Wed Dec 13 2017 00:00:00 GMT+0530 (India Standard Time)","10236.60","10296.55","10169.85","10192.95"
"Thu Dec 14 2017 00:00:00 GMT+0530 (India Standard Time)","10229.29","10276.10","10141.54","10252.10"
"Fri Dec 15 2017 00:00:00 GMT+0530 (India Standard Time)","10345.65","10373.10","10319.65","10333.25"
"Mon Dec 18 2017 00:00:00 GMT+0530 (India Standard Time)","10263.10","10443.55","10074.79","10388.75"
"Tue Dec 19 2017 00:00:00 GMT+0530 (India Standard Time)","10414.79","10472.20","10406.00","10463.20"
"Wed Dec 20 2017 00:00:00 GMT+0530 (India Standard Time)","10494.40","10494.45","10437.15","10444.20"
"Thu Dec 21 2017 00:00:00 GMT+0530 (India Standard Time)","10473.95","10473.95","10426.90","10440.30"
"Fri Dec 22 2017 00:00:00 GMT+0530 (India Standard Time)","10457.29","10501.10","10448.25","10493.00"
"Tue Dec 26 2017 00:00:00 GMT+0530 (India Standard Time)","10512.30","10545.45","10477.95","10531.50"
"Wed Dec 27 2017 00:00:00 GMT+0530 (India Standard Time)","10531.05","10552.40","10469.25","10490.75"
"Thu Dec 28 2017 00:00:00 GMT+0530 (India Standard Time)","10498.20","10534.55","10460.45","10477.90"
"Fri Dec 29 2017 00:00:00 GMT+0530 (India Standard Time)","10492.35","10538.70","10488.65","10530.70"
"Mon Jan 01 2018 00:00:00 GMT+0530 (India Standard Time)","10531.70","10537.85","10423.10","10435.55"
"Tue Jan 02 2018 00:00:00 GMT+0530 (India Standard Time)","10477.54","10495.20","10404.65","10442.20"
"Wed Jan 03 2018 00:00:00 GMT+0530 (India Standard Time)","10482.65","10503.60","10429.54","10443.20"
"Thu Jan 04 2018 00:00:00 GMT+0530 (India Standard Time)","10469.40","10513.00","10441.45","10504.80"
"Fri Jan 05 2018 00:00:00 GMT+0530 (India Standard Time)","10534.25","10566.10","10520.10","10558.85"
"Mon Jan 08 2018 00:00:00 GMT+0530 (India Standard Time)","10591.70","10631.20","10588.55","10623.60"
"Tue Jan 09 2018 00:00:00 GMT+0530 (India Standard Time)","10645.10","10659.15","10603.60","10637.00"
"Wed Jan 10 2018 00:00:00 GMT+0530 (India Standard Time)","10652.05","10655.50","10592.70","10632.20"
"Thu Jan 11 2018 00:00:00 GMT+0530 (India Standard Time)","10637.05","10664.60","10612.35","10651.20"
"Fri Jan 12 2018 00:00:00 GMT+0530 (India Standard Time)","10682.55","10690.40","10597.10","10681.25"
"Mon Jan 15 2018 00:00:00 GMT+0530 (India Standard Time)","10718.50","10782.65","10713.80","10741.55"
"Tue Jan 16 2018 00:00:00 GMT+0530 (India Standard Time)","10761.50","10762.35","10687.85","10700.45"
"Wed Jan 17 2018 00:00:00 GMT+0530 (India Standard Time)","10702.45","10803.00","10666.75","10788.55"
"Thu Jan 18 2018 00:00:00 GMT+0530 (India Standard Time)","10873.40","10887.50","10782.40","10817.00"
"Fri Jan 19 2018 00:00:00 GMT+0530 (India Standard Time)","10829.20","10906.85","10793.90","10894.70"
"Mon Jan 22 2018 00:00:00 GMT+0530 (India Standard Time)","10883.20","10975.10","10881.40","10966.20"
"Tue Jan 23 2018 00:00:00 GMT+0530 (India Standard Time)","10997.40","11092.90","10994.55","11083.70"
"Wed Jan 24 2018 00:00:00 GMT+0530 (India Standard Time)","11069.35","11110.10","11046.15","11086.00"
"Thu Jan 25 2018 00:00:00 GMT+0530 (India Standard Time)","11095.60","11095.60","11009.20","11069.65"
"Mon Jan 29 2018 00:00:00 GMT+0530 (India Standard Time)","11079.35","11171.55","11075.95","11130.40"
"Tue Jan 30 2018 00:00:00 GMT+0530 (India Standard Time)","11120.85","11121.10","11033.90","11049.65"
"Wed Jan 31 2018 00:00:00 GMT+0530 (India Standard Time)","11018.80","11058.50","10979.30","11027.70"
"Thu Feb 01 2018 00:00:00 GMT+0530 (India Standard Time)","11044.55","11117.35","10878.80","11016.90"
"Fri Feb 02 2018 00:00:00 GMT+0530 (India Standard Time)","10938.20","10954.95","10736.10","10760.60"
"Mon Feb 05 2018 00:00:00 GMT+0530 (India Standard Time)","10604.30","10702.75","10586.80","10666.55"
"Tue Feb 06 2018 00:00:00 GMT+0530 (India Standard Time)","10295.15","10594.15","10276.29","10498.25"
"Wed Feb 07 2018 00:00:00 GMT+0530 (India Standard Time)","10607.20","10614.00","10446.40","10476.70"
"Thu Feb 08 2018 00:00:00 GMT+0530 (India Standard Time)","10518.50","10637.80","10479.54","10576.85"
"Fri Feb 09 2018 00:00:00 GMT+0530 (India Standard Time)","10416.50","10480.20","10398.20","10454.95"
"Mon Feb 12 2018 00:00:00 GMT+0530 (India Standard Time)","10518.20","10555.50","10485.40","10539.75"
"Wed Feb 14 2018 00:00:00 GMT+0530 (India Standard Time)","10585.75","10590.55","10456.65","10500.90"
"Thu Feb 15 2018 00:00:00 GMT+0530 (India Standard Time)","10537.90","10618.10","10511.05","10545.50"
"Fri Feb 16 2018 00:00:00 GMT+0530 (India Standard Time)","10596.20","10612.90","10434.04","10452.30"
"Mon Feb 19 2018 00:00:00 GMT+0530 (India Standard Time)","10488.90","10489.35","10302.75","10378.40"
"Tue Feb 20 2018 00:00:00 GMT+0530 (India Standard Time)","10391.00","10429.35","10347.65","10360.40"
"Wed Feb 21 2018 00:00:00 GMT+0530 (India Standard Time)","10426.00","10426.10","10349.60","10397.45"
"Thu Feb 22 2018 00:00:00 GMT+0530 (India Standard Time)","10354.35","10397.55","10340.65","10382.70"
"Fri Feb 23 2018 00:00:00 GMT+0530 (India Standard Time)","10408.10","10499.10","10396.65","10491.05"
"Mon Feb 26 2018 00:00:00 GMT+0530 (India Standard Time)","10526.55","10592.95","10520.20","10582.60"
"Tue Feb 27 2018 00:00:00 GMT+0530 (India Standard Time)","10615.20","10631.65","10537.25","10554.30"
"Wed Feb 28 2018 00:00:00 GMT+0530 (India Standard Time)","10488.95","10535.50","10461.54","10492.85"
"Thu Mar 01 2018 00:00:00 GMT+0530 (India Standard Time)","10479.95","10525.50","10447.15","10458.35"
"Mon Mar 05 2018 00:00:00 GMT+0530 (India Standard Time)","10428.29","10428.70","10323.90","10358.85"
"Tue Mar 06 2018 00:00:00 GMT+0530 (India Standard Time)","10420.50","10441.35","10215.90","10249.25"
"Wed Mar 07 2018 00:00:00 GMT+0530 (India Standard Time)","10232.95","10243.35","10141.54","10154.20"
"Thu Mar 08 2018 00:00:00 GMT+0530 (India Standard Time)","10216.25","10270.35","10146.40","10242.65"
"Fri Mar 09 2018 00:00:00 GMT+0530 (India Standard Time)","10271.29","10296.70","10211.90","10226.85"
"Mon Mar 12 2018 00:00:00 GMT+0530 (India Standard Time)","10301.60","10433.65","10295.45","10421.40"
"Tue Mar 13 2018 00:00:00 GMT+0530 (India Standard Time)","10389.50","10478.60","10377.85","10426.85"
"Wed Mar 14 2018 00:00:00 GMT+0530 (India Standard Time)","10393.04","10420.35","10336.29","10410.90"
"Thu Mar 15 2018 00:00:00 GMT+0530 (India Standard Time)","10405.45","10420.00","10346.20","10360.15"
"Fri Mar 16 2018 00:00:00 GMT+0530 (India Standard Time)","10345.15","10346.30","10180.25","10195.15"
"Mon Mar 19 2018 00:00:00 GMT+0530 (India Standard Time)","10215.35","10224.55","10075.29","10094.25"
"Tue Mar 20 2018 00:00:00 GMT+0530 (India Standard Time)","10051.54","10155.65","10049.10","10124.35"
"Wed Mar 21 2018 00:00:00 GMT+0530 (India Standard Time)","10181.95","10227.30","10132.95","10155.25"
"Thu Mar 22 2018 00:00:00 GMT+0530 (India Standard Time)","10167.50","10207.85","10105.40","10114.75"
"Fri Mar 23 2018 00:00:00 GMT+0530 (India Standard Time)","9968.79","10027.70","9951.90","9998.05"
"Mon Mar 26 2018 00:00:00 GMT+0530 (India Standard Time)","9989.15","10143.50","9958.54","10130.65"
"Tue Mar 27 2018 00:00:00 GMT+0530 (India Standard Time)","10188.00","10207.90","10139.65","10184.15"
"Wed Mar 28 2018 00:00:00 GMT+0530 (India Standard Time)","10143.60","10158.35","10096.90","10113.70"
"Mon Apr 02 2018 00:00:00 GMT+0530 (India Standard Time)","10151.65","10220.10","10127.75","10211.80"
"Tue Apr 03 2018 00:00:00 GMT+0530 (India Standard Time)","10186.85","10255.35","10171.04","10245.00"
"Wed Apr 04 2018 00:00:00 GMT+0530 (India Standard Time)","10274.60","10279.85","10111.29","10128.40"
"Thu Apr 05 2018 00:00:00 GMT+0530 (India Standard Time)","10228.45","10331.80","10227.45","10325.15"
"Fri Apr 06 2018 00:00:00 GMT+0530 (India Standard Time)","10322.75","10350.45","10290.85","10331.60"
"Mon Apr 09 2018 00:00:00 GMT+0530 (India Standard Time)","10333.70","10397.70","10328.50","10379.35"
"Tue Apr 10 2018 00:00:00 GMT+0530 (India Standard Time)","10412.90","10424.85","10381.50","10402.25"
"Wed Apr 11 2018 00:00:00 GMT+0530 (India Standard Time)","10428.15","10428.15","10355.60","10417.15"
"Thu Apr 12 2018 00:00:00 GMT+0530 (India Standard Time)","10410.65","10469.90","10395.25","10458.65"
"Fri Apr 13 2018 00:00:00 GMT+0530 (India Standard Time)","10495.30","10519.90","10451.45","10480.60"
"Mon Apr 16 2018 00:00:00 GMT+0530 (India Standard Time)","10398.29","10540.15","10396.35","10528.35"
"Tue Apr 17 2018 00:00:00 GMT+0530 (India Standard Time)","10557.30","10560.45","10495.65","10548.70"
"Wed Apr 18 2018 00:00:00 GMT+0530 (India Standard Time)","10578.90","10594.20","10509.70","10526.20"
"Thu Apr 19 2018 00:00:00 GMT+0530 (India Standard Time)","10563.65","10572.20","10546.20","10565.30"
"Fri Apr 20 2018 00:00:00 GMT+0530 (India Standard Time)","10560.35","10582.35","10527.45","10564.05"
"Mon Apr 23 2018 00:00:00 GMT+0530 (India Standard Time)","10592.80","10638.35","10514.95","10584.70"
"Tue Apr 24 2018 00:00:00 GMT+0530 (India Standard Time)","10578.10","10636.80","10569.00","10614.35"
"Wed Apr 25 2018 00:00:00 GMT+0530 (India Standard Time)","10612.40","10612.60","10536.45","10570.55"
"Thu Apr 26 2018 00:00:00 GMT+0530 (India Standard Time)","10586.50","10628.40","10559.65","10617.80"
"Fri Apr 27 2018 00:00:00 GMT+0530 (India Standard Time)","10651.65","10719.80","10647.55","10692.30"
"Mon Apr 30 2018 00:00:00 GMT+0530 (India Standard Time)","10705.75","10759.00","10704.60","10739.35"
"Wed May 02 2018 00:00:00 GMT+0530 (India Standard Time)","10783.85","10784.65","10689.80","10718.05"
"Thu May 03 2018 00:00:00 GMT+0530 (India Standard Time)","10720.15","10720.60","10647.45","10679.65"
"Fri May 04 2018 00:00:00 GMT+0530 (India Standard Time)","10700.45","10700.45","10601.60","10618.25"
"Mon May 07 2018 00:00:00 GMT+0530 (India Standard Time)","10653.15","10725.65","10635.65","10715.50"
"Tue May 08 2018 00:00:00 GMT+0530 (India Standard Time)","10757.90","10758.55","10689.40","10717.80"
"Wed May 09 2018 00:00:00 GMT+0530 (India Standard Time)","10693.35","10766.25","10689.85","10741.70"
"Thu May 10 2018 00:00:00 GMT+0530 (India Standard Time)","10779.65","10785.55","10705.00","10716.55"
"Fri May 11 2018 00:00:00 GMT+0530 (India Standard Time)","10741.95","10812.05","10724.45","10806.50"
"Mon May 14 2018 00:00:00 GMT+0530 (India Standard Time)","10815.15","10834.85","10774.75","10806.60"
"Tue May 15 2018 00:00:00 GMT+0530 (India Standard Time)","10812.60","10929.20","10781.40","10801.85"
"Wed May 16 2018 00:00:00 GMT+0530 (India Standard Time)","10751.95","10790.45","10699.70","10741.10"
"Thu May 17 2018 00:00:00 GMT+0530 (India Standard Time)","10775.60","10777.25","10664.50","10682.70"
"Fri May 18 2018 00:00:00 GMT+0530 (India Standard Time)","10671.85","10674.95","10589.10","10596.40"
"Mon May 21 2018 00:00:00 GMT+0530 (India Standard Time)","10616.70","10621.70","10505.80","10516.70"
"Tue May 22 2018 00:00:00 GMT+0530 (India Standard Time)","10518.45","10558.60","10490.55","10536.70"
"Wed May 23 2018 00:00:00 GMT+0530 (India Standard Time)","10521.10","10533.55","10417.79","10430.35"
"Thu May 24 2018 00:00:00 GMT+0530 (India Standard Time)","10464.85","10535.15","10419.79","10513.85"
"Fri May 25 2018 00:00:00 GMT+0530 (India Standard Time)","10533.05","10628.05","10524.00","10605.15"
"Mon May 28 2018 00:00:00 GMT+0530 (India Standard Time)","10648.35","10709.80","10640.55","10688.65"
"Tue May 29 2018 00:00:00 GMT+0530 (India Standard Time)","10689.40","10717.25","10616.10","10633.30"
"Wed May 30 2018 00:00:00 GMT+0530 (India Standard Time)","10579.00","10648.70","10558.45","10614.35"
"Thu May 31 2018 00:00:00 GMT+0530 (India Standard Time)","10670.10","10763.80","10620.40","10736.15"
"Fri Jun 01 2018 00:00:00 GMT+0530 (India Standard Time)","10738.45","10764.75","10681.50","10696.20"
"Mon Jun 04 2018 00:00:00 GMT+0530 (India Standard Time)","10765.95","10770.30","10618.35","10628.50"
"Tue Jun 05 2018 00:00:00 GMT+0530 (India Standard Time)","10630.70","10633.15","10550.90","10593.15"
"Wed Jun 06 2018 00:00:00 GMT+0530 (India Standard Time)","10603.45","10698.35","10587.50","10684.65"
"Thu Jun 07 2018 00:00:00 GMT+0530 (India Standard Time)","10722.60","10818.00","10722.60","10768.35"
"Fri Jun 08 2018 00:00:00 GMT+0530 (India Standard Time)","10736.40","10779.45","10709.05","10767.65"
"Mon Jun 11 2018 00:00:00 GMT+0530 (India Standard Time)","10781.85","10850.55","10777.05","10786.95"
"Tue Jun 12 2018 00:00:00 GMT+0530 (India Standard Time)","10816.15","10856.55","10789.40","10842.85"
"Wed Jun 13 2018 00:00:00 GMT+0530 (India Standard Time)","10887.50","10893.25","10842.65","10856.70"
"Thu Jun 14 2018 00:00:00 GMT+0530 (India Standard Time)","10832.90","10833.70","10773.55","10808.05"
"Fri Jun 15 2018 00:00:00 GMT+0530 (India Standard Time)","10808.65","10834.00","10755.40","10817.70"
"Mon Jun 18 2018 00:00:00 GMT+0530 (India Standard Time)","10830.20","10830.20","10787.35","10799.85"
"Tue Jun 19 2018 00:00:00 GMT+0530 (India Standard Time)","10789.45","10789.45","10701.20","10710.45"
"Wed Jun 20 2018 00:00:00 GMT+0530 (India Standard Time)","10734.65","10781.80","10724.05","10772.05"
"Thu Jun 21 2018 00:00:00 GMT+0530 (India Standard Time)","10808.45","10809.60","10725.90","10741.10"
"Fri Jun 22 2018 00:00:00 GMT+0530 (India Standard Time)","10742.70","10837.00","10710.45","10821.85"
"Mon Jun 25 2018 00:00:00 GMT+0530 (India Standard Time)","10822.90","10831.05","10753.05","10762.45"
"Tue Jun 26 2018 00:00:00 GMT+0530 (India Standard Time)","10742.70","10805.25","10732.55","10769.15"
"Wed Jun 27 2018 00:00:00 GMT+0530 (India Standard Time)","10785.50","10785.50","10652.40","10671.40"
"Thu Jun 28 2018 00:00:00 GMT+0530 (India Standard Time)","10660.80","10674.20","10557.70","10589.10"
"Fri Jun 29 2018 00:00:00 GMT+0530 (India Standard Time)","10612.85","10723.05","10612.35","10714.30"
"Mon Jul 02 2018 00:00:00 GMT+0530 (India Standard Time)","10732.35","10736.15","10604.65","10657.30"
"Tue Jul 03 2018 00:00:00 GMT+0530 (India Standard Time)","10668.60","10713.30","10630.25","10699.90"
"Wed Jul 04 2018 00:00:00 GMT+0530 (India Standard Time)","10715.00","10777.15","10677.75","10769.90"
"Thu Jul 05 2018 00:00:00 GMT+0530 (India Standard Time)","10786.05","10786.05","10726.25","10749.75"
"Fri Jul 06 2018 00:00:00 GMT+0530 (India Standard Time)","10744.15","10816.35","10735.05","10772.65"
"Mon Jul 09 2018 00:00:00 GMT+0530 (India Standard Time)","10838.30","10860.35","10807.15","10852.90"
"Tue Jul 10 2018 00:00:00 GMT+0530 (India Standard Time)","10902.75","10956.90","10876.65","10947.25"
"Wed Jul 11 2018 00:00:00 GMT+0530 (India Standard Time)","10956.40","10976.65","10923.00","10948.30"
"Thu Jul 12 2018 00:00:00 GMT+0530 (India Standard Time)","11006.95","11078.30","10999.65","11023.20"
"Fri Jul 13 2018 00:00:00 GMT+0530 (India Standard Time)","11056.90","11071.35","10999.75","11018.90"
"Mon Jul 16 2018 00:00:00 GMT+0530 (India Standard Time)","11018.95","11019.50","10926.25","10936.85"
"Tue Jul 17 2018 00:00:00 GMT+0530 (India Standard Time)","10939.65","11018.50","10925.60","11008.05"
"Wed Jul 18 2018 00:00:00 GMT+0530 (India Standard Time)","11060.20","11076.20","10956.30","10980.45"
"Thu Jul 19 2018 00:00:00 GMT+0530 (India Standard Time)","10999.50","11006.50","10935.45","10957.10"
"Fri Jul 20 2018 00:00:00 GMT+0530 (India Standard Time)","10963.50","11030.25","10946.20","11010.20"
"Mon Jul 23 2018 00:00:00 GMT+0530 (India Standard Time)","11019.85","11093.40","11010.95","11084.75"
"Tue Jul 24 2018 00:00:00 GMT+0530 (India Standard Time)","11109.00","11143.40","11092.50","11134.30"
"Wed Jul 25 2018 00:00:00 GMT+0530 (India Standard Time)","11148.40","11157.15","11113.25","11132.00"
"Thu Jul 26 2018 00:00:00 GMT+0530 (India Standard Time)","11132.95","11185.85","11125.70","11167.30"
"Fri Jul 27 2018 00:00:00 GMT+0530 (India Standard Time)","11232.75","11283.40","11210.25","11278.35"
"Mon Jul 30 2018 00:00:00 GMT+0530 (India Standard Time)","11296.65","11328.10","11261.45","11319.55"
"Tue Jul 31 2018 00:00:00 GMT+0530 (India Standard Time)","11311.05","11366.00","11267.75","11356.50"
"Wed Aug 01 2018 00:00:00 GMT+0530 (India Standard Time)","11359.80","11390.55","11313.55","11346.20"
"Thu Aug 02 2018 00:00:00 GMT+0530 (India Standard Time)","11328.90","11328.90","11234.95","11244.70"
"Fri Aug 03 2018 00:00:00 GMT+0530 (India Standard Time)","11297.80","11368.00","11294.55","11360.80"
"Mon Aug 06 2018 00:00:00 GMT+0530 (India Standard Time)","11401.50","11427.65","11370.60","11387.10"
"Tue Aug 07 2018 00:00:00 GMT+0530 (India Standard Time)","11423.15","11428.95","11359.70","11389.45"
"Wed Aug 08 2018 00:00:00 GMT+0530 (India Standard Time)","11412.50","11459.95","11379.30","11450.00"
"Thu Aug 09 2018 00:00:00 GMT+0530 (India Standard Time)","11493.25","11495.20","11454.10","11470.70"
"Fri Aug 10 2018 00:00:00 GMT+0530 (India Standard Time)","11474.95","11478.75","11419.65","11429.50"
"Mon Aug 13 2018 00:00:00 GMT+0530 (India Standard Time)","11369.60","11406.30","11340.30","11355.75"
"Tue Aug 14 2018 00:00:00 GMT+0530 (India Standard Time)","11381.70","11452.45","11370.80","11435.10"
"Thu Aug 16 2018 00:00:00 GMT+0530 (India Standard Time)","11397.15","11449.85","11366.25","11385.05"
"Fri Aug 17 2018 00:00:00 GMT+0530 (India Standard Time)","11437.15","11486.45","11431.80","11470.75"
"Mon Aug 20 2018 00:00:00 GMT+0530 (India Standard Time)","11502.10","11565.30","11499.65","11551.75"
"Tue Aug 21 2018 00:00:00 GMT+0530 (India Standard Time)","11576.20","11581.75","11539.60","11570.90"
"Thu Aug 23 2018 00:00:00 GMT+0530 (India Standard Time)","11620.70","11620.70","11546.70","11582.75"
"Fri Aug 24 2018 00:00:00 GMT+0530 (India Standard Time)","11566.60","11604.60","11532.00","11557.10"
"Mon Aug 27 2018 00:00:00 GMT+0530 (India Standard Time)","11605.85","11700.95","11595.60","11691.95"
"Tue Aug 28 2018 00:00:00 GMT+0530 (India Standard Time)","11731.95","11760.20","11710.50","11738.50"
"Wed Aug 29 2018 00:00:00 GMT+0530 (India Standard Time)","11744.95","11753.20","11678.85","11691.90"
"Thu Aug 30 2018 00:00:00 GMT+0530 (India Standard Time)","11694.75","11698.80","11639.70","11676.80"
"Fri Aug 31 2018 00:00:00 GMT+0530 (India Standard Time)","11675.85","11727.65","11640.10","11680.50"
"Mon Sep 03 2018 00:00:00 GMT+0530 (India Standard Time)","11751.80","11751.80","11567.40","11582.35"
"Tue Sep 04 2018 00:00:00 GMT+0530 (India Standard Time)","11598.75","11602.55","11496.85","11520.30"
"Wed Sep 05 2018 00:00:00 GMT+0530 (India Standard Time)","11514.85","11542.65","11393.85","11476.95"
"Thu Sep 06 2018 00:00:00 GMT+0530 (India Standard Time)","11514.15","11562.25","11436.05","11536.90"
"Fri Sep 07 2018 00:00:00 GMT+0530 (India Standard Time)","11558.25","11603.00","11484.40","11589.10"
"Mon Sep 10 2018 00:00:00 GMT+0530 (India Standard Time)","11570.25","11573.00","11427.30","11438.10"
"Tue Sep 11 2018 00:00:00 GMT+0530 (India Standard Time)","11476.85","11479.40","11274.00","11287.50"
"Wed Sep 12 2018 00:00:00 GMT+0530 (India Standard Time)","11340.10","11380.75","11250.20","11369.90"
"Fri Sep 14 2018 00:00:00 GMT+0530 (India Standard Time)","11443.50","11523.25","11430.55","11515.20"
"Mon Sep 17 2018 00:00:00 GMT+0530 (India Standard Time)","11464.95","11464.95","11366.90","11377.75"
"Tue Sep 18 2018 00:00:00 GMT+0530 (India Standard Time)","11381.55","11411.45","11268.95","11278.90"
"Wed Sep 19 2018 00:00:00 GMT+0530 (India Standard Time)","11326.65","11332.05","11210.90","11234.35"
"Fri Sep 21 2018 00:00:00 GMT+0530 (India Standard Time)","11271.30","11346.80","10866.45","11143.10"
"Mon Sep 24 2018 00:00:00 GMT+0530 (India Standard Time)","11164.40","11170.15","10943.60","10967.40"
"Tue Sep 25 2018 00:00:00 GMT+0530 (India Standard Time)","10969.95","11080.60","10882.85","11067.45"
"Wed Sep 26 2018 00:00:00 GMT+0530 (India Standard Time)","11145.55","11145.55","10993.05","11053.80"
"Thu Sep 27 2018 00:00:00 GMT+0530 (India Standard Time)","11079.80","11089.45","10953.35","10977.55"
"Fri Sep 28 2018 00:00:00 GMT+0530 (India Standard Time)","11008.10","11034.10","10850.30","10930.45"
"Mon Oct 01 2018 00:00:00 GMT+0530 (India Standard Time)","10930.90","11035.65","10821.55","11008.30"
"Wed Oct 03 2018 00:00:00 GMT+0530 (India Standard Time)","10982.70","10989.05","10843.75","10858.25"
"Thu Oct 04 2018 00:00:00 GMT+0530 (India Standard Time)","10754.70","10754.70","10547.25","10599.25"
"Fri Oct 05 2018 00:00:00 GMT+0530 (India Standard Time)","10514.10","10540.65","10261.90","10316.45"
"Mon Oct 08 2018 00:00:00 GMT+0530 (India Standard Time)","10310.15","10398.35","10198.40","10348.05"
"Tue Oct 09 2018 00:00:00 GMT+0530 (India Standard Time)","10390.29","10397.60","10279.35","10301.05"
"Wed Oct 10 2018 00:00:00 GMT+0530 (India Standard Time)","10331.85","10482.35","10318.25","10460.10"
"Thu Oct 11 2018 00:00:00 GMT+0530 (India Standard Time)","10169.79","10335.95","10138.60","10234.65"
"Fri Oct 12 2018 00:00:00 GMT+0530 (India Standard Time)","10331.54","10492.45","10322.15","10472.50"
"Mon Oct 15 2018 00:00:00 GMT+0530 (India Standard Time)","10524.20","10526.30","10410.15","10512.50"
"Tue Oct 16 2018 00:00:00 GMT+0530 (India Standard Time)","10550.15","10604.90","10525.30","10584.75"
"Wed Oct 17 2018 00:00:00 GMT+0530 (India Standard Time)","10688.70","10710.15","10436.45","10453.05"
"Fri Oct 19 2018 00:00:00 GMT+0530 (India Standard Time)","10339.70","10380.10","10249.60","10303.55"
"Mon Oct 22 2018 00:00:00 GMT+0530 (India Standard Time)","10405.85","10408.55","10224.00","10245.25"
"Tue Oct 23 2018 00:00:00 GMT+0530 (India Standard Time)","10152.60","10222.10","10102.35","10146.80"
"Wed Oct 24 2018 00:00:00 GMT+0530 (India Standard Time)","10278.15","10290.65","10126.70","10224.75"
"Thu Oct 25 2018 00:00:00 GMT+0530 (India Standard Time)","10135.04","10166.60","10079.29","10124.90"
"Fri Oct 26 2018 00:00:00 GMT+0530 (India Standard Time)","10122.35","10128.85","10004.54","10030.00"
"Mon Oct 29 2018 00:00:00 GMT+0530 (India Standard Time)","10078.10","10275.30","10020.35","10250.85"
"Tue Oct 30 2018 00:00:00 GMT+0530 (India Standard Time)","10239.40","10285.10","10175.35","10198.40"
"Wed Oct 31 2018 00:00:00 GMT+0530 (India Standard Time)","10209.54","10396.00","10105.10","10386.60"
"Thu Nov 01 2018 00:00:00 GMT+0530 (India Standard Time)","10441.70","10441.90","10341.90","10380.45"
"Fri Nov 02 2018 00:00:00 GMT+0530 (India Standard Time)","10462.29","10606.95","10457.70","10553.00"
"Mon Nov 05 2018 00:00:00 GMT+0530 (India Standard Time)","10558.75","10558.80","10477.00","10524.00"
"Tue Nov 06 2018 00:00:00 GMT+0530 (India Standard Time)","10552.00","10600.25","10491.45","10530.00"
"Wed Nov 07 2018 00:00:00 GMT+0530 (India Standard Time)","10614.45","10616.45","10582.30","10598.40"
"Fri Nov 09 2018 00:00:00 GMT+0530 (India Standard Time)","10614.70","10619.55","10544.85","10585.20"
"Mon Nov 12 2018 00:00:00 GMT+0530 (India Standard Time)","10607.80","10645.50","10464.04","10482.20"
"Tue Nov 13 2018 00:00:00 GMT+0530 (India Standard Time)","10451.90","10596.25","10440.54","10582.50"
"Wed Nov 14 2018 00:00:00 GMT+0530 (India Standard Time)","10634.90","10651.60","10532.70","10576.30"
"Thu Nov 15 2018 00:00:00 GMT+0530 (India Standard Time)","10580.60","10646.50","10557.50","10616.70"
"Fri Nov 16 2018 00:00:00 GMT+0530 (India Standard Time)","10644.00","10695.15","10631.15","10682.20"
"Mon Nov 19 2018 00:00:00 GMT+0530 (India Standard Time)","10731.25","10774.70","10688.80","10763.40"
"Tue Nov 20 2018 00:00:00 GMT+0530 (India Standard Time)","10740.10","10740.85","10640.85","10656.20"
"Wed Nov 21 2018 00:00:00 GMT+0530 (India Standard Time)","10670.95","10671.30","10562.35","10600.05"
"Thu Nov 22 2018 00:00:00 GMT+0530 (India Standard Time)","10612.65","10646.25","10512.00","10526.75"
"Mon Nov 26 2018 00:00:00 GMT+0530 (India Standard Time)","10568.30","10637.80","10489.75","10628.60"
"Tue Nov 27 2018 00:00:00 GMT+0530 (India Standard Time)","10621.45","10695.15","10596.35","10685.60"
"Wed Nov 28 2018 00:00:00 GMT+0530 (India Standard Time)","10708.75","10757.80","10699.85","10728.85"
"Thu Nov 29 2018 00:00:00 GMT+0530 (India Standard Time)","10808.70","10883.05","10782.35","10858.70"
"Fri Nov 30 2018 00:00:00 GMT+0530 (India Standard Time)","10892.10","10922.45","10835.10","10876.75"
"Mon Dec 03 2018 00:00:00 GMT+0530 (India Standard Time)","10930.70","10941.20","10845.35","10883.75"
"Tue Dec 04 2018 00:00:00 GMT+0530 (India Standard Time)","10877.10","10890.95","10833.35","10869.50"
"Wed Dec 05 2018 00:00:00 GMT+0530 (India Standard Time)","10820.45","10821.05","10747.95","10782.90"
"Thu Dec 06 2018 00:00:00 GMT+0530 (India Standard Time)","10718.15","10722.65","10588.25","10601.15"
"Fri Dec 07 2018 00:00:00 GMT+0530 (India Standard Time)","10644.80","10704.55","10599.35","10693.70"
"Mon Dec 10 2018 00:00:00 GMT+0530 (India Standard Time)","10508.70","10558.85","10474.95","10488.45"
"Tue Dec 11 2018 00:00:00 GMT+0530 (India Standard Time)","10350.04","10567.15","10333.85","10549.15"
"Wed Dec 12 2018 00:00:00 GMT+0530 (India Standard Time)","10591.00","10752.20","10560.80","10737.60"
"Thu Dec 13 2018 00:00:00 GMT+0530 (India Standard Time)","10810.75","10838.60","10749.50","10791.55"
"Fri Dec 14 2018 00:00:00 GMT+0530 (India Standard Time)","10784.50","10815.75","10752.10","10805.45"
"Mon Dec 17 2018 00:00:00 GMT+0530 (India Standard Time)","10853.20","10900.35","10844.85","10888.35"
"Tue Dec 18 2018 00:00:00 GMT+0530 (India Standard Time)","10850.90","10915.40","10819.10","10908.70"
"Wed Dec 19 2018 00:00:00 GMT+0530 (India Standard Time)","10930.55","10985.15","10928.00","10967.30"
"Thu Dec 20 2018 00:00:00 GMT+0530 (India Standard Time)","10885.20","10962.55","10880.05","10951.70"
"Fri Dec 21 2018 00:00:00 GMT+0530 (India Standard Time)","10944.25","10963.65","10738.65","10754.00"
"Mon Dec 24 2018 00:00:00 GMT+0530 (India Standard Time)","10780.90","10782.30","10649.25","10663.50"
"Wed Dec 26 2018 00:00:00 GMT+0530 (India Standard Time)","10635.45","10747.50","10534.55","10729.85"
"Thu Dec 27 2018 00:00:00 GMT+0530 (India Standard Time)","10817.90","10834.20","10764.45","10779.80"
"Fri Dec 28 2018 00:00:00 GMT+0530 (India Standard Time)","10820.95","10893.60","10817.15","10859.90"
"Mon Dec 31 2018 00:00:00 GMT+0530 (India Standard Time)","10913.20","10923.55","10853.20","10862.55"
"Tue Jan 01 2019 00:00:00 GMT+0530 (India Standard Time)","10881.70","10923.60","10807.10","10910.10"
"Wed Jan 02 2019 00:00:00 GMT+0530 (India Standard Time)","10868.85","10895.35","10735.05","10792.50"
"Thu Jan 03 2019 00:00:00 GMT+0530 (India Standard Time)","10796.80","10814.05","10661.25","10672.25"
"Fri Jan 04 2019 00:00:00 GMT+0530 (India Standard Time)","10699.70","10741.05","10628.65","10727.35"
"Mon Jan 07 2019 00:00:00 GMT+0530 (India Standard Time)","10804.85","10835.95","10750.15","10771.80"
"Tue Jan 08 2019 00:00:00 GMT+0530 (India Standard Time)","10786.25","10818.45","10733.25","10802.15"
"Wed Jan 09 2019 00:00:00 GMT+0530 (India Standard Time)","10862.40","10870.40","10749.40","10855.15"
"Thu Jan 10 2019 00:00:00 GMT+0530 (India Standard Time)","10859.35","10859.35","10801.80","10821.60"
"Fri Jan 11 2019 00:00:00 GMT+0530 (India Standard Time)","10834.75","10850.15","10739.40","10794.95"
"Mon Jan 14 2019 00:00:00 GMT+0530 (India Standard Time)","10807.00","10808.00","10692.35","10737.60"
"Tue Jan 15 2019 00:00:00 GMT+0530 (India Standard Time)","10777.55","10896.95","10777.55","10886.80"
"Wed Jan 16 2019 00:00:00 GMT+0530 (India Standard Time)","10899.65","10928.15","10876.90","10890.30"
"Thu Jan 17 2019 00:00:00 GMT+0530 (India Standard Time)","10920.85","10930.65","10844.65","10905.20"
"Fri Jan 18 2019 00:00:00 GMT+0530 (India Standard Time)","10914.85","10928.20","10852.20","10906.95"
"Mon Jan 21 2019 00:00:00 GMT+0530 (India Standard Time)","10919.35","10987.45","10885.75","10961.85"
"Tue Jan 22 2019 00:00:00 GMT+0530 (India Standard Time)","10949.80","10949.80","10864.15","10922.75"
"Wed Jan 23 2019 00:00:00 GMT+0530 (India Standard Time)","10931.05","10944.80","10811.95","10831.50"
"Thu Jan 24 2019 00:00:00 GMT+0530 (India Standard Time)","10844.05","10866.60","10798.65","10849.80"
"Fri Jan 25 2019 00:00:00 GMT+0530 (India Standard Time)","10859.75","10931.70","10756.45","10780.55"
"Mon Jan 28 2019 00:00:00 GMT+0530 (India Standard Time)","10792.45","10804.45","10630.95","10661.55"
"Tue Jan 29 2019 00:00:00 GMT+0530 (India Standard Time)","10653.70","10690.35","10583.65","10652.20"
"Wed Jan 30 2019 00:00:00 GMT+0530 (India Standard Time)","10702.25","10710.20","10612.85","10651.80"
"Thu Jan 31 2019 00:00:00 GMT+0530 (India Standard Time)","10690.55","10838.05","10678.55","10830.95"
"Fri Feb 01 2019 00:00:00 GMT+0530 (India Standard Time)","10851.35","10983.45","10813.45","10893.65"
"Mon Feb 04 2019 00:00:00 GMT+0530 (India Standard Time)","10876.75","10927.90","10814.15","10912.25"
"Tue Feb 05 2019 00:00:00 GMT+0530 (India Standard Time)","10908.65","10956.70","10886.70","10934.35"
"Wed Feb 06 2019 00:00:00 GMT+0530 (India Standard Time)","10965.10","11072.60","10962.70","11062.45"
"Thu Feb 07 2019 00:00:00 GMT+0530 (India Standard Time)","11070.45","11118.10","11043.60","11069.40"
"Fri Feb 08 2019 00:00:00 GMT+0530 (India Standard Time)","11023.50","11041.20","10925.45","10943.60"
"Mon Feb 11 2019 00:00:00 GMT+0530 (India Standard Time)","10930.90","10930.90","10857.10","10888.80"
"Tue Feb 12 2019 00:00:00 GMT+0530 (India Standard Time)","10879.70","10910.90","10823.80","10831.40"
"Wed Feb 13 2019 00:00:00 GMT+0530 (India Standard Time)","10870.55","10891.65","10772.10","10793.65"
"Thu Feb 14 2019 00:00:00 GMT+0530 (India Standard Time)","10786.10","10792.70","10718.75","10746.05"
"Fri Feb 15 2019 00:00:00 GMT+0530 (India Standard Time)","10780.25","10785.75","10620.40","10724.40"
"Mon Feb 18 2019 00:00:00 GMT+0530 (India Standard Time)","10738.65","10759.90","10628.40","10640.95"
"Tue Feb 19 2019 00:00:00 GMT+0530 (India Standard Time)","10636.70","10722.85","10585.65","10604.35"
"Wed Feb 20 2019 00:00:00 GMT+0530 (India Standard Time)","10655.45","10752.70","10646.40","10735.45"
"Thu Feb 21 2019 00:00:00 GMT+0530 (India Standard Time)","10744.10","10808.85","10721.50","10789.85"
"Fri Feb 22 2019 00:00:00 GMT+0530 (India Standard Time)","10782.70","10801.55","10758.40","10791.65"
"Mon Feb 25 2019 00:00:00 GMT+0530 (India Standard Time)","10813.25","10887.10","10788.05","10880.10"
"Tue Feb 26 2019 00:00:00 GMT+0530 (India Standard Time)","10775.30","10888.75","10729.30","10835.30"
"Wed Feb 27 2019 00:00:00 GMT+0530 (India Standard Time)","10881.20","10939.70","10751.20","10806.65"
"Thu Feb 28 2019 00:00:00 GMT+0530 (India Standard Time)","10865.70","10865.70","10784.85","10792.50"
"Fri Mar 01 2019 00:00:00 GMT+0530 (India Standard Time)","10842.65","10877.90","10823.10","10863.50"
"Tue Mar 05 2019 00:00:00 GMT+0530 (India Standard Time)","10864.85","10994.90","10817.00","10987.45"
"Wed Mar 06 2019 00:00:00 GMT+0530 (India Standard Time)","11024.85","11062.30","10998.85","11053.00"
"Thu Mar 07 2019 00:00:00 GMT+0530 (India Standard Time)","11077.95","11089.05","11027.10","11058.20"
"Fri Mar 08 2019 00:00:00 GMT+0530 (India Standard Time)","11038.85","11049.00","11008.95","11035.40"
"Mon Mar 11 2019 00:00:00 GMT+0530 (India Standard Time)","11068.75","11180.90","11059.85","11168.05"
"Tue Mar 12 2019 00:00:00 GMT+0530 (India Standard Time)","11231.35","11320.40","11227.00","11301.20"
"Wed Mar 13 2019 00:00:00 GMT+0530 (India Standard Time)","11326.20","11352.30","11276.60","11341.70"
"Thu Mar 14 2019 00:00:00 GMT+0530 (India Standard Time)","11382.50","11383.45","11313.75","11343.25"
"Fri Mar 15 2019 00:00:00 GMT+0530 (India Standard Time)","11376.85","11487.00","11370.80","11426.85"
"Mon Mar 18 2019 00:00:00 GMT+0530 (India Standard Time)","11473.85","11530.15","11412.50","11462.20"
"Tue Mar 19 2019 00:00:00 GMT+0530 (India Standard Time)","11500.30","11543.85","11451.25","11532.40"
"Wed Mar 20 2019 00:00:00 GMT+0530 (India Standard Time)","11553.35","11556.10","11503.10","11521.05"
"Fri Mar 22 2019 00:00:00 GMT+0530 (India Standard Time)","11549.20","11572.80","11434.55","11456.90"
"Mon Mar 25 2019 00:00:00 GMT+0530 (India Standard Time)","11395.65","11395.65","11311.60","11354.25"
"Tue Mar 26 2019 00:00:00 GMT+0530 (India Standard Time)","11375.20","11496.75","11352.45","11483.25"
"Wed Mar 27 2019 00:00:00 GMT+0530 (India Standard Time)","11531.45","11546.20","11413.00","11445.05"
"Thu Mar 28 2019 00:00:00 GMT+0530 (India Standard Time)","11463.65","11588.50","11452.45","11570.00"
"Fri Mar 29 2019 00:00:00 GMT+0530 (India Standard Time)","11625.45","11630.35","11570.15","11623.90"
"Mon Apr 01 2019 00:00:00 GMT+0530 (India Standard Time)","11665.20","11738.10","11644.75","11669.15"
"Tue Apr 02 2019 00:00:00 GMT+0530 (India Standard Time)","11711.55","11729.35","11655.85","11713.20"
"Wed Apr 03 2019 00:00:00 GMT+0530 (India Standard Time)","11735.30","11761.00","11629.15","11643.95"
"Thu Apr 04 2019 00:00:00 GMT+0530 (India Standard Time)","11660.20","11662.55","11559.20","11598.00"
"Fri Apr 05 2019 00:00:00 GMT+0530 (India Standard Time)","11638.40","11689.65","11609.50","11665.95"
"Mon Apr 08 2019 00:00:00 GMT+0530 (India Standard Time)","11704.35","11710.30","11549.10","11604.50"
"Tue Apr 09 2019 00:00:00 GMT+0530 (India Standard Time)","11612.05","11683.90","11569.70","11671.95"
"Wed Apr 10 2019 00:00:00 GMT+0530 (India Standard Time)","11646.85","11680.05","11571.75","11584.30"
"Thu Apr 11 2019 00:00:00 GMT+0530 (India Standard Time)","11592.55","11606.70","11550.55","11596.70"
"Fri Apr 12 2019 00:00:00 GMT+0530 (India Standard Time)","11612.85","11657.35","11578.80","11643.45"
"Mon Apr 15 2019 00:00:00 GMT+0530 (India Standard Time)","11667.00","11704.60","11648.25","11690.35"
"Tue Apr 16 2019 00:00:00 GMT+0530 (India Standard Time)","11736.20","11810.95","11731.55","11787.15"
"Thu Apr 18 2019 00:00:00 GMT+0530 (India Standard Time)","11856.15","11856.15","11738.50","11752.80"
"Mon Apr 22 2019 00:00:00 GMT+0530 (India Standard Time)","11727.05","11727.05","11583.95","11594.45"
"Tue Apr 23 2019 00:00:00 GMT+0530 (India Standard Time)","11612.95","11645.95","11564.80","11575.95"
"Wed Apr 24 2019 00:00:00 GMT+0530 (India Standard Time)","11601.50","11740.85","11578.85","11726.15"
"Thu Apr 25 2019 00:00:00 GMT+0530 (India Standard Time)","11735.70","11796.75","11624.30","11641.80"
"Fri Apr 26 2019 00:00:00 GMT+0530 (India Standard Time)","11683.75","11762.90","11661.75","11754.65"
"Tue Apr 30 2019 00:00:00 GMT+0530 (India Standard Time)","11748.75","11756.25","11655.90","11748.15"
"Thu May 02 2019 00:00:00 GMT+0530 (India Standard Time)","11725.55","11789.30","11699.55","11724.75"
"Fri May 03 2019 00:00:00 GMT+0530 (India Standard Time)","11722.60","11770.90","11699.35","11712.25"
"Mon May 06 2019 00:00:00 GMT+0530 (India Standard Time)","11605.80","11632.55","11571.35","11598.25"
"Tue May 07 2019 00:00:00 GMT+0530 (India Standard Time)","11651.50","11657.05","11484.45","11497.90"
"Wed May 08 2019 00:00:00 GMT+0530 (India Standard Time)","11478.70","11479.10","11346.95","11359.45"
"Thu May 09 2019 00:00:00 GMT+0530 (India Standard Time)","11322.40","11357.60","11255.05","11301.80"
"Fri May 10 2019 00:00:00 GMT+0530 (India Standard Time)","11314.15","11345.80","11251.05","11278.90"
"Mon May 13 2019 00:00:00 GMT+0530 (India Standard Time)","11258.70","11300.20","11125.60","11148.20"
"Tue May 14 2019 00:00:00 GMT+0530 (India Standard Time)","11151.65","11294.75","11108.30","11222.05"
"Wed May 15 2019 00:00:00 GMT+0530 (India Standard Time)","11271.70","11286.80","11136.95","11157.00"
"Thu May 16 2019 00:00:00 GMT+0530 (India Standard Time)","11180.35","11281.55","11143.35","11257.10"
"Fri May 17 2019 00:00:00 GMT+0530 (India Standard Time)","11261.90","11426.15","11259.85","11407.15"
"Mon May 20 2019 00:00:00 GMT+0530 (India Standard Time)","11651.90","11845.20","11591.70","11828.25"
"Tue May 21 2019 00:00:00 GMT+0530 (India Standard Time)","11863.65","11883.55","11682.80","11709.10"
"Wed May 22 2019 00:00:00 GMT+0530 (India Standard Time)","11727.95","11784.80","11682.40","11737.90"
"Thu May 23 2019 00:00:00 GMT+0530 (India Standard Time)","11901.30","12041.15","11614.50","11657.05"
"Fri May 24 2019 00:00:00 GMT+0530 (India Standard Time)","11748.00","11859.00","11658.10","11844.10"
"Mon May 27 2019 00:00:00 GMT+0530 (India Standard Time)","11855.50","11957.15","11812.40","11924.75"
"Tue May 28 2019 00:00:00 GMT+0530 (India Standard Time)","11958.35","11958.55","11864.90","11928.75"
"Wed May 29 2019 00:00:00 GMT+0530 (India Standard Time)","11905.80","11931.90","11836.80","11861.10"
"Thu May 30 2019 00:00:00 GMT+0530 (India Standard Time)","11865.30","11968.55","11859.40","11945.90"
"Fri May 31 2019 00:00:00 GMT+0530 (India Standard Time)","11999.80","12039.25","11829.45","11922.80"
"Mon Jun 03 2019 00:00:00 GMT+0530 (India Standard Time)","11953.75","12103.05","11920.10","12088.55"
"Tue Jun 04 2019 00:00:00 GMT+0530 (India Standard Time)","12052.65","12095.20","12005.85","12021.65"
"Thu Jun 06 2019 00:00:00 GMT+0530 (India Standard Time)","12039.80","12039.80","11830.25","11843.75"
"Fri Jun 07 2019 00:00:00 GMT+0530 (India Standard Time)","11865.20","11897.50","11769.50","11870.65"
"Mon Jun 10 2019 00:00:00 GMT+0530 (India Standard Time)","11934.90","11975.05","11871.75","11922.70"
"Tue Jun 11 2019 00:00:00 GMT+0530 (India Standard Time)","11959.85","12000.35","11904.35","11965.60"
"Wed Jun 12 2019 00:00:00 GMT+0530 (India Standard Time)","11962.45","11962.45","11866.35","11906.20"
"Thu Jun 13 2019 00:00:00 GMT+0530 (India Standard Time)","11873.90","11931.35","11817.05","11914.05"
"Fri Jun 14 2019 00:00:00 GMT+0530 (India Standard Time)","11910.10","11911.85","11797.70","11823.30"
"Mon Jun 17 2019 00:00:00 GMT+0530 (India Standard Time)","11844.00","11844.05","11657.75","11672.15"
"Tue Jun 18 2019 00:00:00 GMT+0530 (India Standard Time)","11677.05","11727.20","11641.15","11691.50"
"Wed Jun 19 2019 00:00:00 GMT+0530 (India Standard Time)","11744.45","11802.50","11625.10","11691.45"
"Thu Jun 20 2019 00:00:00 GMT+0530 (India Standard Time)","11653.65","11843.50","11635.05","11831.75"
"Fri Jun 21 2019 00:00:00 GMT+0530 (India Standard Time)","11827.60","11827.95","11705.10","11724.10"
"Mon Jun 24 2019 00:00:00 GMT+0530 (India Standard Time)","11725.80","11754.00","11670.20","11699.65"
"Tue Jun 25 2019 00:00:00 GMT+0530 (India Standard Time)","11681.00","11814.40","11651.00","11796.45"
"Wed Jun 26 2019 00:00:00 GMT+0530 (India Standard Time)","11768.15","11871.85","11757.55","11847.55"
"Thu Jun 27 2019 00:00:00 GMT+0530 (India Standard Time)","11860.85","11911.15","11821.05","11841.55"
"Fri Jun 28 2019 00:00:00 GMT+0530 (India Standard Time)","11861.15","11871.70","11775.50","11788.85"
"Mon Jul 01 2019 00:00:00 GMT+0530 (India Standard Time)","11839.90","11884.65","11830.80","11865.60"
"Tue Jul 02 2019 00:00:00 GMT+0530 (India Standard Time)","11890.30","11917.45","11814.70","11910.30"
"Wed Jul 03 2019 00:00:00 GMT+0530 (India Standard Time)","11932.15","11945.20","11887.05","11916.75"
"Thu Jul 04 2019 00:00:00 GMT+0530 (India Standard Time)","11928.80","11969.25","11923.65","11946.75"
"Fri Jul 05 2019 00:00:00 GMT+0530 (India Standard Time)","11964.75","11981.75","11797.90","11811.15"
"Mon Jul 08 2019 00:00:00 GMT+0530 (India Standard Time)","11770.40","11771.90","11523.30","11558.60"
"Tue Jul 09 2019 00:00:00 GMT+0530 (India Standard Time)","11531.60","11582.55","11461.00","11555.90"
"Wed Jul 10 2019 00:00:00 GMT+0530 (India Standard Time)","11536.15","11593.70","11475.65","11498.90"
"Thu Jul 11 2019 00:00:00 GMT+0530 (India Standard Time)","11561.45","11599.00","11519.50","11582.90"
"Fri Jul 12 2019 00:00:00 GMT+0530 (India Standard Time)","11601.15","11639.55","11538.60","11552.50"
"Mon Jul 15 2019 00:00:00 GMT+0530 (India Standard Time)","11614.75","11618.40","11532.30","11588.35"
"Tue Jul 16 2019 00:00:00 GMT+0530 (India Standard Time)","11596.65","11670.05","11573.95","11662.60"
"Wed Jul 17 2019 00:00:00 GMT+0530 (India Standard Time)","11670.75","11706.65","11651.15","11687.50"
"Thu Jul 18 2019 00:00:00 GMT+0530 (India Standard Time)","11675.60","11677.15","11582.40","11596.90"
"Fri Jul 19 2019 00:00:00 GMT+0530 (India Standard Time)","11627.95","11640.35","11399.30","11419.25"
"Mon Jul 22 2019 00:00:00 GMT+0530 (India Standard Time)","11392.85","11398.15","11301.25","11346.20"
"Tue Jul 23 2019 00:00:00 GMT+0530 (India Standard Time)","11372.25","11398.15","11302.80","11331.05"
"Wed Jul 24 2019 00:00:00 GMT+0530 (India Standard Time)","11322.45","11359.75","11229.80","11271.30"
"Thu Jul 25 2019 00:00:00 GMT+0530 (India Standard Time)","11290.40","11361.40","11239.35","11252.15"
"Fri Jul 26 2019 00:00:00 GMT+0530 (India Standard Time)","11247.45","11307.60","11210.05","11284.30"
"Mon Jul 29 2019 00:00:00 GMT+0530 (India Standard Time)","11307.50","11310.95","11152.40","11189.20"
"Tue Jul 30 2019 00:00:00 GMT+0530 (India Standard Time)","11213.70","11267.45","11072.65","11085.40"
"Wed Jul 31 2019 00:00:00 GMT+0530 (India Standard Time)","11034.05","11145.30","10999.40","11118.00"
"Thu Aug 01 2019 00:00:00 GMT+0530 (India Standard Time)","11060.20","11076.75","10881.00","10980.00"
"Fri Aug 02 2019 00:00:00 GMT+0530 (India Standard Time)","10930.30","11080.15","10848.95","10997.35"
"Mon Aug 05 2019 00:00:00 GMT+0530 (India Standard Time)","10895.80","10895.80","10782.60","10862.60"
"Tue Aug 06 2019 00:00:00 GMT+0530 (India Standard Time)","10815.40","11018.55","10813.80","10948.25"
"Wed Aug 07 2019 00:00:00 GMT+0530 (India Standard Time)","10958.10","10975.65","10835.90","10855.50"
"Thu Aug 08 2019 00:00:00 GMT+0530 (India Standard Time)","10899.20","11058.05","10842.95","11032.45"
"Fri Aug 09 2019 00:00:00 GMT+0530 (India Standard Time)","11087.90","11181.45","11062.80","11109.65"
"Tue Aug 13 2019 00:00:00 GMT+0530 (India Standard Time)","11139.40","11145.90","10901.60","10925.85"
"Wed Aug 14 2019 00:00:00 GMT+0530 (India Standard Time)","11003.25","11078.15","10935.60","11029.40"
"Fri Aug 16 2019 00:00:00 GMT+0530 (India Standard Time)","11043.65","11068.65","10924.30","11047.80"
"Mon Aug 19 2019 00:00:00 GMT+0530 (India Standard Time)","11094.80","11146.90","11037.85","11053.90"
"Tue Aug 20 2019 00:00:00 GMT+0530 (India Standard Time)","11063.90","11076.30","10985.30","11017.00"
"Wed Aug 21 2019 00:00:00 GMT+0530 (India Standard Time)","11018.15","11034.20","10906.65","10918.70"
"Thu Aug 22 2019 00:00:00 GMT+0530 (India Standard Time)","10905.30","10908.25","10718.30","10741.35"
"Fri Aug 23 2019 00:00:00 GMT+0530 (India Standard Time)","10699.60","10862.55","10637.15","10829.35"
"Mon Aug 26 2019 00:00:00 GMT+0530 (India Standard Time)","11000.30","11070.30","10756.55","11057.85"
"Tue Aug 27 2019 00:00:00 GMT+0530 (India Standard Time)","11106.55","11141.75","11049.50","11105.35"
"Wed Aug 28 2019 00:00:00 GMT+0530 (India Standard Time)","11101.30","11129.65","10987.65","11046.10"
"Thu Aug 29 2019 00:00:00 GMT+0530 (India Standard Time)","10996.05","11021.10","10922.40","10948.30"
"Fri Aug 30 2019 00:00:00 GMT+0530 (India Standard Time)","10987.80","11042.60","10874.80","11023.25"
"Tue Sep 03 2019 00:00:00 GMT+0530 (India Standard Time)","10960.95","10967.50","10772.70","10797.90"
"Wed Sep 04 2019 00:00:00 GMT+0530 (India Standard Time)","10790.40","10858.75","10746.35","10844.65"
"Thu Sep 05 2019 00:00:00 GMT+0530 (India Standard Time)","10860.95","10920.10","10816.00","10847.90"
"Fri Sep 06 2019 00:00:00 GMT+0530 (India Standard Time)","10883.80","10957.05","10867.45","10946.20"
"Mon Sep 09 2019 00:00:00 GMT+0530 (India Standard Time)","10936.70","11028.85","10889.80","11003.05"
"Wed Sep 11 2019 00:00:00 GMT+0530 (India Standard Time)","11028.50","11054.80","11011.65","11035.70"
"Thu Sep 12 2019 00:00:00 GMT+0530 (India Standard Time)","11058.30","11081.75","10964.95","10982.80"
"Fri Sep 13 2019 00:00:00 GMT+0530 (India Standard Time)","10986.80","11084.45","10945.75","11075.90"
"Mon Sep 16 2019 00:00:00 GMT+0530 (India Standard Time)","10994.85","11052.70","10968.20","11003.50"
"Tue Sep 17 2019 00:00:00 GMT+0530 (India Standard Time)","11000.10","11000.10","10796.50","10817.60"
"Wed Sep 18 2019 00:00:00 GMT+0530 (India Standard Time)","10872.80","10885.15","10804.85","10840.65"
"Thu Sep 19 2019 00:00:00 GMT+0530 (India Standard Time)","10845.20","10845.20","10670.25","10704.80"
"Fri Sep 20 2019 00:00:00 GMT+0530 (India Standard Time)","10746.80","11381.90","10691.00","11274.20"
"Mon Sep 23 2019 00:00:00 GMT+0530 (India Standard Time)","11542.70","11694.85","11471.35","11600.20"
"Tue Sep 24 2019 00:00:00 GMT+0530 (India Standard Time)","11590.70","11655.05","11539.20","11588.20"
"Wed Sep 25 2019 00:00:00 GMT+0530 (India Standard Time)","11564.85","11564.95","11416.10","11440.20"
"Thu Sep 26 2019 00:00:00 GMT+0530 (India Standard Time)","11469.85","11610.85","11466.35","11571.20"
"Fri Sep 27 2019 00:00:00 GMT+0530 (India Standard Time)","11556.35","11593.60","11499.75","11512.40"
"Mon Sep 30 2019 00:00:00 GMT+0530 (India Standard Time)","11491.15","11508.25","11390.80","11474.45"
"Tue Oct 01 2019 00:00:00 GMT+0530 (India Standard Time)","11515.40","11554.20","11247.90","11359.90"
"Thu Oct 03 2019 00:00:00 GMT+0530 (India Standard Time)","11322.25","11370.40","11257.35","11314.00"
"Fri Oct 04 2019 00:00:00 GMT+0530 (India Standard Time)","11388.45","11400.30","11158.35","11174.75"
"Mon Oct 07 2019 00:00:00 GMT+0530 (India Standard Time)","11196.20","11233.85","11112.65","11126.40"
"Wed Oct 09 2019 00:00:00 GMT+0530 (India Standard Time)","11152.95","11321.60","11090.15","11313.30"
"Thu Oct 10 2019 00:00:00 GMT+0530 (India Standard Time)","11280.50","11293.35","11208.55","11234.55"
"Fri Oct 11 2019 00:00:00 GMT+0530 (India Standard Time)","11257.70","11362.90","11189.40","11305.05"
"Mon Oct 14 2019 00:00:00 GMT+0530 (India Standard Time)","11335.90","11420.45","11290.05","11341.15"
"Tue Oct 15 2019 00:00:00 GMT+0530 (India Standard Time)","11360.85","11462.35","11342.10","11428.30"
"Wed Oct 16 2019 00:00:00 GMT+0530 (India Standard Time)","11464.95","11481.05","11411.10","11464.00"
"Thu Oct 17 2019 00:00:00 GMT+0530 (India Standard Time)","11466.30","11599.10","11439.65","11586.35"
"Fri Oct 18 2019 00:00:00 GMT+0530 (India Standard Time)","11580.30","11684.70","11553.15","11661.85"
"Tue Oct 22 2019 00:00:00 GMT+0530 (India Standard Time)","11657.15","11714.35","11573.65","11588.35"
"Wed Oct 23 2019 00:00:00 GMT+0530 (India Standard Time)","11596.20","11651.60","11554.40","11604.10"
"Thu Oct 24 2019 00:00:00 GMT+0530 (India Standard Time)","11661.65","11679.60","11534.65","11582.60"
"Fri Oct 25 2019 00:00:00 GMT+0530 (India Standard Time)","11646.15","11646.90","11490.75","11583.90"
"Sun Oct 27 2019 00:00:00 GMT+0530 (India Standard Time)","11662.25","11672.40","11604.60","11627.15"
"Tue Oct 29 2019 00:00:00 GMT+0530 (India Standard Time)","11643.95","11809.40","11627.35","11786.85"
"Wed Oct 30 2019 00:00:00 GMT+0530 (India Standard Time)","11883.90","11883.95","11784.45","11844.10"
"Thu Oct 31 2019 00:00:00 GMT+0530 (India Standard Time)","11890.45","11945.00","11855.10","11877.45"
"Fri Nov 01 2019 00:00:00 GMT+0530 (India Standard Time)","11886.60","11918.30","11843.35","11890.60"
"Mon Nov 04 2019 00:00:00 GMT+0530 (India Standard Time)","11928.90","11989.15","11905.35","11941.30"
"Tue Nov 05 2019 00:00:00 GMT+0530 (India Standard Time)","11974.60","11978.95","11861.90","11917.20"
"Wed Nov 06 2019 00:00:00 GMT+0530 (India Standard Time)","11911.50","12002.90","11850.25","11966.05"
"Thu Nov 07 2019 00:00:00 GMT+0530 (India Standard Time)","12021.10","12021.40","11946.85","12012.05"
"Fri Nov 08 2019 00:00:00 GMT+0530 (India Standard Time)","11987.15","12034.15","11888.75","11908.15"
"Mon Nov 11 2019 00:00:00 GMT+0530 (India Standard Time)","11879.20","11932.65","11853.95","11913.45"
"Wed Nov 13 2019 00:00:00 GMT+0530 (India Standard Time)","11908.30","11946.80","11823.20","11840.45"
"Thu Nov 14 2019 00:00:00 GMT+0530 (India Standard Time)","11858.75","11895.65","11802.65","11872.10"
"Fri Nov 15 2019 00:00:00 GMT+0530 (India Standard Time)","11904.20","11973.65","11879.25","11895.45"
"Mon Nov 18 2019 00:00:00 GMT+0530 (India Standard Time)","11915.15","11946.20","11867.60","11884.50"
"Tue Nov 19 2019 00:00:00 GMT+0530 (India Standard Time)","11919.45","11958.85","11881.75","11940.10"
"Wed Nov 20 2019 00:00:00 GMT+0530 (India Standard Time)","12004.75","12038.60","11966.05","11999.10"
"Thu Nov 21 2019 00:00:00 GMT+0530 (India Standard Time)","12025.65","12028.20","11956.90","11968.40"
"Fri Nov 22 2019 00:00:00 GMT+0530 (India Standard Time)","11967.30","11968.10","11883.50","11914.40"
"Mon Nov 25 2019 00:00:00 GMT+0530 (India Standard Time)","11922.45","12084.50","11919.75","12073.75"
"Tue Nov 26 2019 00:00:00 GMT+0530 (India Standard Time)","12110.20","12132.45","12006.35","12037.70"
"Wed Nov 27 2019 00:00:00 GMT+0530 (India Standard Time)","12068.50","12114.90","12055.15","12100.70"
"Thu Nov 28 2019 00:00:00 GMT+0530 (India Standard Time)","12132.10","12158.80","12099.95","12151.15"
"Fri Nov 29 2019 00:00:00 GMT+0530 (India Standard Time)","12146.20","12147.40","12017.40","12056.05"
"Mon Dec 02 2019 00:00:00 GMT+0530 (India Standard Time)","12137.05","12137.15","12023.70","12048.20"
"Tue Dec 03 2019 00:00:00 GMT+0530 (India Standard Time)","12067.65","12068.60","11956.40","11994.20"
"Wed Dec 04 2019 00:00:00 GMT+0530 (India Standard Time)","11969.95","12054.70","11935.30","12043.20"
"Thu Dec 05 2019 00:00:00 GMT+0530 (India Standard Time)","12071.25","12081.20","11998.75","12018.40"
"Fri Dec 06 2019 00:00:00 GMT+0530 (India Standard Time)","12047.35","12057.05","11888.85","11921.50"
"Mon Dec 09 2019 00:00:00 GMT+0530 (India Standard Time)","11939.10","11981.95","11888.05","11937.50"
"Tue Dec 10 2019 00:00:00 GMT+0530 (India Standard Time)","11950.50","11953.20","11844.70","11856.80"
"Wed Dec 11 2019 00:00:00 GMT+0530 (India Standard Time)","11867.35","11923.20","11832.30","11910.15"
"Thu Dec 12 2019 00:00:00 GMT+0530 (India Standard Time)","11944.30","12005.50","11934.00","11971.80"
"Fri Dec 13 2019 00:00:00 GMT+0530 (India Standard Time)","12026.40","12098.85","12023.60","12086.70"
"Mon Dec 16 2019 00:00:00 GMT+0530 (India Standard Time)","12131.35","12134.65","12046.30","12053.95"
"Tue Dec 17 2019 00:00:00 GMT+0530 (India Standard Time)","12082.45","12182.75","12070.35","12165.00"
"Wed Dec 18 2019 00:00:00 GMT+0530 (India Standard Time)","12197.00","12237.70","12163.45","12221.65"
"Thu Dec 19 2019 00:00:00 GMT+0530 (India Standard Time)","12223.40","12268.35","12191.15","12259.70"
"Fri Dec 20 2019 00:00:00 GMT+0530 (India Standard Time)","12266.45","12293.90","12252.75","12271.80"
"Mon Dec 23 2019 00:00:00 GMT+0530 (India Standard Time)","12235.45","12287.15","12213.25","12262.75"
"Tue Dec 24 2019 00:00:00 GMT+0530 (India Standard Time)","12269.25","12283.70","12202.10","12214.55"
"Thu Dec 26 2019 00:00:00 GMT+0530 (India Standard Time)","12211.85","12221.55","12118.85","12126.55"
"Fri Dec 27 2019 00:00:00 GMT+0530 (India Standard Time)","12172.90","12258.45","12157.90","12245.80"
"Mon Dec 30 2019 00:00:00 GMT+0530 (India Standard Time)","12274.90","12286.45","12213.80","12255.85"
"Tue Dec 31 2019 00:00:00 GMT+0530 (India Standard Time)","12247.10","12247.10","12151.80","12168.45"
"Wed Jan 01 2020 00:00:00 GMT+0530 (India Standard Time)","12202.15","12222.20","12165.30","12182.50"
"Thu Jan 02 2020 00:00:00 GMT+0530 (India Standard Time)","12198.55","12289.90","12195.25","12282.20"
"Fri Jan 03 2020 00:00:00 GMT+0530 (India Standard Time)","12261.10","12265.60","12191.35","12226.65"
"Mon Jan 06 2020 00:00:00 GMT+0530 (India Standard Time)","12170.60","12179.10","11974.20","11993.05"
"Tue Jan 07 2020 00:00:00 GMT+0530 (India Standard Time)","12079.10","12152.15","12005.35","12052.95"
"Wed Jan 08 2020 00:00:00 GMT+0530 (India Standard Time)","11939.10","12044.95","11929.60","12025.35"
"Thu Jan 09 2020 00:00:00 GMT+0530 (India Standard Time)","12153.15","12224.05","12132.55","12215.90"
"Fri Jan 10 2020 00:00:00 GMT+0530 (India Standard Time)","12271.00","12311.20","12213.20","12256.80"
"Mon Jan 13 2020 00:00:00 GMT+0530 (India Standard Time)","12296.70","12337.75","12285.80","12329.55"
"Tue Jan 14 2020 00:00:00 GMT+0530 (India Standard Time)","12333.10","12374.25","12308.70","12362.30"
"Wed Jan 15 2020 00:00:00 GMT+0530 (India Standard Time)","12349.40","12355.15","12278.75","12343.30"
"Thu Jan 16 2020 00:00:00 GMT+0530 (India Standard Time)","12347.10","12389.05","12315.80","12355.50"
"Fri Jan 17 2020 00:00:00 GMT+0530 (India Standard Time)","12328.40","12385.45","12321.40","12352.35"
"Mon Jan 20 2020 00:00:00 GMT+0530 (India Standard Time)","12430.50","12430.50","12216.90","12224.55"
"Tue Jan 21 2020 00:00:00 GMT+0530 (India Standard Time)","12195.30","12230.05","12162.30","12169.85"
"Wed Jan 22 2020 00:00:00 GMT+0530 (India Standard Time)","12218.35","12225.05","12087.90","12106.90"
"Thu Jan 23 2020 00:00:00 GMT+0530 (India Standard Time)","12123.75","12189.00","12094.10","12180.35"
"Fri Jan 24 2020 00:00:00 GMT+0530 (India Standard Time)","12174.55","12272.15","12149.65","12248.25"
"Mon Jan 27 2020 00:00:00 GMT+0530 (India Standard Time)","12197.10","12216.60","12107.00","12119.00"
"Tue Jan 28 2020 00:00:00 GMT+0530 (India Standard Time)","12148.10","12163.55","12024.50","12055.80"
"Wed Jan 29 2020 00:00:00 GMT+0530 (India Standard Time)","12114.90","12169.60","12103.80","12129.50"
"Thu Jan 30 2020 00:00:00 GMT+0530 (India Standard Time)","12147.75","12150.30","12010.60","12035.80"
"Fri Jan 31 2020 00:00:00 GMT+0530 (India Standard Time)","12100.40","12103.55","11945.85","11962.10"
"Sat Feb 01 2020 00:00:00 GMT+0530 (India Standard Time)","11939.00","12017.35","11633.30","11661.85"
"Mon Feb 03 2020 00:00:00 GMT+0530 (India Standard Time)","11627.45","11749.85","11614.50","11707.90"
"Tue Feb 04 2020 00:00:00 GMT+0530 (India Standard Time)","11786.25","11986.15","11783.40","11979.65"
"Wed Feb 05 2020 00:00:00 GMT+0530 (India Standard Time)","12005.85","12098.15","11953.35","12089.15"
"Thu Feb 06 2020 00:00:00 GMT+0530 (India Standard Time)","12120.00","12160.60","12084.65","12137.95"
"Fri Feb 07 2020 00:00:00 GMT+0530 (India Standard Time)","12151.15","12154.70","12073.95","12098.35"
"Mon Feb 10 2020 00:00:00 GMT+0530 (India Standard Time)","12102.35","12103.55","11990.75","12031.50"
"Tue Feb 11 2020 00:00:00 GMT+0530 (India Standard Time)","12108.40","12172.30","12099.00","12107.90"
"Wed Feb 12 2020 00:00:00 GMT+0530 (India Standard Time)","12151.00","12231.75","12144.30","12201.20"
"Thu Feb 13 2020 00:00:00 GMT+0530 (India Standard Time)","12219.55","12225.65","12139.80","12174.65"
"Fri Feb 14 2020 00:00:00 GMT+0530 (India Standard Time)","12190.15","12246.70","12091.20","12113.45"
"Mon Feb 17 2020 00:00:00 GMT+0530 (India Standard Time)","12131.80","12159.60","12037.00","12045.80"
"Tue Feb 18 2020 00:00:00 GMT+0530 (India Standard Time)","12028.25","12030.75","11908.05","11992.50"
"Wed Feb 19 2020 00:00:00 GMT+0530 (India Standard Time)","12090.60","12134.70","12042.10","12125.90"
"Thu Feb 20 2020 00:00:00 GMT+0530 (India Standard Time)","12119.00","12152.00","12071.45","12080.85"
"Mon Feb 24 2020 00:00:00 GMT+0530 (India Standard Time)","12012.55","12012.55","11813.40","11829.40"
"Tue Feb 25 2020 00:00:00 GMT+0530 (India Standard Time)","11877.50","11883.05","11779.90","11797.90"
"Wed Feb 26 2020 00:00:00 GMT+0530 (India Standard Time)","11738.55","11783.25","11639.60","11678.50"
"Thu Feb 27 2020 00:00:00 GMT+0530 (India Standard Time)","11661.25","11663.85","11536.70","11633.30"
"Fri Feb 28 2020 00:00:00 GMT+0530 (India Standard Time)","11382.00","11384.80","11175.05","11201.75"
"Mon Mar 02 2020 00:00:00 GMT+0530 (India Standard Time)","11387.35","11433.00","11036.25","11132.75"
"Tue Mar 03 2020 00:00:00 GMT+0530 (India Standard Time)","11217.55","11342.25","11152.55","11303.30"
"Wed Mar 04 2020 00:00:00 GMT+0530 (India Standard Time)","11351.35","11356.60","11082.15","11251.00"
"Thu Mar 05 2020 00:00:00 GMT+0530 (India Standard Time)","11306.05","11389.50","11244.60","11269.00"
"Fri Mar 06 2020 00:00:00 GMT+0530 (India Standard Time)","10942.65","11035.10","10827.40","10989.45"
"Mon Mar 09 2020 00:00:00 GMT+0530 (India Standard Time)","10742.05","10751.55","10294.45","10451.45"
"Wed Mar 11 2020 00:00:00 GMT+0530 (India Standard Time)","10334.29","10545.10","10334.00","10458.40"
"Thu Mar 12 2020 00:00:00 GMT+0530 (India Standard Time)","10039.95","10040.75","9508.00","9590.15"
"Fri Mar 13 2020 00:00:00 GMT+0530 (India Standard Time)","9107.60","10159.40","8555.15","9955.20"
"Mon Mar 16 2020 00:00:00 GMT+0530 (India Standard Time)","9587.79","9602.20","9165.10","9197.40"
"Tue Mar 17 2020 00:00:00 GMT+0530 (India Standard Time)","9285.40","9403.79","8915.60","8967.04"
"Wed Mar 18 2020 00:00:00 GMT+0530 (India Standard Time)","9088.45","9127.54","8407.04","8468.79"
"Thu Mar 19 2020 00:00:00 GMT+0530 (India Standard Time)","8063.30","8575.45","7832.55","8263.45"
"Fri Mar 20 2020 00:00:00 GMT+0530 (India Standard Time)","8284.45","8883.00","8178.20","8745.45"
"Mon Mar 23 2020 00:00:00 GMT+0530 (India Standard Time)","7945.70","8159.25","7583.60","7610.25"
"Tue Mar 24 2020 00:00:00 GMT+0530 (India Standard Time)","7848.30","8036.95","7511.10","7801.05"
"Wed Mar 25 2020 00:00:00 GMT+0530 (India Standard Time)","7735.15","8376.75","7714.75","8317.85"
"Thu Mar 26 2020 00:00:00 GMT+0530 (India Standard Time)","8451.00","8749.04","8304.90","8641.45"
"Fri Mar 27 2020 00:00:00 GMT+0530 (India Standard Time)","8949.10","9038.90","8522.90","8660.25"
"Mon Mar 30 2020 00:00:00 GMT+0530 (India Standard Time)","8385.95","8576.00","8244.00","8281.10"
"Tue Mar 31 2020 00:00:00 GMT+0530 (India Standard Time)","8529.35","8678.29","8358.00","8597.75"
"Wed Apr 01 2020 00:00:00 GMT+0530 (India Standard Time)","8584.10","8588.10","8198.35","8253.79"
"Fri Apr 03 2020 00:00:00 GMT+0530 (India Standard Time)","8356.54","8356.54","8055.80","8083.80"
"Tue Apr 07 2020 00:00:00 GMT+0530 (India Standard Time)","8446.29","8819.40","8360.95","8792.20"
"Wed Apr 08 2020 00:00:00 GMT+0530 (India Standard Time)","8688.90","9131.70","8653.90","8748.75"
"Thu Apr 09 2020 00:00:00 GMT+0530 (India Standard Time)","8973.04","9128.35","8904.54","9111.90"
"Mon Apr 13 2020 00:00:00 GMT+0530 (India Standard Time)","9103.95","9112.04","8912.40","8993.85"
"Wed Apr 15 2020 00:00:00 GMT+0530 (India Standard Time)","9196.40","9261.20","8874.10","8925.29"
"Thu Apr 16 2020 00:00:00 GMT+0530 (India Standard Time)","8851.25","9053.75","8821.90","8992.79"
"Fri Apr 17 2020 00:00:00 GMT+0530 (India Standard Time)","9323.45","9324.00","9091.35","9266.75"
"Mon Apr 20 2020 00:00:00 GMT+0530 (India Standard Time)","9390.20","9390.85","9230.79","9261.85"
"Tue Apr 21 2020 00:00:00 GMT+0530 (India Standard Time)","9016.95","9044.40","8909.40","8981.45"
"Wed Apr 22 2020 00:00:00 GMT+0530 (India Standard Time)","9026.75","9209.75","8946.25","9187.29"
"Thu Apr 23 2020 00:00:00 GMT+0530 (India Standard Time)","9232.35","9343.60","9170.15","9313.90"
"Fri Apr 24 2020 00:00:00 GMT+0530 (India Standard Time)","9163.90","9296.90","9141.29","9154.40"
"Mon Apr 27 2020 00:00:00 GMT+0530 (India Standard Time)","9259.70","9377.10","9250.35","9282.29"
"Tue Apr 28 2020 00:00:00 GMT+0530 (India Standard Time)","9389.79","9404.40","9260.00","9380.90"
"Wed Apr 29 2020 00:00:00 GMT+0530 (India Standard Time)","9408.60","9599.85","9392.35","9553.35"
"Thu Apr 30 2020 00:00:00 GMT+0530 (India Standard Time)","9753.50","9889.04","9731.50","9859.90"
"Mon May 04 2020 00:00:00 GMT+0530 (India Standard Time)","9533.50","9533.50","9266.95","9293.50"
"Tue May 05 2020 00:00:00 GMT+0530 (India Standard Time)","9429.40","9450.90","9190.75","9205.60"
"Wed May 06 2020 00:00:00 GMT+0530 (India Standard Time)","9226.79","9346.90","9116.50","9270.90"
"Thu May 07 2020 00:00:00 GMT+0530 (India Standard Time)","9234.04","9277.85","9175.90","9199.04"
"Fri May 08 2020 00:00:00 GMT+0530 (India Standard Time)","9376.95","9382.65","9238.20","9251.50"
"Mon May 11 2020 00:00:00 GMT+0530 (India Standard Time)","9348.15","9439.90","9219.95","9239.20"
"Tue May 12 2020 00:00:00 GMT+0530 (India Standard Time)","9168.85","9240.85","9043.95","9196.54"
"Wed May 13 2020 00:00:00 GMT+0530 (India Standard Time)","9584.20","9584.50","9351.10","9383.54"
"Thu May 14 2020 00:00:00 GMT+0530 (India Standard Time)","9213.95","9281.10","9119.75","9142.75"
"Fri May 15 2020 00:00:00 GMT+0530 (India Standard Time)","9182.40","9182.40","9050.00","9136.85"
"Mon May 18 2020 00:00:00 GMT+0530 (India Standard Time)","9158.29","9158.29","8806.75","8823.25"
"Tue May 19 2020 00:00:00 GMT+0530 (India Standard Time)","8961.70","9030.35","8855.29","8879.10"
"Wed May 20 2020 00:00:00 GMT+0530 (India Standard Time)","8889.15","9093.79","8875.35","9066.54"
"Thu May 21 2020 00:00:00 GMT+0530 (India Standard Time)","9079.45","9178.54","9056.10","9106.25"
"Fri May 22 2020 00:00:00 GMT+0530 (India Standard Time)","9067.90","9149.60","8968.54","9039.25"
"Tue May 26 2020 00:00:00 GMT+0530 (India Standard Time)","9099.75","9161.65","8996.65","9029.04"
"Wed May 27 2020 00:00:00 GMT+0530 (India Standard Time)","9082.20","9334.00","9004.25","9314.95"
"Thu May 28 2020 00:00:00 GMT+0530 (India Standard Time)","9364.95","9511.25","9336.50","9490.10"
"Fri May 29 2020 00:00:00 GMT+0530 (India Standard Time)","9422.20","9598.85","9376.90","9580.29"
"Mon Jun 01 2020 00:00:00 GMT+0530 (India Standard Time)","9726.85","9931.60","9706.95","9826.15"
"Tue Jun 02 2020 00:00:00 GMT+0530 (India Standard Time)","9880.85","9995.60","9824.04","9979.10"
"Wed Jun 03 2020 00:00:00 GMT+0530 (India Standard Time)","10108.29","10176.20","10035.54","10061.54"
"Thu Jun 04 2020 00:00:00 GMT+0530 (India Standard Time)","10054.25","10123.85","9944.25","10029.10"
"Fri Jun 05 2020 00:00:00 GMT+0530 (India Standard Time)","10093.79","10177.79","10040.75","10142.15"
"Mon Jun 08 2020 00:00:00 GMT+0530 (India Standard Time)","10326.75","10328.50","10120.25","10167.45"
"Tue Jun 09 2020 00:00:00 GMT+0530 (India Standard Time)","10181.15","10291.15","10021.45","10046.65"
"Wed Jun 10 2020 00:00:00 GMT+0530 (India Standard Time)","10072.60","10148.75","10036.85","10116.15"
"Thu Jun 11 2020 00:00:00 GMT+0530 (India Standard Time)","10094.10","10112.04","9885.04","9902.00"
"Fri Jun 12 2020 00:00:00 GMT+0530 (India Standard Time)","9544.95","9996.04","9544.35","9972.90"
"Mon Jun 15 2020 00:00:00 GMT+0530 (India Standard Time)","9919.35","9943.35","9726.35","9813.70"
"Tue Jun 16 2020 00:00:00 GMT+0530 (India Standard Time)","10014.79","10046.15","9728.50","9914.00"
"Wed Jun 17 2020 00:00:00 GMT+0530 (India Standard Time)","9876.70","10003.60","9833.79","9881.15"
"Thu Jun 18 2020 00:00:00 GMT+0530 (India Standard Time)","9863.25","10111.20","9845.04","10091.65"
"Fri Jun 19 2020 00:00:00 GMT+0530 (India Standard Time)","10119.00","10272.40","10072.65","10244.40"
"Mon Jun 22 2020 00:00:00 GMT+0530 (India Standard Time)","10318.75","10393.65","10277.60","10311.20"
"Tue Jun 23 2020 00:00:00 GMT+0530 (India Standard Time)","10347.95","10484.70","10301.75","10471.00"
"Wed Jun 24 2020 00:00:00 GMT+0530 (India Standard Time)","10529.25","10553.15","10281.95","10305.29"
"Thu Jun 25 2020 00:00:00 GMT+0530 (India Standard Time)","10235.54","10361.79","10194.50","10288.90"
"Fri Jun 26 2020 00:00:00 GMT+0530 (India Standard Time)","10378.90","10409.85","10311.25","10383.00"
"Mon Jun 29 2020 00:00:00 GMT+0530 (India Standard Time)","10311.95","10337.95","10223.60","10312.40"
"Tue Jun 30 2020 00:00:00 GMT+0530 (India Standard Time)","10382.60","10401.04","10267.35","10302.10"
"Wed Jul 01 2020 00:00:00 GMT+0530 (India Standard Time)","10323.79","10447.04","10299.60","10430.04"
"Thu Jul 02 2020 00:00:00 GMT+0530 (India Standard Time)","10493.05","10598.20","10485.54","10551.70"
"Fri Jul 03 2020 00:00:00 GMT+0530 (India Standard Time)","10614.95","10631.30","10562.65","10607.35"
"Mon Jul 06 2020 00:00:00 GMT+0530 (India Standard Time)","10723.85","10811.40","10695.10","10763.65"
"Tue Jul 07 2020 00:00:00 GMT+0530 (India Standard Time)","10802.85","10813.80","10689.70","10799.65"
"Wed Jul 08 2020 00:00:00 GMT+0530 (India Standard Time)","10818.65","10847.85","10676.55","10705.75"
"Thu Jul 09 2020 00:00:00 GMT+0530 (India Standard Time)","10755.55","10836.85","10733.00","10813.45"
"Fri Jul 10 2020 00:00:00 GMT+0530 (India Standard Time)","10764.10","10819.40","10713.00","10768.05"
"Mon Jul 13 2020 00:00:00 GMT+0530 (India Standard Time)","10851.85","10894.05","10756.05","10802.70"
"Tue Jul 14 2020 00:00:00 GMT+0530 (India Standard Time)","10750.85","10755.65","10562.90","10607.35"
"Wed Jul 15 2020 00:00:00 GMT+0530 (India Standard Time)","10701.00","10827.45","10577.75","10618.20"
"Thu Jul 16 2020 00:00:00 GMT+0530 (India Standard Time)","10706.20","10755.30","10595.20","10739.95"
"Fri Jul 17 2020 00:00:00 GMT+0530 (India Standard Time)","10752.00","10933.45","10749.65","10901.70"
"Mon Jul 20 2020 00:00:00 GMT+0530 (India Standard Time)","10999.45","11037.90","10953.00","11022.20"
"Tue Jul 21 2020 00:00:00 GMT+0530 (India Standard Time)","11126.10","11179.55","11113.25","11162.25"
"Wed Jul 22 2020 00:00:00 GMT+0530 (India Standard Time)","11231.20","11238.10","11056.55","11132.60"
"Thu Jul 23 2020 00:00:00 GMT+0530 (India Standard Time)","11135.00","11239.80","11103.15","11215.45"
"Fri Jul 24 2020 00:00:00 GMT+0530 (India Standard Time)","11149.95","11225.40","11090.30","11194.15"
"Mon Jul 27 2020 00:00:00 GMT+0530 (India Standard Time)","11225.00","11225.00","11087.85","11131.80"
"Tue Jul 28 2020 00:00:00 GMT+0530 (India Standard Time)","11154.10","11317.75","11151.40","11300.55"
"Wed Jul 29 2020 00:00:00 GMT+0530 (India Standard Time)","11276.90","11341.40","11149.75","11202.85"
"Thu Jul 30 2020 00:00:00 GMT+0530 (India Standard Time)","11254.30","11299.95","11084.95","11102.15"
"Fri Jul 31 2020 00:00:00 GMT+0530 (India Standard Time)","11139.50","11150.40","11026.65","11073.45"
"Mon Aug 03 2020 00:00:00 GMT+0530 (India Standard Time)","11057.55","11058.05","10882.25","10891.60"
"Tue Aug 04 2020 00:00:00 GMT+0530 (India Standard Time)","10946.65","11112.25","10908.10","11095.25"
"Wed Aug 05 2020 00:00:00 GMT+0530 (India Standard Time)","11155.75","11225.65","11064.05","11101.65"
"Thu Aug 06 2020 00:00:00 GMT+0530 (India Standard Time)","11185.70","11256.80","11127.30","11200.15"
"Fri Aug 07 2020 00:00:00 GMT+0530 (India Standard Time)","11186.65","11231.90","11142.05","11214.05"
"Mon Aug 10 2020 00:00:00 GMT+0530 (India Standard Time)","11270.25","11337.30","11238.00","11270.15"
"Tue Aug 11 2020 00:00:00 GMT+0530 (India Standard Time)","11322.25","11373.60","11299.15","11322.50"
"Wed Aug 12 2020 00:00:00 GMT+0530 (India Standard Time)","11289.00","11322.00","11242.65","11308.40"
"Thu Aug 13 2020 00:00:00 GMT+0530 (India Standard Time)","11334.85","11359.30","11269.95","11300.45"
"Fri Aug 14 2020 00:00:00 GMT+0530 (India Standard Time)","11353.30","11366.25","11111.45","11178.40"
"Mon Aug 17 2020 00:00:00 GMT+0530 (India Standard Time)","11248.90","11267.10","11144.50","11247.10"
"Tue Aug 18 2020 00:00:00 GMT+0530 (India Standard Time)","11259.80","11401.70","11253.15","11385.35"
"Wed Aug 19 2020 00:00:00 GMT+0530 (India Standard Time)","11452.15","11460.35","11394.10","11408.40"
"Thu Aug 20 2020 00:00:00 GMT+0530 (India Standard Time)","11317.45","11361.45","11289.80","11312.20"
"Fri Aug 21 2020 00:00:00 GMT+0530 (India Standard Time)","11409.65","11418.50","11362.20","11371.60"
"Mon Aug 24 2020 00:00:00 GMT+0530 (India Standard Time)","11412.00","11497.25","11410.65","11466.45"
"Tue Aug 25 2020 00:00:00 GMT+0530 (India Standard Time)","11513.10","11525.90","11423.35","11472.25"
"Wed Aug 26 2020 00:00:00 GMT+0530 (India Standard Time)","11512.85","11561.75","11461.85","11549.60"
"Thu Aug 27 2020 00:00:00 GMT+0530 (India Standard Time)","11609.30","11617.35","11540.60","11559.25"
"Fri Aug 28 2020 00:00:00 GMT+0530 (India Standard Time)","11602.95","11686.05","11589.40","11647.60"
"Mon Aug 31 2020 00:00:00 GMT+0530 (India Standard Time)","11777.55","11794.25","11325.85","11387.50"
"Tue Sep 01 2020 00:00:00 GMT+0530 (India Standard Time)","11464.30","11553.55","11366.90","11470.25"
"Wed Sep 02 2020 00:00:00 GMT+0530 (India Standard Time)","11478.55","11554.75","11430.40","11535.00"
"Thu Sep 03 2020 00:00:00 GMT+0530 (India Standard Time)","11566.20","11584.95","11507.65","11527.45"
"Fri Sep 04 2020 00:00:00 GMT+0530 (India Standard Time)","11354.40","11452.05","11303.65","11333.85"
"Mon Sep 07 2020 00:00:00 GMT+0530 (India Standard Time)","11359.60","11381.15","11251.70","11355.05"
"Tue Sep 08 2020 00:00:00 GMT+0530 (India Standard Time)","11378.55","11437.25","11290.45","11317.35"
"Wed Sep 09 2020 00:00:00 GMT+0530 (India Standard Time)","11218.60","11298.15","11185.15","11278.00"
"Thu Sep 10 2020 00:00:00 GMT+0530 (India Standard Time)","11363.30","11464.05","11327.40","11449.25"
"Fri Sep 11 2020 00:00:00 GMT+0530 (India Standard Time)","11447.80","11493.50","11419.90","11464.45"
"Mon Sep 14 2020 00:00:00 GMT+0530 (India Standard Time)","11540.15","11568.90","11383.55","11440.05"
"Tue Sep 15 2020 00:00:00 GMT+0530 (India Standard Time)","11487.20","11535.95","11442.25","11521.80"
"Wed Sep 16 2020 00:00:00 GMT+0530 (India Standard Time)","11538.45","11618.10","11516.75","11604.55"
"Thu Sep 17 2020 00:00:00 GMT+0530 (India Standard Time)","11539.40","11587.20","11498.50","11516.10"
"Fri Sep 18 2020 00:00:00 GMT+0530 (India Standard Time)","11584.10","11584.10","11446.10","11504.95"
"Mon Sep 21 2020 00:00:00 GMT+0530 (India Standard Time)","11503.80","11535.25","11218.50","11250.55"
"Tue Sep 22 2020 00:00:00 GMT+0530 (India Standard Time)","11301.75","11302.20","11084.65","11153.65"
"Wed Sep 23 2020 00:00:00 GMT+0530 (India Standard Time)","11258.75","11259.55","11024.40","11131.85"
"Thu Sep 24 2020 00:00:00 GMT+0530 (India Standard Time)","11011.00","11015.30","10790.20","10805.55"
"Fri Sep 25 2020 00:00:00 GMT+0530 (India Standard Time)","10910.40","11072.60","10854.85","11050.25"
"Mon Sep 28 2020 00:00:00 GMT+0530 (India Standard Time)","11140.85","11239.35","11099.85","11227.55"
"Tue Sep 29 2020 00:00:00 GMT+0530 (India Standard Time)","11288.60","11305.40","11181.00","11222.40"
"Wed Sep 30 2020 00:00:00 GMT+0530 (India Standard Time)","11244.45","11295.40","11184.55","11247.55"
"Thu Oct 01 2020 00:00:00 GMT+0530 (India Standard Time)","11364.45","11428.60","11347.05","11416.95"
"Mon Oct 05 2020 00:00:00 GMT+0530 (India Standard Time)","11487.80","11578.05","11452.30","11503.35"
"Tue Oct 06 2020 00:00:00 GMT+0530 (India Standard Time)","11603.45","11680.30","11564.30","11662.40"
"Wed Oct 07 2020 00:00:00 GMT+0530 (India Standard Time)","11679.25","11763.05","11629.35","11738.85"
"Thu Oct 08 2020 00:00:00 GMT+0530 (India Standard Time)","11835.40","11905.70","11791.15","11834.60"
"Fri Oct 09 2020 00:00:00 GMT+0530 (India Standard Time)","11852.05","11938.60","11805.20","11914.20"
"Mon Oct 12 2020 00:00:00 GMT+0530 (India Standard Time)","11973.55","12022.05","11867.20","11930.95"
"Tue Oct 13 2020 00:00:00 GMT+0530 (India Standard Time)","11934.65","11988.20","11888.90","11934.50"
"Wed Oct 14 2020 00:00:00 GMT+0530 (India Standard Time)","11917.40","11997.20","11822.15","11971.05"
"Thu Oct 15 2020 00:00:00 GMT+0530 (India Standard Time)","12023.45","12025.45","11661.30","11680.35"
"Fri Oct 16 2020 00:00:00 GMT+0530 (India Standard Time)","11727.40","11789.75","11667.85","11762.45"
"Mon Oct 19 2020 00:00:00 GMT+0530 (India Standard Time)","11879.20","11898.25","11820.40","11873.05"
"Tue Oct 20 2020 00:00:00 GMT+0530 (India Standard Time)","11861.00","11949.25","11837.25","11896.80"
"Wed Oct 21 2020 00:00:00 GMT+0530 (India Standard Time)","11958.55","12018.65","11775.75","11937.65"
"Thu Oct 22 2020 00:00:00 GMT+0530 (India Standard Time)","11890.00","11939.55","11823.45","11896.45"
"Fri Oct 23 2020 00:00:00 GMT+0530 (India Standard Time)","11957.90","11974.55","11908.75","11930.35"
"Mon Oct 26 2020 00:00:00 GMT+0530 (India Standard Time)","11937.40","11942.85","11711.70","11767.75"
"Tue Oct 27 2020 00:00:00 GMT+0530 (India Standard Time)","11807.10","11899.05","11723.00","11889.40"
"Wed Oct 28 2020 00:00:00 GMT+0530 (India Standard Time)","11922.60","11929.40","11684.85","11729.60"
"Thu Oct 29 2020 00:00:00 GMT+0530 (India Standard Time)","11633.30","11744.15","11606.45","11670.80"
"Fri Oct 30 2020 00:00:00 GMT+0530 (India Standard Time)","11678.45","11748.95","11535.45","11642.40"
"Mon Nov 02 2020 00:00:00 GMT+0530 (India Standard Time)","11697.35","11725.65","11557.40","11669.15"
"Tue Nov 03 2020 00:00:00 GMT+0530 (India Standard Time)","11734.45","11836.20","11723.30","11813.50"
"Wed Nov 04 2020 00:00:00 GMT+0530 (India Standard Time)","11783.35","11929.65","11756.40","11908.50"
"Thu Nov 05 2020 00:00:00 GMT+0530 (India Standard Time)","12062.40","12131.10","12027.60","12120.30"
"Fri Nov 06 2020 00:00:00 GMT+0530 (India Standard Time)","12156.65","12280.40","12131.85","12263.55"
"Mon Nov 09 2020 00:00:00 GMT+0530 (India Standard Time)","12399.40","12474.05","12367.35","12461.05"
"Tue Nov 10 2020 00:00:00 GMT+0530 (India Standard Time)","12556.40","12643.90","12475.25","12631.10"
"Wed Nov 11 2020 00:00:00 GMT+0530 (India Standard Time)","12680.60","12769.75","12571.10","12749.15"
"Thu Nov 12 2020 00:00:00 GMT+0530 (India Standard Time)","12702.15","12741.15","12624.85","12690.80"
"Fri Nov 13 2020 00:00:00 GMT+0530 (India Standard Time)","12659.70","12735.95","12607.70","12719.95"
"Sat Nov 14 2020 00:00:00 GMT+0530 (India Standard Time)","12823.35","12828.70","12749.45","12780.25"
"Tue Nov 17 2020 00:00:00 GMT+0530 (India Standard Time)","12932.50","12934.05","12797.10","12874.20"
"Wed Nov 18 2020 00:00:00 GMT+0530 (India Standard Time)","12860.10","12948.85","12819.35","12938.25"
"Thu Nov 19 2020 00:00:00 GMT+0530 (India Standard Time)","12839.50","12963.00","12745.75","12771.70"
"Fri Nov 20 2020 00:00:00 GMT+0530 (India Standard Time)","12813.40","12892.45","12730.25","12859.05"
"Mon Nov 23 2020 00:00:00 GMT+0530 (India Standard Time)","12960.30","12968.85","12825.70","12926.45"
"Tue Nov 24 2020 00:00:00 GMT+0530 (India Standard Time)","13002.60","13079.10","12978.00","13055.15"
"Wed Nov 25 2020 00:00:00 GMT+0530 (India Standard Time)","13130.00","13145.85","12833.65","12858.40"
"Thu Nov 26 2020 00:00:00 GMT+0530 (India Standard Time)","12906.45","13018.00","12790.40","12987.00"
"Fri Nov 27 2020 00:00:00 GMT+0530 (India Standard Time)","13012.05","13035.30","12914.30","12968.95"
"Tue Dec 01 2020 00:00:00 GMT+0530 (India Standard Time)","13062.20","13128.40","12962.80","13109.05"
"Wed Dec 02 2020 00:00:00 GMT+0530 (India Standard Time)","13121.40","13128.50","12983.55","13113.75"
"Thu Dec 03 2020 00:00:00 GMT+0530 (India Standard Time)","13215.30","13216.60","13107.90","13133.90"
"Fri Dec 04 2020 00:00:00 GMT+0530 (India Standard Time)","13177.40","13280.05","13152.85","13258.55"
"Mon Dec 07 2020 00:00:00 GMT+0530 (India Standard Time)","13264.85","13366.65","13241.95","13355.75"
"Tue Dec 08 2020 00:00:00 GMT+0530 (India Standard Time)","13393.85","13435.45","13311.05","13392.95"
"Wed Dec 09 2020 00:00:00 GMT+0530 (India Standard Time)","13458.10","13548.90","13449.60","13529.10"
"Thu Dec 10 2020 00:00:00 GMT+0530 (India Standard Time)","13488.50","13503.55","13399.30","13478.30"
"Fri Dec 11 2020 00:00:00 GMT+0530 (India Standard Time)","13512.30","13579.35","13402.85","13513.85"
"Mon Dec 14 2020 00:00:00 GMT+0530 (India Standard Time)","13571.45","13597.50","13472.45","13558.15"
"Tue Dec 15 2020 00:00:00 GMT+0530 (India Standard Time)","13547.20","13589.65","13447.05","13567.85"
"Wed Dec 16 2020 00:00:00 GMT+0530 (India Standard Time)","13663.10","13692.35","13606.45","13682.70"
"Thu Dec 17 2020 00:00:00 GMT+0530 (India Standard Time)","13713.55","13773.25","13673.55","13740.70"
"Fri Dec 18 2020 00:00:00 GMT+0530 (India Standard Time)","13764.40","13772.85","13658.60","13760.55"
"Mon Dec 21 2020 00:00:00 GMT+0530 (India Standard Time)","13741.90","13777.50","13131.45","13328.40"
"Tue Dec 22 2020 00:00:00 GMT+0530 (India Standard Time)","13373.65","13492.05","13192.90","13466.30"
"Wed Dec 23 2020 00:00:00 GMT+0530 (India Standard Time)","13473.50","13619.45","13432.20","13601.10"
"Thu Dec 24 2020 00:00:00 GMT+0530 (India Standard Time)","13672.15","13771.75","13626.90","13749.25"
"Mon Dec 28 2020 00:00:00 GMT+0530 (India Standard Time)","13815.15","13885.30","13811.55","13873.20"
"Tue Dec 29 2020 00:00:00 GMT+0530 (India Standard Time)","13910.35","13967.60","13859.90","13932.60"
"Wed Dec 30 2020 00:00:00 GMT+0530 (India Standard Time)","13980.90","13997.00","13864.95","13981.95"
"Thu Dec 31 2020 00:00:00 GMT+0530 (India Standard Time)","13970.00","14024.85","13936.45","13981.75"
"Fri Jan 01 2021 00:00:00 GMT+0530 (India Standard Time)","13996.10","14049.85","13991.35","14018.50"
"Mon Jan 04 2021 00:00:00 GMT+0530 (India Standard Time)","14104.35","14147.95","13953.75","14132.90"
"Tue Jan 05 2021 00:00:00 GMT+0530 (India Standard Time)","14075.15","14215.60","14048.15","14199.50"
"Wed Jan 06 2021 00:00:00 GMT+0530 (India Standard Time)","14240.95","14244.15","14039.90","14146.25"
"Thu Jan 07 2021 00:00:00 GMT+0530 (India Standard Time)","14253.75","14256.25","14123.10","14137.35"
"Fri Jan 08 2021 00:00:00 GMT+0530 (India Standard Time)","14258.40","14367.30","14221.65","14347.25"
"Mon Jan 11 2021 00:00:00 GMT+0530 (India Standard Time)","14474.05","14498.20","14383.10","14484.75"
"Tue Jan 12 2021 00:00:00 GMT+0530 (India Standard Time)","14473.80","14590.65","14432.85","14563.45"
"Wed Jan 13 2021 00:00:00 GMT+0530 (India Standard Time)","14639.80","14653.35","14435.70","14564.85"
"Thu Jan 14 2021 00:00:00 GMT+0530 (India Standard Time)","14550.05","14617.80","14471.50","14595.60"
"Fri Jan 15 2021 00:00:00 GMT+0530 (India Standard Time)","14594.35","14617.45","14357.85","14433.70"
"Mon Jan 18 2021 00:00:00 GMT+0530 (India Standard Time)","14453.30","14459.15","14222.80","14281.30"
"Tue Jan 19 2021 00:00:00 GMT+0530 (India Standard Time)","14371.65","14546.05","14350.85","14521.15"
"Wed Jan 20 2021 00:00:00 GMT+0530 (India Standard Time)","14538.30","14666.45","14517.55","14644.70"
"Thu Jan 21 2021 00:00:00 GMT+0530 (India Standard Time)","14730.95","14753.55","14517.25","14590.35"
"Fri Jan 22 2021 00:00:00 GMT+0530 (India Standard Time)","14583.40","14619.90","14357.75","14371.90"
"Mon Jan 25 2021 00:00:00 GMT+0530 (India Standard Time)","14477.80","14491.10","14218.60","14238.90"
"Wed Jan 27 2021 00:00:00 GMT+0530 (India Standard Time)","14237.95","14237.95","13929.30","13967.50"
"Thu Jan 28 2021 00:00:00 GMT+0530 (India Standard Time)","13810.40","13898.25","13713.25","13817.55"
"Fri Jan 29 2021 00:00:00 GMT+0530 (India Standard Time)","13946.60","13966.85","13596.75","13634.60"
"Mon Feb 01 2021 00:00:00 GMT+0530 (India Standard Time)","13758.60","14336.35","13661.75","14281.20"
"Tue Feb 02 2021 00:00:00 GMT+0530 (India Standard Time)","14481.10","14731.70","14469.15","14647.85"
"Wed Feb 03 2021 00:00:00 GMT+0530 (India Standard Time)","14754.90","14868.85","14574.15","14789.95"
"Thu Feb 04 2021 00:00:00 GMT+0530 (India Standard Time)","14789.05","14913.70","14714.75","14895.65"
"Fri Feb 05 2021 00:00:00 GMT+0530 (India Standard Time)","14952.60","15014.65","14864.75","14924.25"
"Mon Feb 08 2021 00:00:00 GMT+0530 (India Standard Time)","15064.30","15159.90","15041.05","15115.80"
"Tue Feb 09 2021 00:00:00 GMT+0530 (India Standard Time)","15164.15","15257.10","15064.30","15109.30"
"Wed Feb 10 2021 00:00:00 GMT+0530 (India Standard Time)","15119.05","15168.25","14977.20","15106.50"
"Thu Feb 11 2021 00:00:00 GMT+0530 (India Standard Time)","15073.25","15188.50","15065.40","15173.30"
"Fri Feb 12 2021 00:00:00 GMT+0530 (India Standard Time)","15186.20","15243.50","15081.00","15163.30"
"Mon Feb 15 2021 00:00:00 GMT+0530 (India Standard Time)","15270.30","15340.15","15243.40","15314.70"
"Tue Feb 16 2021 00:00:00 GMT+0530 (India Standard Time)","15371.45","15431.75","15242.20","15313.45"
"Wed Feb 17 2021 00:00:00 GMT+0530 (India Standard Time)","15279.90","15314.30","15170.75","15208.90"
"Thu Feb 18 2021 00:00:00 GMT+0530 (India Standard Time)","15238.70","15250.75","15078.05","15118.95"
"Fri Feb 19 2021 00:00:00 GMT+0530 (India Standard Time)","15074.80","15144.05","14898.20","14981.75"
"Mon Feb 22 2021 00:00:00 GMT+0530 (India Standard Time)","14999.05","15010.10","14635.05","14675.70"
"Tue Feb 23 2021 00:00:00 GMT+0530 (India Standard Time)","14782.25","14854.50","14651.85","14707.80"
"Wed Feb 24 2021 00:00:00 GMT+0530 (India Standard Time)","14729.15","15008.80","14723.05","14982.00"
"Thu Feb 25 2021 00:00:00 GMT+0530 (India Standard Time)","15079.85","15176.50","15065.35","15097.35"
"Fri Feb 26 2021 00:00:00 GMT+0530 (India Standard Time)","14888.60","14919.45","14467.75","14529.15"
"Mon Mar 01 2021 00:00:00 GMT+0530 (India Standard Time)","14702.50","14806.80","14638.55","14761.55"
"Tue Mar 02 2021 00:00:00 GMT+0530 (India Standard Time)","14865.30","14959.10","14760.80","14919.10"
"Wed Mar 03 2021 00:00:00 GMT+0530 (India Standard Time)","15064.40","15273.15","14995.80","15245.60"
"Thu Mar 04 2021 00:00:00 GMT+0530 (India Standard Time)","15026.75","15202.35","14980.20","15080.75"
"Fri Mar 05 2021 00:00:00 GMT+0530 (India Standard Time)","14977.95","15092.35","14862.10","14938.10"
"Mon Mar 08 2021 00:00:00 GMT+0530 (India Standard Time)","15002.45","15111.15","14919.90","14956.20"
"Tue Mar 09 2021 00:00:00 GMT+0530 (India Standard Time)","15049.90","15126.85","14925.45","15098.40"
"Wed Mar 10 2021 00:00:00 GMT+0530 (India Standard Time)","15202.15","15218.45","15100.85","15174.80"
"Fri Mar 12 2021 00:00:00 GMT+0530 (India Standard Time)","15321.15","15336.30","14953.60","15030.95"
"Mon Mar 15 2021 00:00:00 GMT+0530 (India Standard Time)","15048.40","15048.40","14745.85","14929.50"
"Tue Mar 16 2021 00:00:00 GMT+0530 (India Standard Time)","14996.10","15051.60","14890.65","14910.45"
"Wed Mar 17 2021 00:00:00 GMT+0530 (India Standard Time)","14946.55","14956.55","14696.05","14721.30"
"Thu Mar 18 2021 00:00:00 GMT+0530 (India Standard Time)","14855.50","14875.20","14478.60","14557.85"
"Fri Mar 19 2021 00:00:00 GMT+0530 (India Standard Time)","14471.15","14788.25","14350.10","14744.00"
"Mon Mar 22 2021 00:00:00 GMT+0530 (India Standard Time)","14736.30","14763.90","14597.85","14736.40"
"Tue Mar 23 2021 00:00:00 GMT+0530 (India Standard Time)","14768.55","14878.60","14707.00","14814.75"
"Wed Mar 24 2021 00:00:00 GMT+0530 (India Standard Time)","14712.45","14752.35","14535.00","14549.40"
"Thu Mar 25 2021 00:00:00 GMT+0530 (India Standard Time)","14570.90","14575.60","14264.40","14324.90"
"Fri Mar 26 2021 00:00:00 GMT+0530 (India Standard Time)","14506.30","14572.90","14414.25","14507.30"
"Tue Mar 30 2021 00:00:00 GMT+0530 (India Standard Time)","14628.50","14876.30","14617.60","14845.10"
"Wed Mar 31 2021 00:00:00 GMT+0530 (India Standard Time)","14811.85","14813.75","14670.25","14690.70"
"Thu Apr 01 2021 00:00:00 GMT+0530 (India Standard Time)","14798.40","14883.20","14692.45","14867.35"
"Mon Apr 05 2021 00:00:00 GMT+0530 (India Standard Time)","14837.70","14849.85","14459.50","14637.80"
"Tue Apr 06 2021 00:00:00 GMT+0530 (India Standard Time)","14737.00","14779.10","14573.90","14683.50"
"Wed Apr 07 2021 00:00:00 GMT+0530 (India Standard Time)","14716.45","14879.80","14649.85","14819.05"
"Thu Apr 08 2021 00:00:00 GMT+0530 (India Standard Time)","14875.65","14984.15","14821.10","14873.80"
"Fri Apr 09 2021 00:00:00 GMT+0530 (India Standard Time)","14882.65","14918.45","14785.65","14834.85"
"Mon Apr 12 2021 00:00:00 GMT+0530 (India Standard Time)","14644.65","14652.50","14248.70","14310.80"
"Tue Apr 13 2021 00:00:00 GMT+0530 (India Standard Time)","14364.90","14528.90","14274.90","14504.80"
"Thu Apr 15 2021 00:00:00 GMT+0530 (India Standard Time)","14522.40","14597.55","14353.20","14581.45"
"Fri Apr 16 2021 00:00:00 GMT+0530 (India Standard Time)","14599.60","14697.70","14559.00","14617.85"
"Mon Apr 19 2021 00:00:00 GMT+0530 (India Standard Time)","14306.60","14382.30","14191.40","14359.45"
"Tue Apr 20 2021 00:00:00 GMT+0530 (India Standard Time)","14526.70","14526.95","14207.30","14296.40"
"Thu Apr 22 2021 00:00:00 GMT+0530 (India Standard Time)","14219.15","14424.75","14151.40","14406.15"
"Fri Apr 23 2021 00:00:00 GMT+0530 (India Standard Time)","14326.35","14461.15","14273.30","14341.35"
"Mon Apr 26 2021 00:00:00 GMT+0530 (India Standard Time)","14449.45","14557.50","14421.30","14485.00"
"Tue Apr 27 2021 00:00:00 GMT+0530 (India Standard Time)","14493.80","14667.55","14484.85","14653.05"
"Wed Apr 28 2021 00:00:00 GMT+0530 (India Standard Time)","14710.50","14890.25","14694.95","14864.55"
"Thu Apr 29 2021 00:00:00 GMT+0530 (India Standard Time)","14979.00","15044.35","14814.45","14894.90"
"Fri Apr 30 2021 00:00:00 GMT+0530 (India Standard Time)","14747.35","14855.45","14601.70","14631.10"
"Mon May 03 2021 00:00:00 GMT+0530 (India Standard Time)","14481.05","14673.85","14416.25","14634.15"
"Tue May 04 2021 00:00:00 GMT+0530 (India Standard Time)","14687.25","14723.40","14461.50","14496.50"
"Wed May 05 2021 00:00:00 GMT+0530 (India Standard Time)","14604.15","14637.90","14506.60","14617.85"
"Thu May 06 2021 00:00:00 GMT+0530 (India Standard Time)","14668.35","14743.90","14611.50","14724.80"
"Fri May 07 2021 00:00:00 GMT+0530 (India Standard Time)","14816.85","14863.05","14765.50","14823.15"
"Mon May 10 2021 00:00:00 GMT+0530 (India Standard Time)","14928.25","14966.90","14892.50","14942.35"
"Tue May 11 2021 00:00:00 GMT+0530 (India Standard Time)","14789.70","14900.00","14771.40","14850.75"
"Wed May 12 2021 00:00:00 GMT+0530 (India Standard Time)","14823.55","14824.05","14649.70","14696.50"
"Fri May 14 2021 00:00:00 GMT+0530 (India Standard Time)","14749.40","14749.65","14591.90","14677.80"
"Mon May 17 2021 00:00:00 GMT+0530 (India Standard Time)","14756.25","14938.00","14725.35","14923.15"
"Tue May 18 2021 00:00:00 GMT+0530 (India Standard Time)","15067.20","15137.25","15043.70","15108.10"
"Wed May 19 2021 00:00:00 GMT+0530 (India Standard Time)","15058.60","15133.40","15008.85","15030.15"
"Thu May 20 2021 00:00:00 GMT+0530 (India Standard Time)","15042.60","15069.80","14884.90","14906.05"
"Fri May 21 2021 00:00:00 GMT+0530 (India Standard Time)","14987.80","15190.00","14985.85","15175.30"
"Mon May 24 2021 00:00:00 GMT+0530 (India Standard Time)","15211.35","15256.25","15145.45","15197.70"
"Tue May 25 2021 00:00:00 GMT+0530 (India Standard Time)","15291.75","15293.85","15163.40","15208.45"
"Wed May 26 2021 00:00:00 GMT+0530 (India Standard Time)","15257.05","15319.90","15194.95","15301.45"
"Thu May 27 2021 00:00:00 GMT+0530 (India Standard Time)","15323.95","15384.55","15272.50","15337.85"
"Fri May 28 2021 00:00:00 GMT+0530 (India Standard Time)","15421.20","15469.65","15394.75","15435.65"
"Mon May 31 2021 00:00:00 GMT+0530 (India Standard Time)","15437.75","15606.35","15374.00","15582.80"
"Tue Jun 01 2021 00:00:00 GMT+0530 (India Standard Time)","15629.65","15660.75","15528.30","15574.85"
"Wed Jun 02 2021 00:00:00 GMT+0530 (India Standard Time)","15520.35","15597.45","15459.85","15576.20"
"Thu Jun 03 2021 00:00:00 GMT+0530 (India Standard Time)","15655.55","15705.10","15611.00","15690.35"
"Fri Jun 04 2021 00:00:00 GMT+0530 (India Standard Time)","15712.50","15733.60","15622.35","15670.25"
"Mon Jun 07 2021 00:00:00 GMT+0530 (India Standard Time)","15725.10","15773.45","15678.10","15751.65"
"Tue Jun 08 2021 00:00:00 GMT+0530 (India Standard Time)","15773.90","15778.80","15680.00","15740.10"
"Wed Jun 09 2021 00:00:00 GMT+0530 (India Standard Time)","15766.30","15800.45","15566.90","15635.35"
"Thu Jun 10 2021 00:00:00 GMT+0530 (India Standard Time)","15692.10","15751.25","15648.50","15737.75"
"Fri Jun 11 2021 00:00:00 GMT+0530 (India Standard Time)","15796.45","15835.55","15749.80","15799.35"
"Mon Jun 14 2021 00:00:00 GMT+0530 (India Standard Time)","15791.40","15823.05","15606.50","15811.85"
"Tue Jun 15 2021 00:00:00 GMT+0530 (India Standard Time)","15866.95","15901.60","15842.40","15869.25"
"Wed Jun 16 2021 00:00:00 GMT+0530 (India Standard Time)","15847.50","15880.85","15742.60","15767.55"
"Thu Jun 17 2021 00:00:00 GMT+0530 (India Standard Time)","15648.30","15769.35","15616.75","15691.40"
"Fri Jun 18 2021 00:00:00 GMT+0530 (India Standard Time)","15756.50","15761.50","15450.90","15683.35"
"Mon Jun 21 2021 00:00:00 GMT+0530 (India Standard Time)","15525.85","15765.15","15505.65","15746.50"
"Tue Jun 22 2021 00:00:00 GMT+0530 (India Standard Time)","15840.50","15895.75","15752.10","15772.75"
"Wed Jun 23 2021 00:00:00 GMT+0530 (India Standard Time)","15862.80","15862.95","15673.95","15686.95"
"Thu Jun 24 2021 00:00:00 GMT+0530 (India Standard Time)","15737.30","15821.40","15702.70","15790.45"
"Fri Jun 25 2021 00:00:00 GMT+0530 (India Standard Time)","15839.35","15870.80","15772.30","15860.35"
"Mon Jun 28 2021 00:00:00 GMT+0530 (India Standard Time)","15915.35","15915.65","15792.15","15814.70"
"Tue Jun 29 2021 00:00:00 GMT+0530 (India Standard Time)","15807.50","15835.90","15724.05","15748.45"
"Wed Jun 30 2021 00:00:00 GMT+0530 (India Standard Time)","15776.90","15839.10","15708.75","15721.50"
"Thu Jul 01 2021 00:00:00 GMT+0530 (India Standard Time)","15755.05","15755.55","15667.05","15680.00"
"Fri Jul 02 2021 00:00:00 GMT+0530 (India Standard Time)","15705.85","15738.35","15635.95","15722.20"
"Mon Jul 05 2021 00:00:00 GMT+0530 (India Standard Time)","15793.40","15845.95","15762.05","15834.35"
"Tue Jul 06 2021 00:00:00 GMT+0530 (India Standard Time)","15813.75","15914.20","15801.00","15818.25"
"Wed Jul 07 2021 00:00:00 GMT+0530 (India Standard Time)","15819.60","15893.55","15779.70","15879.65"
"Thu Jul 08 2021 00:00:00 GMT+0530 (India Standard Time)","15855.40","15885.75","15682.90","15727.90"
"Fri Jul 09 2021 00:00:00 GMT+0530 (India Standard Time)","15688.25","15730.85","15632.75","15689.80"
"Mon Jul 12 2021 00:00:00 GMT+0530 (India Standard Time)","15766.80","15789.20","15644.75","15692.60"
"Tue Jul 13 2021 00:00:00 GMT+0530 (India Standard Time)","15794.00","15820.80","15744.60","15812.35"
"Wed Jul 14 2021 00:00:00 GMT+0530 (India Standard Time)","15808.70","15877.35","15764.20","15853.95"
"Thu Jul 15 2021 00:00:00 GMT+0530 (India Standard Time)","15872.15","15952.35","15855.00","15924.20"
"Fri Jul 16 2021 00:00:00 GMT+0530 (India Standard Time)","15958.35","15962.25","15882.60","15923.40"
"Mon Jul 19 2021 00:00:00 GMT+0530 (India Standard Time)","15754.50","15836.90","15707.50","15752.40"
"Tue Jul 20 2021 00:00:00 GMT+0530 (India Standard Time)","15703.95","15728.45","15578.55","15632.10"
"Thu Jul 22 2021 00:00:00 GMT+0530 (India Standard Time)","15736.60","15834.80","15726.40","15824.05"
"Fri Jul 23 2021 00:00:00 GMT+0530 (India Standard Time)","15856.80","15899.80","15768.40","15856.05"
"Mon Jul 26 2021 00:00:00 GMT+0530 (India Standard Time)","15849.30","15893.35","15797.00","15824.45"
"Tue Jul 27 2021 00:00:00 GMT+0530 (India Standard Time)","15860.50","15881.55","15701.00","15746.45"
"Wed Jul 28 2021 00:00:00 GMT+0530 (India Standard Time)","15761.55","15767.50","15513.45","15709.40"
"Thu Jul 29 2021 00:00:00 GMT+0530 (India Standard Time)","15762.70","15817.35","15737.80","15778.45"
"Fri Jul 30 2021 00:00:00 GMT+0530 (India Standard Time)","15800.60","15862.80","15744.85","15763.05"
"Mon Aug 02 2021 00:00:00 GMT+0530 (India Standard Time)","15874.90","15892.90","15834.65","15885.15"
"Tue Aug 03 2021 00:00:00 GMT+0530 (India Standard Time)","15951.55","16146.90","15914.35","16130.75"
"Wed Aug 04 2021 00:00:00 GMT+0530 (India Standard Time)","16195.25","16290.20","16176.15","16258.80"
"Thu Aug 05 2021 00:00:00 GMT+0530 (India Standard Time)","16288.95","16349.45","16210.30","16294.60"
"Fri Aug 06 2021 00:00:00 GMT+0530 (India Standard Time)","16304.40","16336.75","16223.30","16238.20"
"Mon Aug 09 2021 00:00:00 GMT+0530 (India Standard Time)","16281.35","16320.75","16179.05","16258.25"
"Tue Aug 10 2021 00:00:00 GMT+0530 (India Standard Time)","16274.80","16359.25","16202.25","16280.10"
"Wed Aug 11 2021 00:00:00 GMT+0530 (India Standard Time)","16327.30","16338.75","16162.55","16282.25"
"Thu Aug 12 2021 00:00:00 GMT+0530 (India Standard Time)","16303.65","16375.50","16286.90","16364.40"
"Fri Aug 13 2021 00:00:00 GMT+0530 (India Standard Time)","16385.70","16543.59","16376.30","16529.09"
"Mon Aug 16 2021 00:00:00 GMT+0530 (India Standard Time)","16518.40","16589.40","16480.75","16563.05"
"Tue Aug 17 2021 00:00:00 GMT+0530 (India Standard Time)","16545.25","16628.55","16495.40","16614.59"
"Wed Aug 18 2021 00:00:00 GMT+0530 (India Standard Time)","16691.95","16701.84","16535.84","16568.84"
"Fri Aug 20 2021 00:00:00 GMT+0530 (India Standard Time)","16382.50","16509.55","16376.05","16450.50"
"Mon Aug 23 2021 00:00:00 GMT+0530 (India Standard Time)","16592.25","16592.50","16395.70","16496.45"
"Tue Aug 24 2021 00:00:00 GMT+0530 (India Standard Time)","16561.40","16647.09","16495.30","16624.59"
"Wed Aug 25 2021 00:00:00 GMT+0530 (India Standard Time)","16654.00","16712.45","16617.50","16634.65"
"Thu Aug 26 2021 00:00:00 GMT+0530 (India Standard Time)","16627.95","16683.70","16603.40","16636.90"
"Fri Aug 27 2021 00:00:00 GMT+0530 (India Standard Time)","16642.55","16722.05","16565.59","16705.20"
"Mon Aug 30 2021 00:00:00 GMT+0530 (India Standard Time)","16775.84","16951.50","16764.84","16931.05"
"Tue Aug 31 2021 00:00:00 GMT+0530 (India Standard Time)","16947.50","17153.50","16915.84","17132.20"
"Wed Sep 01 2021 00:00:00 GMT+0530 (India Standard Time)","17185.59","17225.75","17055.05","17076.25"
"Thu Sep 02 2021 00:00:00 GMT+0530 (India Standard Time)","17095.40","17245.50","17059.70","17234.15"
"Fri Sep 03 2021 00:00:00 GMT+0530 (India Standard Time)","17262.45","17340.09","17212.20","17323.59"
"Mon Sep 06 2021 00:00:00 GMT+0530 (India Standard Time)","17399.34","17429.55","17345.55","17377.80"
"Tue Sep 07 2021 00:00:00 GMT+0530 (India Standard Time)","17401.55","17436.50","17287.00","17362.09"
"Wed Sep 08 2021 00:00:00 GMT+0530 (India Standard Time)","17375.75","17383.40","17254.20","17353.50"
"Thu Sep 09 2021 00:00:00 GMT+0530 (India Standard Time)","17312.84","17379.65","17302.70","17369.25"
"Mon Sep 13 2021 00:00:00 GMT+0530 (India Standard Time)","17363.55","17378.34","17269.15","17355.30"
"Tue Sep 14 2021 00:00:00 GMT+0530 (India Standard Time)","17420.34","17438.55","17367.05","17380.00"
"Wed Sep 15 2021 00:00:00 GMT+0530 (India Standard Time)","17387.65","17532.70","17386.90","17519.45"
"Thu Sep 16 2021 00:00:00 GMT+0530 (India Standard Time)","17539.20","17644.59","17510.45","17629.50"
"Fri Sep 17 2021 00:00:00 GMT+0530 (India Standard Time)","17709.65","17792.95","17537.65","17585.15"
"Mon Sep 20 2021 00:00:00 GMT+0530 (India Standard Time)","17443.84","17622.75","17361.80","17396.90"
"Tue Sep 21 2021 00:00:00 GMT+0530 (India Standard Time)","17450.50","17578.34","17326.09","17562.00"
"Wed Sep 22 2021 00:00:00 GMT+0530 (India Standard Time)","17580.90","17610.45","17524.00","17546.65"
"Thu Sep 23 2021 00:00:00 GMT+0530 (India Standard Time)","17670.84","17843.90","17646.55","17822.95"
"Fri Sep 24 2021 00:00:00 GMT+0530 (India Standard Time)","17897.45","17947.65","17819.40","17853.20"
"Mon Sep 27 2021 00:00:00 GMT+0530 (India Standard Time)","17932.20","17943.50","17802.90","17855.09"
"Tue Sep 28 2021 00:00:00 GMT+0530 (India Standard Time)","17906.45","17912.84","17576.09","17748.59"
"Wed Sep 29 2021 00:00:00 GMT+0530 (India Standard Time)","17657.95","17781.75","17608.15","17711.30"
"Thu Sep 30 2021 00:00:00 GMT+0530 (India Standard Time)","17718.90","17742.15","17585.34","17618.15"
"Fri Oct 01 2021 00:00:00 GMT+0530 (India Standard Time)","17531.90","17557.15","17452.90","17532.05"
"Mon Oct 04 2021 00:00:00 GMT+0530 (India Standard Time)","17615.55","17750.90","17581.34","17691.25"
"Tue Oct 05 2021 00:00:00 GMT+0530 (India Standard Time)","17661.34","17833.45","17640.90","17822.30"
"Wed Oct 06 2021 00:00:00 GMT+0530 (India Standard Time)","17861.50","17884.59","17613.15","17646.00"
"Thu Oct 07 2021 00:00:00 GMT+0530 (India Standard Time)","17810.55","17857.55","17763.80","17790.34"
"Fri Oct 08 2021 00:00:00 GMT+0530 (India Standard Time)","17886.84","17941.84","17840.34","17895.20"
"Mon Oct 11 2021 00:00:00 GMT+0530 (India Standard Time)","17867.55","18041.95","17839.09","17945.95"
"Tue Oct 12 2021 00:00:00 GMT+0530 (India Standard Time)","17915.80","18008.65","17864.95","17991.95"
"Wed Oct 13 2021 00:00:00 GMT+0530 (India Standard Time)","18097.84","18197.80","18050.75","18161.75"
"Thu Oct 14 2021 00:00:00 GMT+0530 (India Standard Time)","18272.84","18350.75","18248.70","18338.55"
"Mon Oct 18 2021 00:00:00 GMT+0530 (India Standard Time)","18500.09","18543.15","18445.30","18477.05"
"Tue Oct 19 2021 00:00:00 GMT+0530 (India Standard Time)","18602.34","18604.45","18377.70","18418.75"
"Wed Oct 20 2021 00:00:00 GMT+0530 (India Standard Time)","18439.90","18458.30","18209.34","18266.59"
"Thu Oct 21 2021 00:00:00 GMT+0530 (India Standard Time)","18382.70","18384.20","18048.00","18178.09"
"Fri Oct 22 2021 00:00:00 GMT+0530 (India Standard Time)","18230.70","18314.25","18034.34","18114.90"
"Mon Oct 25 2021 00:00:00 GMT+0530 (India Standard Time)","18229.50","18241.40","17968.50","18125.40"
"Tue Oct 26 2021 00:00:00 GMT+0530 (India Standard Time)","18154.50","18310.45","18099.30","18268.40"
"Wed Oct 27 2021 00:00:00 GMT+0530 (India Standard Time)","18295.84","18342.05","18167.90","18210.95"
"Thu Oct 28 2021 00:00:00 GMT+0530 (India Standard Time)","18187.65","18190.70","17799.45","17857.25"
"Fri Oct 29 2021 00:00:00 GMT+0530 (India Standard Time)","17833.05","17915.84","17613.09","17671.65"
"Mon Nov 01 2021 00:00:00 GMT+0530 (India Standard Time)","17783.15","17954.09","17697.09","17929.65"
"Tue Nov 02 2021 00:00:00 GMT+0530 (India Standard Time)","17970.90","18012.25","17847.59","17888.95"
"Wed Nov 03 2021 00:00:00 GMT+0530 (India Standard Time)","17947.95","17988.75","17757.95","17829.20"
"Thu Nov 04 2021 00:00:00 GMT+0530 (India Standard Time)","17935.05","17947.55","17900.59","17916.80"
"Mon Nov 08 2021 00:00:00 GMT+0530 (India Standard Time)","18040.20","18087.80","17836.09","18068.55"
"Tue Nov 09 2021 00:00:00 GMT+0530 (India Standard Time)","18084.34","18112.59","17983.05","18044.25"
"Wed Nov 10 2021 00:00:00 GMT+0530 (India Standard Time)","17973.45","18061.25","17915.00","18017.20"
"Thu Nov 11 2021 00:00:00 GMT+0530 (India Standard Time)","17967.45","17971.34","17798.20","17873.59"
"Fri Nov 12 2021 00:00:00 GMT+0530 (India Standard Time)","17977.59","18123.00","17905.90","18102.75"
"Mon Nov 15 2021 00:00:00 GMT+0530 (India Standard Time)","18140.95","18210.15","18071.30","18109.45"
"Tue Nov 16 2021 00:00:00 GMT+0530 (India Standard Time)","18127.05","18132.65","17958.80","17999.20"
"Wed Nov 17 2021 00:00:00 GMT+0530 (India Standard Time)","17939.34","18022.65","17879.25","17898.65"
"Thu Nov 18 2021 00:00:00 GMT+0530 (India Standard Time)","17890.55","17945.59","17688.50","17764.80"
"Mon Nov 22 2021 00:00:00 GMT+0530 (India Standard Time)","17796.25","17805.25","17280.45","17416.55"
"Tue Nov 23 2021 00:00:00 GMT+0530 (India Standard Time)","17281.75","17553.70","17216.09","17503.34"
"Wed Nov 24 2021 00:00:00 GMT+0530 (India Standard Time)","17550.05","17600.59","17354.00","17415.05"
"Thu Nov 25 2021 00:00:00 GMT+0530 (India Standard Time)","17417.30","17564.34","17351.70","17536.25"
"Fri Nov 26 2021 00:00:00 GMT+0530 (India Standard Time)","17338.75","17355.40","16985.70","17026.45"
"Mon Nov 29 2021 00:00:00 GMT+0530 (India Standard Time)","17055.80","17160.70","16782.40","17053.95"
"Tue Nov 30 2021 00:00:00 GMT+0530 (India Standard Time)","17051.15","17324.65","16931.40","16983.20"
"Wed Dec 01 2021 00:00:00 GMT+0530 (India Standard Time)","17104.40","17213.05","17064.25","17166.90"
"Thu Dec 02 2021 00:00:00 GMT+0530 (India Standard Time)","17183.20","17420.34","17149.30","17401.65"
"Fri Dec 03 2021 00:00:00 GMT+0530 (India Standard Time)","17424.90","17489.80","17180.80","17196.70"
"Mon Dec 06 2021 00:00:00 GMT+0530 (India Standard Time)","17209.05","17216.75","16891.70","16912.25"
"Tue Dec 07 2021 00:00:00 GMT+0530 (India Standard Time)","17044.09","17251.65","16987.75","17176.70"
"Wed Dec 08 2021 00:00:00 GMT+0530 (India Standard Time)","17315.25","17484.59","17308.95","17469.75"
"Thu Dec 09 2021 00:00:00 GMT+0530 (India Standard Time)","17524.40","17543.25","17379.59","17516.84"
"Fri Dec 10 2021 00:00:00 GMT+0530 (India Standard Time)","17476.05","17534.34","17405.25","17511.30"
"Mon Dec 13 2021 00:00:00 GMT+0530 (India Standard Time)","17619.09","17639.50","17355.95","17368.25"
"Tue Dec 14 2021 00:00:00 GMT+0530 (India Standard Time)","17283.20","17376.20","17225.80","17324.90"
"Wed Dec 15 2021 00:00:00 GMT+0530 (India Standard Time)","17323.65","17351.20","17192.20","17221.40"
"Thu Dec 16 2021 00:00:00 GMT+0530 (India Standard Time)","17373.00","17379.34","17184.95","17248.40"
"Fri Dec 17 2021 00:00:00 GMT+0530 (India Standard Time)","17276.00","17298.15","16966.45","16985.20"
"Mon Dec 20 2021 00:00:00 GMT+0530 (India Standard Time)","16824.25","16840.09","16410.20","16614.20"
"Tue Dec 21 2021 00:00:00 GMT+0530 (India Standard Time)","16773.15","16936.40","16688.25","16770.84"
"Wed Dec 22 2021 00:00:00 GMT+0530 (India Standard Time)","16865.55","16971.00","16819.50","16955.45"
"Thu Dec 23 2021 00:00:00 GMT+0530 (India Standard Time)","17066.80","17118.65","17015.55","17072.59"
"Fri Dec 24 2021 00:00:00 GMT+0530 (India Standard Time)","17149.50","17155.59","16909.59","17003.75"
"Mon Dec 27 2021 00:00:00 GMT+0530 (India Standard Time)","16937.75","17112.05","16833.20","17086.25"
"Tue Dec 28 2021 00:00:00 GMT+0530 (India Standard Time)","17177.59","17250.25","17161.15","17233.25"
"Wed Dec 29 2021 00:00:00 GMT+0530 (India Standard Time)","17220.09","17285.95","17176.65","17213.59"
"Thu Dec 30 2021 00:00:00 GMT+0530 (India Standard Time)","17201.45","17264.05","17146.34","17203.95"
"Fri Dec 31 2021 00:00:00 GMT+0530 (India Standard Time)","17244.50","17400.80","17238.50","17354.05"
"Mon Jan 03 2022 00:00:00 GMT+0530 (India Standard Time)","17387.15","17646.65","17383.30","17625.70"
"Tue Jan 04 2022 00:00:00 GMT+0530 (India Standard Time)","17681.40","17827.59","17593.55","17805.25"
"Wed Jan 05 2022 00:00:00 GMT+0530 (India Standard Time)","17820.09","17944.70","17748.84","17925.25"
"Thu Jan 06 2022 00:00:00 GMT+0530 (India Standard Time)","17768.50","17797.95","17655.55","17745.90"
"Fri Jan 07 2022 00:00:00 GMT+0530 (India Standard Time)","17797.59","17905.00","17704.55","17812.70"
"Mon Jan 10 2022 00:00:00 GMT+0530 (India Standard Time)","17913.30","18017.45","17879.15","18003.30"
"Tue Jan 11 2022 00:00:00 GMT+0530 (India Standard Time)","17997.75","18081.25","17964.40","18055.75"
"Wed Jan 12 2022 00:00:00 GMT+0530 (India Standard Time)","18170.40","18227.95","18128.80","18212.34"
"Thu Jan 13 2022 00:00:00 GMT+0530 (India Standard Time)","18257.00","18272.25","18163.80","18257.80"
"Fri Jan 14 2022 00:00:00 GMT+0530 (India Standard Time)","18185.00","18286.95","18119.65","18255.75"
"Mon Jan 17 2022 00:00:00 GMT+0530 (India Standard Time)","18235.65","18321.55","18228.75","18308.09"
"Tue Jan 18 2022 00:00:00 GMT+0530 (India Standard Time)","18337.20","18350.95","18085.90","18113.05"
"Wed Jan 19 2022 00:00:00 GMT+0530 (India Standard Time)","18129.20","18129.20","17884.90","17938.40"
"Thu Jan 20 2022 00:00:00 GMT+0530 (India Standard Time)","17921.00","17943.70","17648.45","17757.00"
"Fri Jan 21 2022 00:00:00 GMT+0530 (India Standard Time)","17613.70","17707.59","17485.84","17617.15"
"Mon Jan 24 2022 00:00:00 GMT+0530 (India Standard Time)","17575.15","17599.40","16997.84","17149.09"
"Tue Jan 25 2022 00:00:00 GMT+0530 (India Standard Time)","17001.55","17309.15","16836.80","17277.95"
"Thu Jan 27 2022 00:00:00 GMT+0530 (India Standard Time)","17062.00","17182.50","16866.75","17110.15"
"Fri Jan 28 2022 00:00:00 GMT+0530 (India Standard Time)","17208.30","17373.50","17077.09","17101.95"
"Mon Jan 31 2022 00:00:00 GMT+0530 (India Standard Time)","17301.05","17410.00","17264.15","17339.84"
"Tue Feb 01 2022 00:00:00 GMT+0530 (India Standard Time)","17529.45","17622.40","17244.55","17576.84"
"Wed Feb 02 2022 00:00:00 GMT+0530 (India Standard Time)","17706.20","17794.59","17674.80","17780.00"
"Thu Feb 03 2022 00:00:00 GMT+0530 (India Standard Time)","17767.75","17781.15","17511.15","17560.20"
"Fri Feb 04 2022 00:00:00 GMT+0530 (India Standard Time)","17590.20","17617.80","17462.55","17516.30"
"Mon Feb 07 2022 00:00:00 GMT+0530 (India Standard Time)","17456.30","17536.75","17119.40","17213.59"
"Tue Feb 08 2022 00:00:00 GMT+0530 (India Standard Time)","17279.84","17306.45","17043.65","17266.75"
"Wed Feb 09 2022 00:00:00 GMT+0530 (India Standard Time)","17370.09","17477.15","17339.00","17463.80"
"Thu Feb 10 2022 00:00:00 GMT+0530 (India Standard Time)","17554.10","17639.45","17427.15","17605.85"
"Fri Feb 11 2022 00:00:00 GMT+0530 (India Standard Time)","17451.00","17454.75","17303.00","17374.75"
"Mon Feb 14 2022 00:00:00 GMT+0530 (India Standard Time)","17076.15","17099.50","16809.65","16842.80"
"Tue Feb 15 2022 00:00:00 GMT+0530 (India Standard Time)","16933.25","17375.00","16839.25","17352.45"
"Wed Feb 16 2022 00:00:00 GMT+0530 (India Standard Time)","17408.45","17490.60","17257.70","17322.20"
"Thu Feb 17 2022 00:00:00 GMT+0530 (India Standard Time)","17396.55","17442.90","17235.85","17304.60"