"Date","Open","High","Low","Close"
"Wed Apr 06 1994 00:00:00 GMT+0530 (India Standard Time)","1202.90","1202.90","1202.90","1202.90"
"Thu Apr 07 1994 00:00:00 GMT+0530 (India Standard Time)","1203.00","1203.00","1203.00","1203.00"
"Fri Apr 08 1994 00:00:00 GMT+0530 (India Standard Time)","1221.00","1221.00","1221.00","1221.00"
"Tue Apr 12 1994 00:00:00 GMT+0530 (India Standard Time)","1229.70","1229.70","1229.70","1229.70"
"Wed Apr 13 1994 00:00:00 GMT+0530 (India Standard Time)","1228.90","1228.90","1228.90","1228.90"
"Fri Apr 15 1994 00:00:00 GMT+0530 (India Standard Time)","1214.80","1214.80","1214.80","1214.80"
"Mon Apr 18 1994 00:00:00 GMT+0530 (India Standard Time)","1201.90","1201.90","1201.90","1201.90"
"Tue Apr 19 1994 00:00:00 GMT+0530 (India Standard Time)","1192.30","1192.30","1192.30","1192.30"
"Thu Apr 21 1994 00:00:00 GMT+0530 (India Standard Time)","1174.20","1174.20","1174.20","1174.20"
"Fri Apr 22 1994 00:00:00 GMT+0530 (India Standard Time)","1183.00","1183.00","1183.00","1183.00"
"Mon Apr 25 1994 00:00:00 GMT+0530 (India Standard Time)","1184.50","1184.50","1184.50","1184.50"
"Tue Apr 26 1994 00:00:00 GMT+0530 (India Standard Time)","1174.00","1174.00","1174.00","1174.00"
"Wed Apr 27 1994 00:00:00 GMT+0530 (India Standard Time)","1159.00","1159.00","1159.00","1159.00"
"Thu Apr 28 1994 00:00:00 GMT+0530 (India Standard Time)","1147.90","1147.90","1147.90","1147.90"
"Fri Apr 29 1994 00:00:00 GMT+0530 (India Standard Time)","1150.50","1150.50","1150.50","1150.50"
"Mon May 02 1994 00:00:00 GMT+0530 (India Standard Time)","1148.70","1148.70","1148.70","1148.70"
"Tue May 03 1994 00:00:00 GMT+0530 (India Standard Time)","1132.00","1132.00","1132.00","1132.00"
"Wed May 04 1994 00:00:00 GMT+0530 (India Standard Time)","1121.50","1121.50","1121.50","1121.50"
"Thu May 05 1994 00:00:00 GMT+0530 (India Standard Time)","1129.70","1129.70","1129.70","1129.70"
"Fri May 06 1994 00:00:00 GMT+0530 (India Standard Time)","1155.20","1155.20","1155.20","1155.20"
"Mon May 09 1994 00:00:00 GMT+0530 (India Standard Time)","1173.40","1173.40","1173.40","1173.40"
"Tue May 10 1994 00:00:00 GMT+0530 (India Standard Time)","1180.00","1180.00","1180.00","1180.00"
"Wed May 11 1994 00:00:00 GMT+0530 (India Standard Time)","1185.80","1185.80","1185.80","1185.80"
"Fri May 13 1994 00:00:00 GMT+0530 (India Standard Time)","1198.30","1198.30","1198.30","1198.30"
"Mon May 16 1994 00:00:00 GMT+0530 (India Standard Time)","1210.80","1210.80","1210.80","1210.80"
"Tue May 17 1994 00:00:00 GMT+0530 (India Standard Time)","1197.00","1197.00","1197.00","1197.00"
"Wed May 18 1994 00:00:00 GMT+0530 (India Standard Time)","1191.50","1191.50","1191.50","1191.50"
"Thu May 19 1994 00:00:00 GMT+0530 (India Standard Time)","1193.90","1193.90","1193.90","1193.90"
"Fri May 20 1994 00:00:00 GMT+0530 (India Standard Time)","1182.40","1182.40","1182.40","1182.40"
"Mon May 23 1994 00:00:00 GMT+0530 (India Standard Time)","1165.50","1165.50","1165.50","1165.50"
"Tue May 24 1994 00:00:00 GMT+0530 (India Standard Time)","1154.20","1154.20","1154.20","1154.20"
"Thu May 26 1994 00:00:00 GMT+0530 (India Standard Time)","1163.00","1163.00","1163.00","1163.00"
"Fri May 27 1994 00:00:00 GMT+0530 (India Standard Time)","1177.50","1177.50","1177.50","1177.50"
"Mon May 30 1994 00:00:00 GMT+0530 (India Standard Time)","1188.00","1188.00","1188.00","1188.00"
"Tue May 31 1994 00:00:00 GMT+0530 (India Standard Time)","1187.00","1187.00","1187.00","1187.00"
"Wed Jun 01 1994 00:00:00 GMT+0530 (India Standard Time)","1186.00","1186.00","1186.00","1186.00"
"Thu Jun 02 1994 00:00:00 GMT+0530 (India Standard Time)","1209.90","1209.90","1209.90","1209.90"
"Fri Jun 03 1994 00:00:00 GMT+0530 (India Standard Time)","1246.00","1246.00","1246.00","1246.00"
"Mon Jun 06 1994 00:00:00 GMT+0530 (India Standard Time)","1259.00","1259.00","1259.00","1259.00"
"Tue Jun 07 1994 00:00:00 GMT+0530 (India Standard Time)","1245.90","1245.90","1245.90","1245.90"
"Wed Jun 08 1994 00:00:00 GMT+0530 (India Standard Time)","1246.30","1246.30","1246.30","1246.30"
"Thu Jun 09 1994 00:00:00 GMT+0530 (India Standard Time)","1264.50","1264.50","1264.50","1264.50"
"Fri Jun 10 1994 00:00:00 GMT+0530 (India Standard Time)","1268.20","1268.20","1268.20","1268.20"
"Mon Jun 13 1994 00:00:00 GMT+0530 (India Standard Time)","1264.30","1264.30","1264.30","1264.30"
"Tue Jun 14 1994 00:00:00 GMT+0530 (India Standard Time)","1263.20","1263.20","1263.20","1263.20"
"Wed Jun 15 1994 00:00:00 GMT+0530 (India Standard Time)","1262.40","1262.40","1262.40","1262.40"
"Thu Jun 16 1994 00:00:00 GMT+0530 (India Standard Time)","1277.00","1277.00","1277.00","1277.00"
"Fri Jun 17 1994 00:00:00 GMT+0530 (India Standard Time)","1302.50","1302.50","1302.50","1302.50"
"Mon Jun 20 1994 00:00:00 GMT+0530 (India Standard Time)","1318.50","1318.50","1318.50","1318.50"
"Wed Jun 22 1994 00:00:00 GMT+0530 (India Standard Time)","1313.80","1313.80","1313.80","1313.80"
"Thu Jun 23 1994 00:00:00 GMT+0530 (India Standard Time)","1300.80","1300.80","1300.80","1300.80"
"Fri Jun 24 1994 00:00:00 GMT+0530 (India Standard Time)","1287.00","1287.00","1287.00","1287.00"
"Mon Jun 27 1994 00:00:00 GMT+0530 (India Standard Time)","1274.30","1274.30","1274.30","1274.30"
"Tue Jun 28 1994 00:00:00 GMT+0530 (India Standard Time)","1285.70","1285.70","1285.70","1285.70"
"Wed Jun 29 1994 00:00:00 GMT+0530 (India Standard Time)","1263.00","1263.00","1263.00","1263.00"
"Thu Jun 30 1994 00:00:00 GMT+0530 (India Standard Time)","1249.40","1249.40","1249.40","1249.40"
"Fri Jul 01 1994 00:00:00 GMT+0530 (India Standard Time)","1262.00","1262.00","1262.00","1262.00"
"Mon Jul 04 1994 00:00:00 GMT+0530 (India Standard Time)","1255.40","1255.40","1255.40","1255.40"
"Tue Jul 05 1994 00:00:00 GMT+0530 (India Standard Time)","1253.70","1253.70","1253.70","1253.70"
"Wed Jul 06 1994 00:00:00 GMT+0530 (India Standard Time)","1251.70","1251.70","1251.70","1251.70"
"Thu Jul 07 1994 00:00:00 GMT+0530 (India Standard Time)","1241.20","1241.20","1241.20","1241.20"
"Fri Jul 08 1994 00:00:00 GMT+0530 (India Standard Time)","1250.00","1250.00","1250.00","1250.00"
"Mon Jul 11 1994 00:00:00 GMT+0530 (India Standard Time)","1251.50","1251.50","1251.50","1251.50"
"Tue Jul 12 1994 00:00:00 GMT+0530 (India Standard Time)","1266.40","1266.40","1266.40","1266.40"
"Wed Jul 13 1994 00:00:00 GMT+0530 (India Standard Time)","1263.80","1263.80","1263.80","1263.80"
"Thu Jul 14 1994 00:00:00 GMT+0530 (India Standard Time)","1253.50","1253.50","1253.50","1253.50"
"Fri Jul 15 1994 00:00:00 GMT+0530 (India Standard Time)","1259.80","1259.80","1259.80","1259.80"
"Mon Jul 18 1994 00:00:00 GMT+0530 (India Standard Time)","1253.90","1253.90","1253.90","1253.90"
"Tue Jul 19 1994 00:00:00 GMT+0530 (India Standard Time)","1257.00","1257.00","1257.00","1257.00"
"Wed Jul 20 1994 00:00:00 GMT+0530 (India Standard Time)","1254.00","1254.00","1254.00","1254.00"
"Thu Jul 21 1994 00:00:00 GMT+0530 (India Standard Time)","1252.90","1252.90","1252.90","1252.90"
"Fri Jul 22 1994 00:00:00 GMT+0530 (India Standard Time)","1256.50","1256.50","1256.50","1256.50"
"Mon Jul 25 1994 00:00:00 GMT+0530 (India Standard Time)","1256.50","1256.50","1256.50","1256.50"
"Tue Jul 26 1994 00:00:00 GMT+0530 (India Standard Time)","1258.40","1258.40","1258.40","1258.40"
"Wed Jul 27 1994 00:00:00 GMT+0530 (India Standard Time)","1255.70","1255.70","1255.70","1255.70"
"Thu Jul 28 1994 00:00:00 GMT+0530 (India Standard Time)","1256.00","1256.00","1256.00","1256.00"
"Fri Jul 29 1994 00:00:00 GMT+0530 (India Standard Time)","1278.50","1278.50","1278.50","1278.50"
"Mon Aug 01 1994 00:00:00 GMT+0530 (India Standard Time)","1308.00","1308.00","1308.00","1308.00"
"Tue Aug 02 1994 00:00:00 GMT+0530 (India Standard Time)","1312.90","1312.90","1312.90","1312.90"
"Wed Aug 03 1994 00:00:00 GMT+0530 (India Standard Time)","1303.30","1303.30","1303.30","1303.30"
"Thu Aug 04 1994 00:00:00 GMT+0530 (India Standard Time)","1308.40","1308.40","1308.40","1308.40"
"Fri Aug 05 1994 00:00:00 GMT+0530 (India Standard Time)","1308.70","1308.70","1308.70","1308.70"
"Mon Aug 08 1994 00:00:00 GMT+0530 (India Standard Time)","1306.80","1306.80","1306.80","1306.80"
"Tue Aug 09 1994 00:00:00 GMT+0530 (India Standard Time)","1311.60","1311.60","1311.60","1311.60"
"Wed Aug 10 1994 00:00:00 GMT+0530 (India Standard Time)","1324.20","1324.20","1324.20","1324.20"
"Thu Aug 11 1994 00:00:00 GMT+0530 (India Standard Time)","1329.20","1329.20","1329.20","1329.20"
"Fri Aug 12 1994 00:00:00 GMT+0530 (India Standard Time)","1360.90","1360.90","1360.90","1360.90"
"Tue Aug 16 1994 00:00:00 GMT+0530 (India Standard Time)","1361.10","1361.10","1361.10","1361.10"
"Wed Aug 17 1994 00:00:00 GMT+0530 (India Standard Time)","1358.20","1358.20","1358.20","1358.20"
"Thu Aug 18 1994 00:00:00 GMT+0530 (India Standard Time)","1360.50","1360.50","1360.50","1360.50"
"Fri Aug 19 1994 00:00:00 GMT+0530 (India Standard Time)","1343.50","1343.50","1343.50","1343.50"
"Wed Aug 24 1994 00:00:00 GMT+0530 (India Standard Time)","1331.00","1331.00","1331.00","1331.00"
"Thu Aug 25 1994 00:00:00 GMT+0530 (India Standard Time)","1330.50","1330.50","1330.50","1330.50"
"Mon Aug 29 1994 00:00:00 GMT+0530 (India Standard Time)","1359.40","1359.40","1359.40","1359.40"
"Wed Aug 31 1994 00:00:00 GMT+0530 (India Standard Time)","1373.20","1373.20","1373.20","1373.20"
"Thu Sep 01 1994 00:00:00 GMT+0530 (India Standard Time)","1366.30","1366.30","1366.30","1366.30"
"Fri Sep 02 1994 00:00:00 GMT+0530 (India Standard Time)","1359.00","1359.00","1359.00","1359.00"
"Mon Sep 05 1994 00:00:00 GMT+0530 (India Standard Time)","1353.50","1353.50","1353.50","1353.50"
"Tue Sep 06 1994 00:00:00 GMT+0530 (India Standard Time)","1354.70","1354.70","1354.70","1354.70"
"Wed Sep 07 1994 00:00:00 GMT+0530 (India Standard Time)","1357.20","1357.20","1357.20","1357.20"
"Thu Sep 08 1994 00:00:00 GMT+0530 (India Standard Time)","1360.70","1360.70","1360.70","1360.70"
"Mon Sep 12 1994 00:00:00 GMT+0530 (India Standard Time)","1384.90","1384.90","1384.90","1384.90"
"Tue Sep 13 1994 00:00:00 GMT+0530 (India Standard Time)","1378.70","1378.70","1378.70","1378.70"
"Wed Sep 14 1994 00:00:00 GMT+0530 (India Standard Time)","1377.40","1377.40","1377.40","1377.40"
"Thu Sep 15 1994 00:00:00 GMT+0530 (India Standard Time)","1377.80","1377.80","1377.80","1377.80"
"Fri Sep 16 1994 00:00:00 GMT+0530 (India Standard Time)","1378.30","1378.30","1378.30","1378.30"
"Mon Sep 19 1994 00:00:00 GMT+0530 (India Standard Time)","1361.50","1361.50","1361.50","1361.50"
"Tue Sep 20 1994 00:00:00 GMT+0530 (India Standard Time)","1344.00","1344.00","1344.00","1344.00"
"Wed Sep 21 1994 00:00:00 GMT+0530 (India Standard Time)","1346.50","1346.50","1346.50","1346.50"
"Thu Sep 22 1994 00:00:00 GMT+0530 (India Standard Time)","1333.40","1333.40","1333.40","1333.40"
"Fri Sep 23 1994 00:00:00 GMT+0530 (India Standard Time)","1346.50","1346.50","1346.50","1346.50"
"Tue Sep 27 1994 00:00:00 GMT+0530 (India Standard Time)","1336.20","1336.20","1336.20","1336.20"
"Wed Sep 28 1994 00:00:00 GMT+0530 (India Standard Time)","1327.20","1327.20","1327.20","1327.20"
"Thu Sep 29 1994 00:00:00 GMT+0530 (India Standard Time)","1311.40","1311.40","1311.40","1311.40"
"Fri Sep 30 1994 00:00:00 GMT+0530 (India Standard Time)","1290.50","1290.50","1290.50","1290.50"
"Mon Oct 03 1994 00:00:00 GMT+0530 (India Standard Time)","1304.80","1304.80","1304.80","1304.80"
"Tue Oct 04 1994 00:00:00 GMT+0530 (India Standard Time)","1315.30","1315.30","1315.30","1315.30"
"Wed Oct 05 1994 00:00:00 GMT+0530 (India Standard Time)","1309.20","1309.20","1309.20","1309.20"
"Thu Oct 06 1994 00:00:00 GMT+0530 (India Standard Time)","1313.50","1313.50","1313.50","1313.50"
"Fri Oct 07 1994 00:00:00 GMT+0530 (India Standard Time)","1326.60","1326.60","1326.60","1326.60"
"Mon Oct 10 1994 00:00:00 GMT+0530 (India Standard Time)","1321.20","1321.20","1321.20","1321.20"
"Tue Oct 11 1994 00:00:00 GMT+0530 (India Standard Time)","1319.40","1319.40","1319.40","1319.40"
"Wed Oct 12 1994 00:00:00 GMT+0530 (India Standard Time)","1313.00","1313.00","1313.00","1313.00"
"Fri Oct 14 1994 00:00:00 GMT+0530 (India Standard Time)","1309.50","1309.50","1309.50","1309.50"
"Mon Oct 17 1994 00:00:00 GMT+0530 (India Standard Time)","1301.70","1301.70","1301.70","1301.70"
"Tue Oct 18 1994 00:00:00 GMT+0530 (India Standard Time)","1293.50","1293.50","1293.50","1293.50"
"Wed Oct 19 1994 00:00:00 GMT+0530 (India Standard Time)","1287.80","1287.80","1287.80","1287.80"
"Thu Oct 20 1994 00:00:00 GMT+0530 (India Standard Time)","1277.50","1277.50","1277.50","1277.50"
"Fri Oct 21 1994 00:00:00 GMT+0530 (India Standard Time)","1287.40","1287.40","1287.40","1287.40"
"Mon Oct 24 1994 00:00:00 GMT+0530 (India Standard Time)","1292.20","1292.20","1292.20","1292.20"
"Tue Oct 25 1994 00:00:00 GMT+0530 (India Standard Time)","1298.90","1298.90","1298.90","1298.90"
"Wed Oct 26 1994 00:00:00 GMT+0530 (India Standard Time)","1296.90","1296.90","1296.90","1296.90"
"Thu Oct 27 1994 00:00:00 GMT+0530 (India Standard Time)","1292.00","1292.00","1292.00","1292.00"
"Fri Oct 28 1994 00:00:00 GMT+0530 (India Standard Time)","1273.50","1273.50","1273.50","1273.50"
"Mon Oct 31 1994 00:00:00 GMT+0530 (India Standard Time)","1267.20","1267.20","1267.20","1267.20"
"Mon Nov 07 1994 00:00:00 GMT+0530 (India Standard Time)","1283.30","1283.30","1283.30","1283.30"
"Tue Nov 08 1994 00:00:00 GMT+0530 (India Standard Time)","1281.00","1281.00","1281.00","1281.00"
"Wed Nov 09 1994 00:00:00 GMT+0530 (India Standard Time)","1258.50","1258.50","1258.50","1258.50"
"Thu Nov 10 1994 00:00:00 GMT+0530 (India Standard Time)","1240.90","1240.90","1240.90","1240.90"
"Fri Nov 11 1994 00:00:00 GMT+0530 (India Standard Time)","1223.40","1223.40","1223.40","1223.40"
"Mon Nov 14 1994 00:00:00 GMT+0530 (India Standard Time)","1210.20","1210.20","1210.20","1210.20"
"Tue Nov 15 1994 00:00:00 GMT+0530 (India Standard Time)","1208.00","1208.00","1208.00","1208.00"
"Wed Nov 16 1994 00:00:00 GMT+0530 (India Standard Time)","1231.90","1231.90","1231.90","1231.90"
"Thu Nov 17 1994 00:00:00 GMT+0530 (India Standard Time)","1246.50","1246.50","1246.50","1246.50"
"Mon Nov 21 1994 00:00:00 GMT+0530 (India Standard Time)","1247.70","1247.70","1247.70","1247.70"
"Tue Nov 22 1994 00:00:00 GMT+0530 (India Standard Time)","1235.50","1235.50","1235.50","1235.50"
"Wed Nov 23 1994 00:00:00 GMT+0530 (India Standard Time)","1220.80","1220.80","1220.80","1220.80"
"Thu Nov 24 1994 00:00:00 GMT+0530 (India Standard Time)","1229.50","1229.50","1229.50","1229.50"
"Fri Nov 25 1994 00:00:00 GMT+0530 (India Standard Time)","1245.90","1245.90","1245.90","1245.90"
"Tue Nov 29 1994 00:00:00 GMT+0530 (India Standard Time)","1252.00","1252.00","1252.00","1252.00"
"Wed Nov 30 1994 00:00:00 GMT+0530 (India Standard Time)","1245.70","1245.70","1245.70","1245.70"
"Thu Dec 01 1994 00:00:00 GMT+0530 (India Standard Time)","1240.00","1240.00","1240.00","1240.00"
"Fri Dec 02 1994 00:00:00 GMT+0530 (India Standard Time)","1232.50","1232.50","1232.50","1232.50"
"Mon Dec 05 1994 00:00:00 GMT+0530 (India Standard Time)","1229.30","1229.30","1229.30","1229.30"
"Tue Dec 06 1994 00:00:00 GMT+0530 (India Standard Time)","1215.20","1215.20","1215.20","1215.20"
"Wed Dec 07 1994 00:00:00 GMT+0530 (India Standard Time)","1194.50","1194.50","1194.50","1194.50"
"Thu Dec 08 1994 00:00:00 GMT+0530 (India Standard Time)","1176.90","1176.90","1176.90","1176.90"
"Fri Dec 09 1994 00:00:00 GMT+0530 (India Standard Time)","1181.70","1181.70","1181.70","1181.70"
"Mon Dec 12 1994 00:00:00 GMT+0530 (India Standard Time)","1153.20","1153.20","1153.20","1153.20"
"Tue Dec 13 1994 00:00:00 GMT+0530 (India Standard Time)","1136.20","1136.20","1136.20","1136.20"
"Wed Dec 14 1994 00:00:00 GMT+0530 (India Standard Time)","1146.70","1146.70","1146.70","1146.70"
"Thu Dec 15 1994 00:00:00 GMT+0530 (India Standard Time)","1161.20","1161.20","1161.20","1161.20"
"Fri Dec 16 1994 00:00:00 GMT+0530 (India Standard Time)","1177.50","1177.50","1177.50","1177.50"
"Mon Dec 19 1994 00:00:00 GMT+0530 (India Standard Time)","1173.30","1173.30","1173.30","1173.30"
"Tue Dec 20 1994 00:00:00 GMT+0530 (India Standard Time)","1171.20","1171.20","1171.20","1171.20"
"Wed Dec 21 1994 00:00:00 GMT+0530 (India Standard Time)","1176.80","1176.80","1176.80","1176.80"
"Thu Dec 22 1994 00:00:00 GMT+0530 (India Standard Time)","1172.40","1172.40","1172.40","1172.40"
"Fri Dec 23 1994 00:00:00 GMT+0530 (India Standard Time)","1182.20","1182.20","1182.20","1182.20"
"Sun Jan 01 1995 00:00:00 GMT+0530 (India Standard Time)","1182.20","1182.20","1182.20","1182.20"
"Mon Jan 02 1995 00:00:00 GMT+0530 (India Standard Time)","1182.00","1182.00","1182.00","1182.00"
"Tue Jan 03 1995 00:00:00 GMT+0530 (India Standard Time)","1176.80","1176.80","1176.80","1176.80"
"Wed Jan 04 1995 00:00:00 GMT+0530 (India Standard Time)","1163.70","1163.70","1163.70","1163.70"
"Thu Jan 05 1995 00:00:00 GMT+0530 (India Standard Time)","1150.00","1150.00","1150.00","1150.00"
"Fri Jan 06 1995 00:00:00 GMT+0530 (India Standard Time)","1130.30","1130.30","1130.30","1130.30"
"Mon Jan 09 1995 00:00:00 GMT+0530 (India Standard Time)","1112.00","1112.00","1112.00","1112.00"
"Tue Jan 10 1995 00:00:00 GMT+0530 (India Standard Time)","1079.20","1079.20","1079.20","1079.20"
"Wed Jan 11 1995 00:00:00 GMT+0530 (India Standard Time)","1067.50","1067.50","1067.50","1067.50"
"Thu Jan 12 1995 00:00:00 GMT+0530 (India Standard Time)","1066.00","1066.00","1066.00","1066.00"
"Fri Jan 13 1995 00:00:00 GMT+0530 (India Standard Time)","1074.40","1074.40","1074.40","1074.40"
"Mon Jan 16 1995 00:00:00 GMT+0530 (India Standard Time)","1087.80","1087.80","1087.80","1087.80"
"Tue Jan 17 1995 00:00:00 GMT+0530 (India Standard Time)","1084.00","1084.00","1084.00","1084.00"
"Wed Jan 18 1995 00:00:00 GMT+0530 (India Standard Time)","1091.20","1091.20","1091.20","1091.20"
"Thu Jan 19 1995 00:00:00 GMT+0530 (India Standard Time)","1091.50","1091.50","1091.50","1091.50"
"Fri Jan 20 1995 00:00:00 GMT+0530 (India Standard Time)","1075.50","1075.50","1075.50","1075.50"
"Mon Jan 23 1995 00:00:00 GMT+0530 (India Standard Time)","1041.70","1041.70","1041.70","1041.70"
"Tue Jan 24 1995 00:00:00 GMT+0530 (India Standard Time)","1019.20","1019.20","1019.20","1019.20"
"Wed Jan 25 1995 00:00:00 GMT+0530 (India Standard Time)","1030.00","1030.00","1030.00","1030.00"
"Fri Jan 27 1995 00:00:00 GMT+0530 (India Standard Time)","1043.50","1043.50","1043.50","1043.50"
"Mon Jan 30 1995 00:00:00 GMT+0530 (India Standard Time)","1058.50","1058.50","1058.50","1058.50"
"Tue Jan 31 1995 00:00:00 GMT+0530 (India Standard Time)","1071.20","1071.20","1071.20","1071.20"
"Wed Feb 01 1995 00:00:00 GMT+0530 (India Standard Time)","1061.70","1061.70","1061.70","1061.70"
"Thu Feb 02 1995 00:00:00 GMT+0530 (India Standard Time)","1066.00","1066.00","1066.00","1066.00"
"Fri Feb 03 1995 00:00:00 GMT+0530 (India Standard Time)","1076.20","1076.20","1076.20","1076.20"
"Mon Feb 06 1995 00:00:00 GMT+0530 (India Standard Time)","1061.70","1061.70","1061.70","1061.70"
"Tue Feb 07 1995 00:00:00 GMT+0530 (India Standard Time)","1052.70","1052.70","1052.70","1052.70"
"Wed Feb 08 1995 00:00:00 GMT+0530 (India Standard Time)","1042.40","1042.40","1042.40","1042.40"
"Thu Feb 09 1995 00:00:00 GMT+0530 (India Standard Time)","1045.20","1045.20","1045.20","1045.20"
"Fri Feb 10 1995 00:00:00 GMT+0530 (India Standard Time)","1037.00","1037.00","1037.00","1037.00"
"Mon Feb 13 1995 00:00:00 GMT+0530 (India Standard Time)","1029.80","1029.80","1029.80","1029.80"
"Tue Feb 14 1995 00:00:00 GMT+0530 (India Standard Time)","1032.50","1032.50","1032.50","1032.50"
"Wed Feb 15 1995 00:00:00 GMT+0530 (India Standard Time)","1024.00","1024.00","1024.00","1024.00"
"Thu Feb 16 1995 00:00:00 GMT+0530 (India Standard Time)","1002.40","1002.40","1002.40","1002.40"
"Fri Feb 17 1995 00:00:00 GMT+0530 (India Standard Time)","992.10","992.10","992.10","992.10"
"Mon Feb 20 1995 00:00:00 GMT+0530 (India Standard Time)","986.40","986.40","986.40","986.40"
"Tue Feb 21 1995 00:00:00 GMT+0530 (India Standard Time)","960.90","960.90","960.90","960.90"
"Wed Feb 22 1995 00:00:00 GMT+0530 (India Standard Time)","948.90","948.90","948.90","948.90"
"Thu Feb 23 1995 00:00:00 GMT+0530 (India Standard Time)","988.40","988.40","988.40","988.40"
"Fri Feb 24 1995 00:00:00 GMT+0530 (India Standard Time)","1021.80","1021.80","1021.80","1021.80"
"Tue Feb 28 1995 00:00:00 GMT+0530 (India Standard Time)","1014.70","1014.70","1014.70","1014.70"
"Wed Mar 01 1995 00:00:00 GMT+0530 (India Standard Time)","1027.50","1027.50","1027.50","1027.50"
"Thu Mar 02 1995 00:00:00 GMT+0530 (India Standard Time)","1051.80","1051.80","1051.80","1051.80"
"Fri Mar 03 1995 00:00:00 GMT+0530 (India Standard Time)","1057.90","1057.90","1057.90","1057.90"
"Mon Mar 06 1995 00:00:00 GMT+0530 (India Standard Time)","1058.40","1058.40","1058.40","1058.40"
"Tue Mar 07 1995 00:00:00 GMT+0530 (India Standard Time)","1051.50","1051.50","1051.50","1051.50"
"Wed Mar 08 1995 00:00:00 GMT+0530 (India Standard Time)","1043.00","1043.00","1043.00","1043.00"
"Thu Mar 09 1995 00:00:00 GMT+0530 (India Standard Time)","1043.90","1043.90","1043.90","1043.90"
"Fri Mar 10 1995 00:00:00 GMT+0530 (India Standard Time)","1060.00","1060.00","1060.00","1060.00"
"Mon Mar 13 1995 00:00:00 GMT+0530 (India Standard Time)","1024.90","1024.90","1024.90","1024.90"
"Tue Mar 14 1995 00:00:00 GMT+0530 (India Standard Time)","1042.40","1042.40","1042.40","1042.40"
"Wed Mar 15 1995 00:00:00 GMT+0530 (India Standard Time)","1050.50","1050.50","1050.50","1050.50"
"Thu Mar 16 1995 00:00:00 GMT+0530 (India Standard Time)","1009.50","1009.50","1009.50","1009.50"
"Thu Mar 23 1995 00:00:00 GMT+0530 (India Standard Time)","988.50","988.50","988.50","988.50"
"Fri Mar 24 1995 00:00:00 GMT+0530 (India Standard Time)","988.60","988.60","988.60","988.60"
"Mon Mar 27 1995 00:00:00 GMT+0530 (India Standard Time)","995.40","995.40","995.40","995.40"
"Tue Mar 28 1995 00:00:00 GMT+0530 (India Standard Time)","999.70","999.70","999.70","999.70"
"Wed Mar 29 1995 00:00:00 GMT+0530 (India Standard Time)","995.60","995.60","995.60","995.60"
"Thu Mar 30 1995 00:00:00 GMT+0530 (India Standard Time)","995.20","995.20","995.20","995.20"
"Fri Mar 31 1995 00:00:00 GMT+0530 (India Standard Time)","990.20","990.20","990.20","990.20"
"Mon Apr 03 1995 00:00:00 GMT+0530 (India Standard Time)","1005.30","1005.30","1005.30","1005.30"
"Tue Apr 04 1995 00:00:00 GMT+0530 (India Standard Time)","1022.40","1022.40","1022.40","1022.40"
"Wed Apr 05 1995 00:00:00 GMT+0530 (India Standard Time)","1038.20","1038.20","1038.20","1038.20"
"Thu Apr 06 1995 00:00:00 GMT+0530 (India Standard Time)","1052.00","1052.00","1052.00","1052.00"
"Fri Apr 07 1995 00:00:00 GMT+0530 (India Standard Time)","1049.70","1049.70","1049.70","1049.70"
"Mon Apr 10 1995 00:00:00 GMT+0530 (India Standard Time)","1047.00","1047.00","1047.00","1047.00"
"Mon Apr 17 1995 00:00:00 GMT+0530 (India Standard Time)","1047.50","1047.50","1047.50","1047.50"
"Tue Apr 18 1995 00:00:00 GMT+0530 (India Standard Time)","1031.30","1031.30","1031.30","1031.30"
"Wed Apr 19 1995 00:00:00 GMT+0530 (India Standard Time)","1020.30","1020.30","1020.30","1020.30"
"Thu Apr 20 1995 00:00:00 GMT+0530 (India Standard Time)","1008.70","1008.70","1008.70","1008.70"
"Fri Apr 21 1995 00:00:00 GMT+0530 (India Standard Time)","1012.70","1012.70","1012.70","1012.70"
"Mon Apr 24 1995 00:00:00 GMT+0530 (India Standard Time)","997.70","997.70","997.70","997.70"
"Tue Apr 25 1995 00:00:00 GMT+0530 (India Standard Time)","982.10","982.10","982.10","982.10"
"Wed Apr 26 1995 00:00:00 GMT+0530 (India Standard Time)","979.20","979.20","979.20","979.20"
"Thu Apr 27 1995 00:00:00 GMT+0530 (India Standard Time)","963.50","963.50","963.50","963.50"
"Fri Apr 28 1995 00:00:00 GMT+0530 (India Standard Time)","941.80","941.80","941.80","941.80"
"Tue May 02 1995 00:00:00 GMT+0530 (India Standard Time)","908.60","908.60","908.60","908.60"
"Wed May 03 1995 00:00:00 GMT+0530 (India Standard Time)","919.20","919.20","919.20","919.20"
"Thu May 04 1995 00:00:00 GMT+0530 (India Standard Time)","935.00","935.00","935.00","935.00"
"Fri May 05 1995 00:00:00 GMT+0530 (India Standard Time)","963.70","963.70","963.70","963.70"
"Mon May 08 1995 00:00:00 GMT+0530 (India Standard Time)","964.20","964.20","964.20","964.20"
"Tue May 09 1995 00:00:00 GMT+0530 (India Standard Time)","966.10","966.10","966.10","966.10"
"Wed May 10 1995 00:00:00 GMT+0530 (India Standard Time)","960.90","960.90","960.90","960.90"
"Fri May 12 1995 00:00:00 GMT+0530 (India Standard Time)","949.90","949.90","949.90","949.90"
"Mon May 15 1995 00:00:00 GMT+0530 (India Standard Time)","941.60","941.60","941.60","941.60"
"Tue May 16 1995 00:00:00 GMT+0530 (India Standard Time)","946.90","946.90","946.90","946.90"
"Wed May 17 1995 00:00:00 GMT+0530 (India Standard Time)","963.50","963.50","963.50","963.50"
"Thu May 18 1995 00:00:00 GMT+0530 (India Standard Time)","979.90","979.90","979.90","979.90"
"Fri May 19 1995 00:00:00 GMT+0530 (India Standard Time)","993.70","993.70","993.70","993.70"
"Mon May 22 1995 00:00:00 GMT+0530 (India Standard Time)","976.90","976.90","976.90","976.90"
"Tue May 23 1995 00:00:00 GMT+0530 (India Standard Time)","971.60","971.60","971.60","971.60"
"Wed May 24 1995 00:00:00 GMT+0530 (India Standard Time)","965.60","965.60","965.60","965.60"
"Thu May 25 1995 00:00:00 GMT+0530 (India Standard Time)","959.90","959.90","959.90","959.90"
"Fri May 26 1995 00:00:00 GMT+0530 (India Standard Time)","965.80","965.80","965.80","965.80"
"Mon May 29 1995 00:00:00 GMT+0530 (India Standard Time)","971.40","971.40","971.40","971.40"
"Tue May 30 1995 00:00:00 GMT+0530 (India Standard Time)","975.30","975.30","975.30","975.30"
"Wed May 31 1995 00:00:00 GMT+0530 (India Standard Time)","997.40","997.40","997.40","997.40"
"Thu Jun 01 1995 00:00:00 GMT+0530 (India Standard Time)","1012.10","1012.10","1012.10","1012.10"
"Fri Jun 02 1995 00:00:00 GMT+0530 (India Standard Time)","1008.00","1008.00","1008.00","1008.00"
"Mon Jun 05 1995 00:00:00 GMT+0530 (India Standard Time)","1007.40","1007.40","1007.40","1007.40"
"Tue Jun 06 1995 00:00:00 GMT+0530 (India Standard Time)","1016.20","1016.20","1016.20","1016.20"
"Wed Jun 07 1995 00:00:00 GMT+0530 (India Standard Time)","1012.80","1012.80","1012.80","1012.80"
"Thu Jun 08 1995 00:00:00 GMT+0530 (India Standard Time)","1004.10","1004.10","1004.10","1004.10"
"Fri Jun 09 1995 00:00:00 GMT+0530 (India Standard Time)","998.10","998.10","998.10","998.10"
"Mon Jun 12 1995 00:00:00 GMT+0530 (India Standard Time)","993.40","993.40","993.40","993.40"
"Tue Jun 13 1995 00:00:00 GMT+0530 (India Standard Time)","986.80","986.80","986.80","986.80"
"Wed Jun 14 1995 00:00:00 GMT+0530 (India Standard Time)","991.80","991.80","991.80","991.80"
"Thu Jun 15 1995 00:00:00 GMT+0530 (India Standard Time)","987.30","987.30","987.30","987.30"
"Fri Jun 16 1995 00:00:00 GMT+0530 (India Standard Time)","997.30","997.30","997.30","997.30"
"Mon Jun 19 1995 00:00:00 GMT+0530 (India Standard Time)","1002.50","1002.50","1002.50","1002.50"
"Tue Jun 20 1995 00:00:00 GMT+0530 (India Standard Time)","1008.70","1008.70","1008.70","1008.70"
"Wed Jun 21 1995 00:00:00 GMT+0530 (India Standard Time)","1005.30","1005.30","1005.30","1005.30"
"Thu Jun 22 1995 00:00:00 GMT+0530 (India Standard Time)","998.80","998.80","998.80","998.80"
"Fri Jun 23 1995 00:00:00 GMT+0530 (India Standard Time)","988.50","988.50","988.50","988.50"
"Mon Jun 26 1995 00:00:00 GMT+0530 (India Standard Time)","971.60","971.60","971.60","971.60"
"Tue Jun 27 1995 00:00:00 GMT+0530 (India Standard Time)","966.40","966.40","966.40","966.40"
"Wed Jun 28 1995 00:00:00 GMT+0530 (India Standard Time)","976.90","976.90","976.90","976.90"
"Thu Jun 29 1995 00:00:00 GMT+0530 (India Standard Time)","973.10","973.10","973.10","973.10"
"Fri Jun 30 1995 00:00:00 GMT+0530 (India Standard Time)","961.20","961.20","961.20","961.20"
"Mon Jul 03 1995 00:00:00 GMT+0530 (India Standard Time)","938.50","938.50","938.50","938.50"
"Tue Jul 04 1995 00:00:00 GMT+0530 (India Standard Time)","932.80","932.80","932.80","932.80"
"Wed Jul 05 1995 00:00:00 GMT+0530 (India Standard Time)","931.30","931.30","931.30","931.30"
"Thu Jul 06 1995 00:00:00 GMT+0530 (India Standard Time)","932.60","932.60","932.60","932.60"
"Fri Jul 07 1995 00:00:00 GMT+0530 (India Standard Time)","940.00","940.00","940.00","940.00"
"Mon Jul 10 1995 00:00:00 GMT+0530 (India Standard Time)","943.20","943.20","943.20","943.20"
"Tue Jul 11 1995 00:00:00 GMT+0530 (India Standard Time)","947.60","947.60","947.60","947.60"
"Wed Jul 12 1995 00:00:00 GMT+0530 (India Standard Time)","961.00","961.00","961.00","961.00"
"Thu Jul 13 1995 00:00:00 GMT+0530 (India Standard Time)","970.20","970.20","970.20","970.20"
"Fri Jul 14 1995 00:00:00 GMT+0530 (India Standard Time)","983.60","983.60","983.60","983.60"
"Mon Jul 17 1995 00:00:00 GMT+0530 (India Standard Time)","999.80","999.80","999.80","999.80"
"Tue Jul 18 1995 00:00:00 GMT+0530 (India Standard Time)","1000.10","1000.10","1000.10","1000.10"
"Wed Jul 19 1995 00:00:00 GMT+0530 (India Standard Time)","1003.40","1003.40","1003.40","1003.40"
"Thu Jul 20 1995 00:00:00 GMT+0530 (India Standard Time)","1012.50","1012.50","1012.50","1012.50"
"Fri Jul 21 1995 00:00:00 GMT+0530 (India Standard Time)","1012.00","1012.00","1012.00","1012.00"
"Tue Jul 25 1995 00:00:00 GMT+0530 (India Standard Time)","1032.80","1032.80","1032.80","1032.80"
"Wed Jul 26 1995 00:00:00 GMT+0530 (India Standard Time)","1040.50","1040.50","1040.50","1040.50"
"Thu Jul 27 1995 00:00:00 GMT+0530 (India Standard Time)","1039.20","1039.20","1039.20","1039.20"
"Fri Jul 28 1995 00:00:00 GMT+0530 (India Standard Time)","1008.80","1008.80","1008.80","1008.80"
"Mon Jul 31 1995 00:00:00 GMT+0530 (India Standard Time)","994.20","994.20","994.20","994.20"
"Tue Aug 01 1995 00:00:00 GMT+0530 (India Standard Time)","993.50","993.50","993.50","993.50"
"Wed Aug 02 1995 00:00:00 GMT+0530 (India Standard Time)","1007.50","1007.50","1007.50","1007.50"
"Thu Aug 03 1995 00:00:00 GMT+0530 (India Standard Time)","989.00","989.00","989.00","989.00"
"Fri Aug 04 1995 00:00:00 GMT+0530 (India Standard Time)","993.40","993.40","993.40","993.40"
"Mon Aug 07 1995 00:00:00 GMT+0530 (India Standard Time)","991.90","991.90","991.90","991.90"
"Tue Aug 08 1995 00:00:00 GMT+0530 (India Standard Time)","988.80","988.80","988.80","988.80"
"Wed Aug 09 1995 00:00:00 GMT+0530 (India Standard Time)","992.70","992.70","992.70","992.70"
"Fri Aug 11 1995 00:00:00 GMT+0530 (India Standard Time)","988.90","988.90","988.90","988.90"
"Mon Aug 14 1995 00:00:00 GMT+0530 (India Standard Time)","984.90","984.90","984.90","984.90"
"Wed Aug 16 1995 00:00:00 GMT+0530 (India Standard Time)","988.70","988.70","988.70","988.70"
"Thu Aug 17 1995 00:00:00 GMT+0530 (India Standard Time)","994.50","994.50","994.50","994.50"
"Mon Aug 21 1995 00:00:00 GMT+0530 (India Standard Time)","995.90","995.90","995.90","995.90"
"Tue Aug 22 1995 00:00:00 GMT+0530 (India Standard Time)","996.30","996.30","996.30","996.30"
"Thu Aug 24 1995 00:00:00 GMT+0530 (India Standard Time)","988.30","988.30","988.30","988.30"
"Fri Aug 25 1995 00:00:00 GMT+0530 (India Standard Time)","977.40","977.40","977.40","977.40"
"Mon Aug 28 1995 00:00:00 GMT+0530 (India Standard Time)","967.40","967.40","967.40","967.40"
"Thu Aug 31 1995 00:00:00 GMT+0530 (India Standard Time)","971.70","971.70","971.70","971.70"
"Fri Sep 01 1995 00:00:00 GMT+0530 (India Standard Time)","971.30","971.30","971.30","971.30"
"Mon Sep 04 1995 00:00:00 GMT+0530 (India Standard Time)","966.20","966.20","966.20","966.20"
"Tue Sep 05 1995 00:00:00 GMT+0530 (India Standard Time)","960.60","960.60","960.60","960.60"
"Wed Sep 06 1995 00:00:00 GMT+0530 (India Standard Time)","967.20","967.20","967.20","967.20"
"Thu Sep 07 1995 00:00:00 GMT+0530 (India Standard Time)","968.00","968.00","968.00","968.00"
"Fri Sep 08 1995 00:00:00 GMT+0530 (India Standard Time)","972.30","972.30","972.30","972.30"
"Mon Sep 11 1995 00:00:00 GMT+0530 (India Standard Time)","973.50","973.50","973.50","973.50"
"Tue Sep 12 1995 00:00:00 GMT+0530 (India Standard Time)","970.70","970.70","970.70","970.70"
"Wed Sep 13 1995 00:00:00 GMT+0530 (India Standard Time)","967.90","967.90","967.90","967.90"
"Thu Sep 14 1995 00:00:00 GMT+0530 (India Standard Time)","971.90","971.90","971.90","971.90"
"Fri Sep 15 1995 00:00:00 GMT+0530 (India Standard Time)","974.50","974.50","974.50","974.50"
"Mon Sep 18 1995 00:00:00 GMT+0530 (India Standard Time)","974.20","974.20","974.20","974.20"
"Tue Sep 19 1995 00:00:00 GMT+0530 (India Standard Time)","976.00","976.00","976.00","976.00"
"Wed Sep 20 1995 00:00:00 GMT+0530 (India Standard Time)","981.50","981.50","981.50","981.50"
"Thu Sep 21 1995 00:00:00 GMT+0530 (India Standard Time)","987.40","987.40","987.40","987.40"
"Fri Sep 22 1995 00:00:00 GMT+0530 (India Standard Time)","996.30","996.30","996.30","996.30"
"Mon Sep 25 1995 00:00:00 GMT+0530 (India Standard Time)","1009.90","1009.90","1009.90","1009.90"
"Tue Sep 26 1995 00:00:00 GMT+0530 (India Standard Time)","1018.80","1018.80","1018.80","1018.80"
"Wed Sep 27 1995 00:00:00 GMT+0530 (India Standard Time)","1003.20","1003.20","1003.20","1003.20"
"Thu Sep 28 1995 00:00:00 GMT+0530 (India Standard Time)","1001.90","1001.90","1001.90","1001.90"
"Fri Sep 29 1995 00:00:00 GMT+0530 (India Standard Time)","1011.90","1011.90","1011.90","1011.90"
"Wed Oct 04 1995 00:00:00 GMT+0530 (India Standard Time)","1027.50","1027.50","1027.50","1027.50"
"Thu Oct 05 1995 00:00:00 GMT+0530 (India Standard Time)","1033.50","1033.50","1033.50","1033.50"
"Fri Oct 06 1995 00:00:00 GMT+0530 (India Standard Time)","1044.30","1044.30","1044.30","1044.30"
"Mon Oct 09 1995 00:00:00 GMT+0530 (India Standard Time)","1042.00","1042.00","1042.00","1042.00"
"Tue Oct 10 1995 00:00:00 GMT+0530 (India Standard Time)","1034.00","1034.00","1034.00","1034.00"
"Wed Oct 11 1995 00:00:00 GMT+0530 (India Standard Time)","1037.00","1037.00","1037.00","1037.00"
"Thu Oct 12 1995 00:00:00 GMT+0530 (India Standard Time)","1032.90","1032.90","1032.90","1032.90"
"Fri Oct 13 1995 00:00:00 GMT+0530 (India Standard Time)","1036.30","1036.30","1036.30","1036.30"
"Mon Oct 16 1995 00:00:00 GMT+0530 (India Standard Time)","1035.00","1035.00","1035.00","1035.00"
"Tue Oct 17 1995 00:00:00 GMT+0530 (India Standard Time)","1033.00","1033.00","1033.00","1033.00"
"Wed Oct 18 1995 00:00:00 GMT+0530 (India Standard Time)","1032.40","1032.40","1032.40","1032.40"
"Thu Oct 19 1995 00:00:00 GMT+0530 (India Standard Time)","1022.20","1022.20","1022.20","1022.20"
"Fri Oct 20 1995 00:00:00 GMT+0530 (India Standard Time)","1014.90","1014.90","1014.90","1014.90"
"Mon Oct 23 1995 00:00:00 GMT+0530 (India Standard Time)","1006.50","1006.50","1006.50","1006.50"
"Thu Oct 26 1995 00:00:00 GMT+0530 (India Standard Time)","985.70","985.70","985.70","985.70"
"Fri Oct 27 1995 00:00:00 GMT+0530 (India Standard Time)","993.20","993.20","993.20","993.20"
"Mon Oct 30 1995 00:00:00 GMT+0530 (India Standard Time)","986.90","986.90","986.90","986.90"
"Tue Oct 31 1995 00:00:00 GMT+0530 (India Standard Time)","988.20","988.20","988.20","988.20"
"Wed Nov 01 1995 00:00:00 GMT+0530 (India Standard Time)","1004.50","1004.50","1004.50","1004.50"
"Thu Nov 02 1995 00:00:00 GMT+0530 (India Standard Time)","998.30","998.30","998.30","998.30"
"Fri Nov 03 1995 00:00:00 GMT+0530 (India Standard Time)","994.20","1000.90","992.60","1000.00"
"Mon Nov 06 1995 00:00:00 GMT+0530 (India Standard Time)","1001.50","1001.50","988.90","988.90"
"Tue Nov 07 1995 00:00:00 GMT+0530 (India Standard Time)","987.10","987.10","977.00","978.20"
"Wed Nov 08 1995 00:00:00 GMT+0530 (India Standard Time)","976.20","976.20","962.90","964.00"
"Thu Nov 09 1995 00:00:00 GMT+0530 (India Standard Time)","960.30","960.30","952.10","953.00"
"Fri Nov 10 1995 00:00:00 GMT+0530 (India Standard Time)","951.90","951.90","946.00","948.80"
"Mon Nov 13 1995 00:00:00 GMT+0530 (India Standard Time)","949.20","949.20","916.40","917.20"
"Tue Nov 14 1995 00:00:00 GMT+0530 (India Standard Time)","916.60","916.60","897.50","902.50"
"Wed Nov 15 1995 00:00:00 GMT+0530 (India Standard Time)","901.30","913.50","901.30","913.20"
"Thu Nov 16 1995 00:00:00 GMT+0530 (India Standard Time)","915.90","915.90","900.80","904.00"
"Fri Nov 17 1995 00:00:00 GMT+0530 (India Standard Time)","898.70","900.40","885.30","898.80"
"Mon Nov 20 1995 00:00:00 GMT+0530 (India Standard Time)","896.20","898.80","892.00","892.70"
"Tue Nov 21 1995 00:00:00 GMT+0530 (India Standard Time)","891.90","891.90","876.00","876.50"
"Wed Nov 22 1995 00:00:00 GMT+0530 (India Standard Time)","878.00","878.00","856.90","864.40"
"Thu Nov 23 1995 00:00:00 GMT+0530 (India Standard Time)","856.20","856.20","842.30","849.50"
"Fri Nov 24 1995 00:00:00 GMT+0530 (India Standard Time)","849.60","874.90","849.60","871.10"
"Mon Nov 27 1995 00:00:00 GMT+0530 (India Standard Time)","871.90","878.50","858.90","861.20"
"Tue Nov 28 1995 00:00:00 GMT+0530 (India Standard Time)","854.50","854.50","841.40","843.60"
"Wed Nov 29 1995 00:00:00 GMT+0530 (India Standard Time)","845.30","845.30","822.50","845.10"
"Thu Nov 30 1995 00:00:00 GMT+0530 (India Standard Time)","840.80","863.90","838.30","862.10"
"Fri Dec 01 1995 00:00:00 GMT+0530 (India Standard Time)","867.90","877.40","866.30","873.00"
"Mon Dec 04 1995 00:00:00 GMT+0530 (India Standard Time)","870.20","873.00","861.90","863.70"
"Tue Dec 05 1995 00:00:00 GMT+0530 (India Standard Time)","860.00","867.50","854.40","866.50"
"Wed Dec 06 1995 00:00:00 GMT+0530 (India Standard Time)","870.30","878.90","868.10","878.90"
"Thu Dec 07 1995 00:00:00 GMT+0530 (India Standard Time)","881.90","901.20","881.90","898.60"
"Fri Dec 08 1995 00:00:00 GMT+0530 (India Standard Time)","900.20","908.10","886.50","887.10"
"Mon Dec 11 1995 00:00:00 GMT+0530 (India Standard Time)","882.50","882.50","874.30","877.40"
"Tue Dec 12 1995 00:00:00 GMT+0530 (India Standard Time)","878.90","880.00","875.40","879.40"
"Wed Dec 13 1995 00:00:00 GMT+0530 (India Standard Time)","881.30","889.20","881.30","889.20"
"Thu Dec 14 1995 00:00:00 GMT+0530 (India Standard Time)","890.80","891.90","884.30","884.30"
"Fri Dec 15 1995 00:00:00 GMT+0530 (India Standard Time)","876.90","883.80","875.50","883.40"
"Mon Dec 18 1995 00:00:00 GMT+0530 (India Standard Time)","883.20","883.50","881.10","882.60"
"Tue Dec 19 1995 00:00:00 GMT+0530 (India Standard Time)","882.30","884.10","879.50","883.70"
"Wed Dec 20 1995 00:00:00 GMT+0530 (India Standard Time)","883.60","887.10","883.60","885.50"
"Thu Dec 21 1995 00:00:00 GMT+0530 (India Standard Time)","888.20","900.50","887.70","900.50"
"Fri Dec 22 1995 00:00:00 GMT+0530 (India Standard Time)","900.80","906.60","899.30","900.60"
"Tue Dec 26 1995 00:00:00 GMT+0530 (India Standard Time)","899.80","906.40","898.40","905.30"
"Wed Dec 27 1995 00:00:00 GMT+0530 (India Standard Time)","908.80","923.00","908.80","922.50"
"Thu Dec 28 1995 00:00:00 GMT+0530 (India Standard Time)","923.60","927.60","913.70","914.50"
"Fri Dec 29 1995 00:00:00 GMT+0530 (India Standard Time)","912.70","912.70","906.30","908.50"
"Mon Jan 01 1996 00:00:00 GMT+0530 (India Standard Time)","913.10","913.10","906.10","908.00"
"Tue Jan 02 1996 00:00:00 GMT+0530 (India Standard Time)","906.70","906.70","899.50","900.30"
"Wed Jan 03 1996 00:00:00 GMT+0530 (India Standard Time)","901.60","904.40","895.40","895.90"
"Thu Jan 04 1996 00:00:00 GMT+0530 (India Standard Time)","891.30","891.30","884.10","889.60"
"Fri Jan 05 1996 00:00:00 GMT+0530 (India Standard Time)","887.70","887.70","881.70","884.70"
"Mon Jan 08 1996 00:00:00 GMT+0530 (India Standard Time)","883.60","883.60","868.40","869.70"
"Tue Jan 09 1996 00:00:00 GMT+0530 (India Standard Time)","864.80","870.70","856.70","869.10"
"Wed Jan 10 1996 00:00:00 GMT+0530 (India Standard Time)","863.80","869.00","863.80","863.80"
"Thu Jan 11 1996 00:00:00 GMT+0530 (India Standard Time)","862.60","873.70","861.90","873.20"
"Fri Jan 12 1996 00:00:00 GMT+0530 (India Standard Time)","875.10","877.60","872.10","875.10"
"Mon Jan 15 1996 00:00:00 GMT+0530 (India Standard Time)","878.70","878.70","870.90","871.30"
"Tue Jan 16 1996 00:00:00 GMT+0530 (India Standard Time)","871.20","871.20","866.60","868.50"
"Wed Jan 17 1996 00:00:00 GMT+0530 (India Standard Time)","866.00","866.00","857.10","857.10"
"Thu Jan 18 1996 00:00:00 GMT+0530 (India Standard Time)","853.20","853.20","841.70","848.80"
"Fri Jan 19 1996 00:00:00 GMT+0530 (India Standard Time)","846.60","847.10","840.10","843.90"
"Mon Jan 22 1996 00:00:00 GMT+0530 (India Standard Time)","844.80","847.10","844.00","844.30"
"Tue Jan 23 1996 00:00:00 GMT+0530 (India Standard Time)","846.00","846.00","830.80","832.90"
"Wed Jan 24 1996 00:00:00 GMT+0530 (India Standard Time)","831.10","831.10","816.00","818.60"
"Thu Jan 25 1996 00:00:00 GMT+0530 (India Standard Time)","819.50","819.50","814.30","814.90"
"Mon Jan 29 1996 00:00:00 GMT+0530 (India Standard Time)","813.10","832.20","813.10","830.80"
"Tue Jan 30 1996 00:00:00 GMT+0530 (India Standard Time)","836.10","848.10","836.10","846.50"
"Wed Jan 31 1996 00:00:00 GMT+0530 (India Standard Time)","843.10","852.70","843.10","848.40"
"Thu Feb 01 1996 00:00:00 GMT+0530 (India Standard Time)","848.20","869.50","848.20","869.50"
"Fri Feb 02 1996 00:00:00 GMT+0530 (India Standard Time)","878.50","919.80","878.50","918.30"
"Mon Feb 05 1996 00:00:00 GMT+0530 (India Standard Time)","933.10","949.10","927.60","943.00"
"Tue Feb 06 1996 00:00:00 GMT+0530 (India Standard Time)","943.70","947.80","919.90","925.70"
"Wed Feb 07 1996 00:00:00 GMT+0530 (India Standard Time)","918.90","932.00","913.20","932.00"
"Thu Feb 08 1996 00:00:00 GMT+0530 (India Standard Time)","936.70","983.20","936.70","980.20"
"Fri Feb 09 1996 00:00:00 GMT+0530 (India Standard Time)","1001.80","1033.00","980.20","1033.00"
"Mon Feb 12 1996 00:00:00 GMT+0530 (India Standard Time)","1032.40","1045.80","1018.50","1018.50"
"Tue Feb 13 1996 00:00:00 GMT+0530 (India Standard Time)","1019.60","1030.30","1006.20","1027.30"
"Wed Feb 14 1996 00:00:00 GMT+0530 (India Standard Time)","1040.90","1067.40","1040.90","1051.90"
"Thu Feb 15 1996 00:00:00 GMT+0530 (India Standard Time)","1048.10","1053.10","1042.30","1046.20"
"Fri Feb 16 1996 00:00:00 GMT+0530 (India Standard Time)","1040.80","1040.80","1020.40","1023.00"
"Mon Feb 19 1996 00:00:00 GMT+0530 (India Standard Time)","1027.20","1028.20","1019.90","1021.30"
"Tue Feb 20 1996 00:00:00 GMT+0530 (India Standard Time)","1021.00","1021.00","999.90","1000.10"
"Thu Feb 22 1996 00:00:00 GMT+0530 (India Standard Time)","1006.80","1025.40","1006.80","1024.90"
"Fri Feb 23 1996 00:00:00 GMT+0530 (India Standard Time)","1025.30","1029.60","1019.40","1028.80"
"Mon Feb 26 1996 00:00:00 GMT+0530 (India Standard Time)","1035.00","1045.10","1034.50","1034.70"
"Tue Feb 27 1996 00:00:00 GMT+0530 (India Standard Time)","1034.20","1034.20","1024.60","1027.40"
"Wed Feb 28 1996 00:00:00 GMT+0530 (India Standard Time)","1034.40","1037.50","1027.30","1027.30"
"Thu Feb 29 1996 00:00:00 GMT+0530 (India Standard Time)","1024.10","1024.10","992.40","992.50"
"Fri Mar 01 1996 00:00:00 GMT+0530 (India Standard Time)","994.60","1002.10","989.70","999.40"
"Mon Mar 04 1996 00:00:00 GMT+0530 (India Standard Time)","1000.50","1002.40","996.50","998.80"
"Wed Mar 06 1996 00:00:00 GMT+0530 (India Standard Time)","999.60","1003.70","997.80","1002.90"
"Thu Mar 07 1996 00:00:00 GMT+0530 (India Standard Time)","1005.00","1010.50","998.40","998.40"
"Fri Mar 08 1996 00:00:00 GMT+0530 (India Standard Time)","993.90","993.90","981.60","988.60"
"Mon Mar 11 1996 00:00:00 GMT+0530 (India Standard Time)","981.10","981.10","966.20","975.20"
"Tue Mar 12 1996 00:00:00 GMT+0530 (India Standard Time)","974.70","976.40","969.10","976.20"
"Wed Mar 13 1996 00:00:00 GMT+0530 (India Standard Time)","973.70","992.50","972.70","992.10"
"Thu Mar 14 1996 00:00:00 GMT+0530 (India Standard Time)","993.70","1002.60","990.40","991.10"
"Fri Mar 15 1996 00:00:00 GMT+0530 (India Standard Time)","989.50","989.90","981.60","981.80"
"Mon Mar 18 1996 00:00:00 GMT+0530 (India Standard Time)","977.70","977.70","961.30","962.00"
"Tue Mar 19 1996 00:00:00 GMT+0530 (India Standard Time)","961.10","964.00","945.00","947.00"
"Thu Mar 21 1996 00:00:00 GMT+0530 (India Standard Time)","957.80","967.70","957.80","965.50"
"Fri Mar 22 1996 00:00:00 GMT+0530 (India Standard Time)","962.30","962.30","950.00","956.10"
"Mon Mar 25 1996 00:00:00 GMT+0530 (India Standard Time)","956.80","957.10","952.20","953.90"
"Tue Mar 26 1996 00:00:00 GMT+0530 (India Standard Time)","952.80","958.50","949.20","957.10"
"Wed Mar 27 1996 00:00:00 GMT+0530 (India Standard Time)","965.80","975.60","965.80","974.10"
"Thu Mar 28 1996 00:00:00 GMT+0530 (India Standard Time)","976.90","997.30","976.90","997.30"
"Fri Mar 29 1996 00:00:00 GMT+0530 (India Standard Time)","998.10","998.10","985.30","985.30"
"Mon Apr 01 1996 00:00:00 GMT+0530 (India Standard Time)","988.30","995.00","988.30","994.80"
"Tue Apr 02 1996 00:00:00 GMT+0530 (India Standard Time)","996.00","1005.60","996.00","1003.20"
"Wed Apr 03 1996 00:00:00 GMT+0530 (India Standard Time)","1013.40","1019.00","1012.70","1013.40"
"Thu Apr 04 1996 00:00:00 GMT+0530 (India Standard Time)","1012.20","1012.20","1000.90","1010.90"
"Mon Apr 08 1996 00:00:00 GMT+0530 (India Standard Time)","1024.40","1034.70","1024.40","1032.10"
"Tue Apr 09 1996 00:00:00 GMT+0530 (India Standard Time)","1035.60","1041.00","1028.70","1029.00"
"Wed Apr 10 1996 00:00:00 GMT+0530 (India Standard Time)","1030.50","1035.70","1027.00","1029.20"
"Thu Apr 11 1996 00:00:00 GMT+0530 (India Standard Time)","1024.30","1026.50","1022.30","1025.10"
"Fri Apr 12 1996 00:00:00 GMT+0530 (India Standard Time)","1023.80","1033.10","1023.80","1032.10"
"Mon Apr 15 1996 00:00:00 GMT+0530 (India Standard Time)","1038.00","1050.40","1038.00","1046.40"
"Tue Apr 16 1996 00:00:00 GMT+0530 (India Standard Time)","1046.80","1060.80","1046.80","1058.70"
"Wed Apr 17 1996 00:00:00 GMT+0530 (India Standard Time)","1067.90","1096.20","1067.90","1096.20"
"Thu Apr 18 1996 00:00:00 GMT+0530 (India Standard Time)","1107.70","1124.90","1107.70","1121.60"
"Fri Apr 19 1996 00:00:00 GMT+0530 (India Standard Time)","1124.30","1142.20","1124.30","1131.70"
"Mon Apr 22 1996 00:00:00 GMT+0530 (India Standard Time)","1136.20","1136.20","1102.80","1106.90"
"Tue Apr 23 1996 00:00:00 GMT+0530 (India Standard Time)","1090.00","1100.50","1090.00","1095.80"
"Wed Apr 24 1996 00:00:00 GMT+0530 (India Standard Time)","1136.90","1145.10","1126.70","1145.10"
"Thu Apr 25 1996 00:00:00 GMT+0530 (India Standard Time)","1157.90","1160.10","1110.60","1120.80"
"Fri Apr 26 1996 00:00:00 GMT+0530 (India Standard Time)","1133.10","1133.10","1106.20","1123.60"
"Mon Apr 29 1996 00:00:00 GMT+0530 (India Standard Time)","1112.70","1118.60","1107.50","1118.30"
"Tue Apr 30 1996 00:00:00 GMT+0530 (India Standard Time)","1118.00","1118.20","1112.40","1114.30"
"Wed May 01 1996 00:00:00 GMT+0530 (India Standard Time)","1141.60","1141.60","1133.90","1137.80"
"Thu May 02 1996 00:00:00 GMT+0530 (India Standard Time)","1131.90","1132.00","1123.10","1132.00"
"Fri May 03 1996 00:00:00 GMT+0530 (India Standard Time)","1126.00","1127.90","1119.30","1119.40"
"Mon May 06 1996 00:00:00 GMT+0530 (India Standard Time)","1108.00","1108.00","1087.80","1088.20"
"Tue May 07 1996 00:00:00 GMT+0530 (India Standard Time)","1086.60","1094.90","1086.60","1093.00"
"Wed May 08 1996 00:00:00 GMT+0530 (India Standard Time)","1082.70","1113.60","1075.90","1108.50"
"Thu May 09 1996 00:00:00 GMT+0530 (India Standard Time)","1101.40","1107.40","1089.80","1090.50"
"Fri May 10 1996 00:00:00 GMT+0530 (India Standard Time)","1076.90","1080.90","1063.70","1078.60"
"Mon May 13 1996 00:00:00 GMT+0530 (India Standard Time)","1081.60","1090.10","1080.60","1088.00"
"Tue May 14 1996 00:00:00 GMT+0530 (India Standard Time)","1087.90","1107.40","1085.80","1105.40"
"Wed May 15 1996 00:00:00 GMT+0530 (India Standard Time)","1107.00","1117.40","1095.60","1115.90"
"Thu May 16 1996 00:00:00 GMT+0530 (India Standard Time)","1128.40","1141.60","1126.20","1128.50"
"Fri May 17 1996 00:00:00 GMT+0530 (India Standard Time)","1122.40","1122.40","1113.50","1115.50"
"Mon May 20 1996 00:00:00 GMT+0530 (India Standard Time)","1094.50","1094.50","1083.50","1083.60"
"Tue May 21 1996 00:00:00 GMT+0530 (India Standard Time)","1077.10","1082.50","1074.10","1074.80"
"Wed May 22 1996 00:00:00 GMT+0530 (India Standard Time)","1082.20","1086.00","1079.60","1081.10"
"Thu May 23 1996 00:00:00 GMT+0530 (India Standard Time)","1079.80","1079.80","1073.70","1076.70"
"Fri May 24 1996 00:00:00 GMT+0530 (India Standard Time)","1079.70","1087.70","1077.80","1085.00"
"Mon May 27 1996 00:00:00 GMT+0530 (India Standard Time)","1080.50","1080.50","1065.20","1065.20"
"Tue May 28 1996 00:00:00 GMT+0530 (India Standard Time)","1054.60","1065.60","1046.90","1063.30"
"Wed May 29 1996 00:00:00 GMT+0530 (India Standard Time)","1074.20","1100.50","1074.20","1096.70"
"Thu May 30 1996 00:00:00 GMT+0530 (India Standard Time)","1095.80","1095.80","1082.50","1082.80"
"Fri May 31 1996 00:00:00 GMT+0530 (India Standard Time)","1086.40","1089.90","1083.70","1089.90"
"Mon Jun 03 1996 00:00:00 GMT+0530 (India Standard Time)","1098.10","1109.90","1098.10","1108.80"
"Tue Jun 04 1996 00:00:00 GMT+0530 (India Standard Time)","1114.50","1118.10","1104.30","1105.60"
"Wed Jun 05 1996 00:00:00 GMT+0530 (India Standard Time)","1108.70","1115.00","1104.40","1113.10"
"Thu Jun 06 1996 00:00:00 GMT+0530 (India Standard Time)","1129.10","1132.60","1127.50","1129.80"
"Fri Jun 07 1996 00:00:00 GMT+0530 (India Standard Time)","1126.30","1134.80","1126.30","1133.40"
"Mon Jun 10 1996 00:00:00 GMT+0530 (India Standard Time)","1136.80","1144.10","1136.80","1141.30"
"Tue Jun 11 1996 00:00:00 GMT+0530 (India Standard Time)","1137.70","1145.60","1136.70","1143.00"
"Wed Jun 12 1996 00:00:00 GMT+0530 (India Standard Time)","1164.80","1171.00","1163.50","1163.80"
"Thu Jun 13 1996 00:00:00 GMT+0530 (India Standard Time)","1166.30","1172.30","1164.60","1168.40"
"Fri Jun 14 1996 00:00:00 GMT+0530 (India Standard Time)","1169.20","1198.30","1169.20","1196.00"
"Mon Jun 17 1996 00:00:00 GMT+0530 (India Standard Time)","1202.50","1203.10","1184.30","1185.30"
"Tue Jun 18 1996 00:00:00 GMT+0530 (India Standard Time)","1176.40","1184.10","1173.60","1181.90"
"Wed Jun 19 1996 00:00:00 GMT+0530 (India Standard Time)","1180.70","1190.00","1163.40","1168.00"
"Thu Jun 20 1996 00:00:00 GMT+0530 (India Standard Time)","1163.60","1170.50","1150.40","1169.40"
"Fri Jun 21 1996 00:00:00 GMT+0530 (India Standard Time)","1168.70","1170.00","1155.50","1157.40"
"Mon Jun 24 1996 00:00:00 GMT+0530 (India Standard Time)","1157.90","1159.90","1138.80","1146.70"
"Tue Jun 25 1996 00:00:00 GMT+0530 (India Standard Time)","1147.20","1154.20","1123.70","1127.70"
"Wed Jun 26 1996 00:00:00 GMT+0530 (India Standard Time)","1127.40","1134.40","1116.90","1119.80"
"Thu Jun 27 1996 00:00:00 GMT+0530 (India Standard Time)","1119.00","1130.00","1107.00","1127.00"
"Fri Jun 28 1996 00:00:00 GMT+0530 (India Standard Time)","1128.00","1136.00","1119.00","1122.00"
"Mon Jul 01 1996 00:00:00 GMT+0530 (India Standard Time)","1121.00","1121.00","1105.00","1109.00"
"Tue Jul 02 1996 00:00:00 GMT+0530 (India Standard Time)","1109.00","1111.00","1098.00","1100.00"
"Wed Jul 03 1996 00:00:00 GMT+0530 (India Standard Time)","1100.00","1100.00","1076.00","1080.00"
"Thu Jul 04 1996 00:00:00 GMT+0530 (India Standard Time)","1080.00","1099.00","1056.00","1088.00"
"Fri Jul 05 1996 00:00:00 GMT+0530 (India Standard Time)","1089.00","1104.00","1088.00","1093.00"
"Mon Jul 08 1996 00:00:00 GMT+0530 (India Standard Time)","1095.00","1106.30","1095.00","1103.40"
"Tue Jul 09 1996 00:00:00 GMT+0530 (India Standard Time)","1104.00","1104.10","1082.40","1088.70"
"Wed Jul 10 1996 00:00:00 GMT+0530 (India Standard Time)","1083.40","1093.20","1072.40","1086.60"
"Thu Jul 11 1996 00:00:00 GMT+0530 (India Standard Time)","1089.40","1103.10","1089.40","1097.40"
"Fri Jul 12 1996 00:00:00 GMT+0530 (India Standard Time)","1096.80","1099.20","1086.00","1089.30"
"Mon Jul 15 1996 00:00:00 GMT+0530 (India Standard Time)","1089.00","1098.30","1081.20","1093.30"
"Tue Jul 16 1996 00:00:00 GMT+0530 (India Standard Time)","1100.10","1105.90","1076.90","1083.40"
"Thu Jul 18 1996 00:00:00 GMT+0530 (India Standard Time)","1109.10","1126.10","1109.10","1118.60"
"Fri Jul 19 1996 00:00:00 GMT+0530 (India Standard Time)","1118.90","1126.70","1112.30","1119.20"
"Mon Jul 22 1996 00:00:00 GMT+0530 (India Standard Time)","1119.30","1126.20","1115.10","1125.60"
"Tue Jul 23 1996 00:00:00 GMT+0530 (India Standard Time)","1125.10","1127.00","1086.20","1092.10"
"Wed Jul 24 1996 00:00:00 GMT+0530 (India Standard Time)","1090.70","1090.70","1049.80","1069.40"
"Thu Jul 25 1996 00:00:00 GMT+0530 (India Standard Time)","1069.20","1075.70","1060.50","1062.60"
"Fri Jul 26 1996 00:00:00 GMT+0530 (India Standard Time)","1062.00","1066.10","1046.40","1051.20"
"Mon Jul 29 1996 00:00:00 GMT+0530 (India Standard Time)","1054.50","1057.80","1030.80","1033.90"
"Tue Jul 30 1996 00:00:00 GMT+0530 (India Standard Time)","1031.00","1031.00","999.00","1014.90"
"Wed Jul 31 1996 00:00:00 GMT+0530 (India Standard Time)","1017.00","1047.00","1004.70","1042.80"
"Thu Aug 01 1996 00:00:00 GMT+0530 (India Standard Time)","1047.40","1054.00","1035.30","1036.60"
"Fri Aug 02 1996 00:00:00 GMT+0530 (India Standard Time)","1036.30","1036.40","1024.80","1032.90"
"Mon Aug 05 1996 00:00:00 GMT+0530 (India Standard Time)","1035.70","1038.20","1030.30","1032.20"
"Tue Aug 06 1996 00:00:00 GMT+0530 (India Standard Time)","1031.80","1038.00","1023.70","1035.50"
"Wed Aug 07 1996 00:00:00 GMT+0530 (India Standard Time)","1036.50","1050.50","1033.50","1048.50"
"Thu Aug 08 1996 00:00:00 GMT+0530 (India Standard Time)","1050.40","1054.20","1037.90","1039.20"
"Fri Aug 09 1996 00:00:00 GMT+0530 (India Standard Time)","1038.70","1042.20","1033.40","1037.90"
"Mon Aug 12 1996 00:00:00 GMT+0530 (India Standard Time)","1038.10","1039.90","1030.40","1032.10"
"Tue Aug 13 1996 00:00:00 GMT+0530 (India Standard Time)","1031.00","1031.00","1021.60","1024.40"
"Wed Aug 14 1996 00:00:00 GMT+0530 (India Standard Time)","1021.10","1027.90","1017.40","1018.40"
"Fri Aug 16 1996 00:00:00 GMT+0530 (India Standard Time)","1018.20","1019.60","1001.30","1002.20"
"Mon Aug 19 1996 00:00:00 GMT+0530 (India Standard Time)","1001.10","1001.10","972.90","975.60"
"Tue Aug 20 1996 00:00:00 GMT+0530 (India Standard Time)","973.10","980.70","968.70","977.30"
"Wed Aug 21 1996 00:00:00 GMT+0530 (India Standard Time)","980.20","1001.80","980.20","999.10"
"Thu Aug 22 1996 00:00:00 GMT+0530 (India Standard Time)","1001.40","1010.40","999.80","1002.10"
"Fri Aug 23 1996 00:00:00 GMT+0530 (India Standard Time)","1001.30","1014.70","1000.40","1012.70"
"Mon Aug 26 1996 00:00:00 GMT+0530 (India Standard Time)","1011.10","1016.60","1007.20","1009.00"
"Tue Aug 27 1996 00:00:00 GMT+0530 (India Standard Time)","1009.90","1016.50","1006.00","1014.60"
"Wed Aug 28 1996 00:00:00 GMT+0530 (India Standard Time)","1015.00","1029.40","1015.00","1027.00"
"Thu Aug 29 1996 00:00:00 GMT+0530 (India Standard Time)","1028.70","1035.50","1024.60","1025.80"
"Fri Aug 30 1996 00:00:00 GMT+0530 (India Standard Time)","1025.90","1029.80","1023.40","1029.00"
"Mon Sep 02 1996 00:00:00 GMT+0530 (India Standard Time)","1028.90","1039.90","1028.90","1036.90"
"Tue Sep 03 1996 00:00:00 GMT+0530 (India Standard Time)","1039.80","1046.50","1017.40","1023.20"
"Wed Sep 04 1996 00:00:00 GMT+0530 (India Standard Time)","1022.30","1028.20","1012.10","1026.40"
"Thu Sep 05 1996 00:00:00 GMT+0530 (India Standard Time)","1028.00","1038.30","1028.00","1037.40"
"Fri Sep 06 1996 00:00:00 GMT+0530 (India Standard Time)","1038.00","1038.70","1029.90","1032.00"
"Mon Sep 09 1996 00:00:00 GMT+0530 (India Standard Time)","1030.40","1031.20","1012.30","1013.80"
"Tue Sep 10 1996 00:00:00 GMT+0530 (India Standard Time)","1014.80","1014.80","996.70","1001.10"
"Wed Sep 11 1996 00:00:00 GMT+0530 (India Standard Time)","1001.80","1008.70","989.70","991.30"
"Thu Sep 12 1996 00:00:00 GMT+0530 (India Standard Time)","990.80","992.60","981.00","989.20"
"Fri Sep 13 1996 00:00:00 GMT+0530 (India Standard Time)","991.60","991.80","979.80","980.70"
"Mon Sep 16 1996 00:00:00 GMT+0530 (India Standard Time)","980.60","980.60","959.60","962.20"
"Tue Sep 17 1996 00:00:00 GMT+0530 (India Standard Time)","965.00","975.10","962.90","971.20"
"Wed Sep 18 1996 00:00:00 GMT+0530 (India Standard Time)","972.70","996.90","969.60","994.40"
"Thu Sep 19 1996 00:00:00 GMT+0530 (India Standard Time)","996.40","1001.20","975.80","977.70"
"Fri Sep 20 1996 00:00:00 GMT+0530 (India Standard Time)","979.10","984.40","973.00","977.00"
"Mon Sep 23 1996 00:00:00 GMT+0530 (India Standard Time)","976.00","976.00","963.10","968.80"
"Tue Sep 24 1996 00:00:00 GMT+0530 (India Standard Time)","968.70","972.70","965.60","968.90"
"Wed Sep 25 1996 00:00:00 GMT+0530 (India Standard Time)","967.90","981.70","967.90","971.20"
"Thu Sep 26 1996 00:00:00 GMT+0530 (India Standard Time)","970.70","970.80","955.60","959.30"
"Fri Sep 27 1996 00:00:00 GMT+0530 (India Standard Time)","958.70","958.80","942.00","947.20"
"Mon Sep 30 1996 00:00:00 GMT+0530 (India Standard Time)","945.60","948.40","932.20","943.90"
"Tue Oct 01 1996 00:00:00 GMT+0530 (India Standard Time)","944.50","945.60","933.50","936.20"
"Thu Oct 03 1996 00:00:00 GMT+0530 (India Standard Time)","937.10","943.30","921.10","924.90"
"Fri Oct 04 1996 00:00:00 GMT+0530 (India Standard Time)","924.90","925.90","898.40","904.10"
"Mon Oct 07 1996 00:00:00 GMT+0530 (India Standard Time)","905.70","905.70","859.60","874.00"
"Tue Oct 08 1996 00:00:00 GMT+0530 (India Standard Time)","872.50","876.70","850.50","873.90"
"Wed Oct 09 1996 00:00:00 GMT+0530 (India Standard Time)","873.10","875.80","859.30","874.70"
"Thu Oct 10 1996 00:00:00 GMT+0530 (India Standard Time)","874.20","900.50","872.80","898.40"
"Fri Oct 11 1996 00:00:00 GMT+0530 (India Standard Time)","900.10","915.50","897.60","908.70"
"Mon Oct 14 1996 00:00:00 GMT+0530 (India Standard Time)","907.20","907.20","890.70","892.00"
"Tue Oct 15 1996 00:00:00 GMT+0530 (India Standard Time)","892.00","902.70","885.20","897.70"
"Wed Oct 16 1996 00:00:00 GMT+0530 (India Standard Time)","896.60","905.10","891.10","892.70"
"Thu Oct 17 1996 00:00:00 GMT+0530 (India Standard Time)","891.40","893.30","880.70","892.00"
"Fri Oct 18 1996 00:00:00 GMT+0530 (India Standard Time)","892.60","899.50","888.60","895.00"
"Tue Oct 22 1996 00:00:00 GMT+0530 (India Standard Time)","896.80","924.80","896.80","919.00"
"Wed Oct 23 1996 00:00:00 GMT+0530 (India Standard Time)","924.20","953.40","924.20","951.20"
"Thu Oct 24 1996 00:00:00 GMT+0530 (India Standard Time)","953.40","956.40","928.40","932.70"
"Fri Oct 25 1996 00:00:00 GMT+0530 (India Standard Time)","929.40","939.70","929.40","936.90"
"Mon Oct 28 1996 00:00:00 GMT+0530 (India Standard Time)","936.80","948.30","934.60","935.80"
"Tue Oct 29 1996 00:00:00 GMT+0530 (India Standard Time)","936.70","936.70","922.80","926.30"
"Wed Oct 30 1996 00:00:00 GMT+0530 (India Standard Time)","929.00","929.00","929.00","929.00"
"Thu Oct 31 1996 00:00:00 GMT+0530 (India Standard Time)","927.30","927.30","897.20","909.20"
"Fri Nov 01 1996 00:00:00 GMT+0530 (India Standard Time)","910.30","915.30","904.90","906.60"
"Mon Nov 04 1996 00:00:00 GMT+0530 (India Standard Time)","906.50","906.50","886.60","890.10"
"Tue Nov 05 1996 00:00:00 GMT+0530 (India Standard Time)","890.10","894.40","878.20","881.50"
"Wed Nov 06 1996 00:00:00 GMT+0530 (India Standard Time)","879.80","880.10","851.70","866.50"
"Thu Nov 07 1996 00:00:00 GMT+0530 (India Standard Time)","867.20","876.20","866.70","874.80"
"Fri Nov 08 1996 00:00:00 GMT+0530 (India Standard Time)","876.10","885.60","876.10","884.60"
"Sun Nov 10 1996 00:00:00 GMT+0530 (India Standard Time)","885.20","886.80","878.50","880.30"
"Mon Nov 11 1996 00:00:00 GMT+0530 (India Standard Time)","879.20","895.60","876.80","891.20"
"Wed Nov 13 1996 00:00:00 GMT+0530 (India Standard Time)","895.90","898.50","889.40","896.80"
"Thu Nov 14 1996 00:00:00 GMT+0530 (India Standard Time)","895.60","897.90","885.20","889.30"
"Fri Nov 15 1996 00:00:00 GMT+0530 (India Standard Time)","888.50","894.60","885.60","894.30"
"Mon Nov 18 1996 00:00:00 GMT+0530 (India Standard Time)","893.90","904.80","893.90","904.00"
"Tue Nov 19 1996 00:00:00 GMT+0530 (India Standard Time)","904.50","905.60","895.80","897.50"
"Wed Nov 20 1996 00:00:00 GMT+0530 (India Standard Time)","897.90","897.90","875.30","876.60"
"Thu Nov 21 1996 00:00:00 GMT+0530 (India Standard Time)","876.30","878.20","866.90","869.80"
"Fri Nov 22 1996 00:00:00 GMT+0530 (India Standard Time)","867.80","868.10","848.10","850.30"
"Mon Nov 25 1996 00:00:00 GMT+0530 (India Standard Time)","850.20","859.20","826.90","852.20"
"Tue Nov 26 1996 00:00:00 GMT+0530 (India Standard Time)","856.30","870.80","847.60","855.40"
"Wed Nov 27 1996 00:00:00 GMT+0530 (India Standard Time)","848.10","848.20","822.10","829.00"
"Thu Nov 28 1996 00:00:00 GMT+0530 (India Standard Time)","829.20","835.10","823.20","825.40"
"Fri Nov 29 1996 00:00:00 GMT+0530 (India Standard Time)","825.50","833.80","825.50","830.30"
"Mon Dec 02 1996 00:00:00 GMT+0530 (India Standard Time)","830.40","834.90","818.60","820.20"
"Tue Dec 03 1996 00:00:00 GMT+0530 (India Standard Time)","819.70","819.70","804.40","809.40"
"Wed Dec 04 1996 00:00:00 GMT+0530 (India Standard Time)","805.40","805.80","775.40","788.10"
"Thu Dec 05 1996 00:00:00 GMT+0530 (India Standard Time)","786.30","808.20","781.50","802.20"
"Fri Dec 06 1996 00:00:00 GMT+0530 (India Standard Time)","805.50","815.00","805.40","808.10"
"Mon Dec 09 1996 00:00:00 GMT+0530 (India Standard Time)","809.00","816.20","804.90","808.60"
"Tue Dec 10 1996 00:00:00 GMT+0530 (India Standard Time)","807.70","808.50","797.60","803.20"
"Wed Dec 11 1996 00:00:00 GMT+0530 (India Standard Time)","806.40","839.10","803.60","837.00"
"Thu Dec 12 1996 00:00:00 GMT+0530 (India Standard Time)","838.80","847.30","825.50","827.20"
"Fri Dec 13 1996 00:00:00 GMT+0530 (India Standard Time)","826.50","826.50","814.80","824.60"
"Mon Dec 16 1996 00:00:00 GMT+0530 (India Standard Time)","823.70","848.80","823.70","847.20"
"Tue Dec 17 1996 00:00:00 GMT+0530 (India Standard Time)","846.00","853.30","841.00","850.70"
"Wed Dec 18 1996 00:00:00 GMT+0530 (India Standard Time)","850.60","871.80","850.60","860.40"
"Thu Dec 19 1996 00:00:00 GMT+0530 (India Standard Time)","858.00","864.50","853.40","860.50"
"Fri Dec 20 1996 00:00:00 GMT+0530 (India Standard Time)","864.20","887.90","864.20","884.30"
"Mon Dec 23 1996 00:00:00 GMT+0530 (India Standard Time)","884.40","890.60","878.10","882.00"
"Tue Dec 24 1996 00:00:00 GMT+0530 (India Standard Time)","881.80","887.50","874.00","884.00"
"Thu Dec 26 1996 00:00:00 GMT+0530 (India Standard Time)","887.90","913.30","887.90","911.80"
"Tue Dec 31 1996 00:00:00 GMT+0530 (India Standard Time)","918.10","922.10","895.60","899.10"
"Wed Jan 01 1997 00:00:00 GMT+0530 (India Standard Time)","905.20","941.40","905.20","939.50"
"Thu Jan 02 1997 00:00:00 GMT+0530 (India Standard Time)","941.90","944.00","925.00","927.00"
"Fri Jan 03 1997 00:00:00 GMT+0530 (India Standard Time)","924.30","932.60","919.50","931.60"
"Mon Jan 06 1997 00:00:00 GMT+0530 (India Standard Time)","932.40","937.90","925.60","927.80"
"Tue Jan 07 1997 00:00:00 GMT+0530 (India Standard Time)","926.30","935.10","922.20","928.80"
"Wed Jan 08 1997 00:00:00 GMT+0530 (India Standard Time)","937.30","953.10","937.30","946.70"
"Thu Jan 09 1997 00:00:00 GMT+0530 (India Standard Time)","945.10","959.70","943.60","956.60"
"Fri Jan 10 1997 00:00:00 GMT+0530 (India Standard Time)","962.70","984.10","962.70","980.30"
"Mon Jan 13 1997 00:00:00 GMT+0530 (India Standard Time)","978.50","982.20","965.50","980.70"
"Tue Jan 14 1997 00:00:00 GMT+0530 (India Standard Time)","984.00","994.40","977.70","989.30"
"Wed Jan 15 1997 00:00:00 GMT+0530 (India Standard Time)","997.50","1042.70","997.00","1041.80"
"Thu Jan 16 1997 00:00:00 GMT+0530 (India Standard Time)","1064.00","1085.70","995.30","1009.40"
"Fri Jan 17 1997 00:00:00 GMT+0530 (India Standard Time)","994.10","1009.70","976.30","1001.70"
"Mon Jan 20 1997 00:00:00 GMT+0530 (India Standard Time)","1004.10","1005.50","973.90","977.00"
"Tue Jan 21 1997 00:00:00 GMT+0530 (India Standard Time)","972.10","980.20","956.40","960.50"
"Wed Jan 22 1997 00:00:00 GMT+0530 (India Standard Time)","971.40","992.90","971.40","987.10"
"Fri Jan 24 1997 00:00:00 GMT+0530 (India Standard Time)","991.00","991.40","979.50","985.90"
"Mon Jan 27 1997 00:00:00 GMT+0530 (India Standard Time)","993.10","1017.30","990.30","1009.10"
"Tue Jan 28 1997 00:00:00 GMT+0530 (India Standard Time)","1016.00","1025.00","1007.90","1021.80"
"Wed Jan 29 1997 00:00:00 GMT+0530 (India Standard Time)","1038.00","1043.90","1007.10","1017.20"
"Thu Jan 30 1997 00:00:00 GMT+0530 (India Standard Time)","1010.60","1012.80","993.50","1000.00"
"Fri Jan 31 1997 00:00:00 GMT+0530 (India Standard Time)","988.70","988.70","965.80","972.60"
"Mon Feb 03 1997 00:00:00 GMT+0530 (India Standard Time)","967.90","967.90","944.20","948.20"
"Tue Feb 04 1997 00:00:00 GMT+0530 (India Standard Time)","947.00","963.20","944.40","958.30"
"Wed Feb 05 1997 00:00:00 GMT+0530 (India Standard Time)","970.70","984.80","959.50","962.50"
"Thu Feb 06 1997 00:00:00 GMT+0530 (India Standard Time)","960.70","972.40","953.90","967.70"
"Fri Feb 07 1997 00:00:00 GMT+0530 (India Standard Time)","969.50","980.90","966.50","978.80"
"Mon Feb 10 1997 00:00:00 GMT+0530 (India Standard Time)","981.00","986.70","975.10","981.40"
"Tue Feb 11 1997 00:00:00 GMT+0530 (India Standard Time)","980.90","996.00","978.80","992.70"
"Wed Feb 12 1997 00:00:00 GMT+0530 (India Standard Time)","991.60","1008.80","990.90","1001.00"
"Thu Feb 13 1997 00:00:00 GMT+0530 (India Standard Time)","998.40","1005.10","995.30","1002.10"
"Fri Feb 14 1997 00:00:00 GMT+0530 (India Standard Time)","1001.30","1011.80","1001.10","1009.40"
"Mon Feb 17 1997 00:00:00 GMT+0530 (India Standard Time)","1017.70","1024.30","1015.10","1020.10"
"Tue Feb 18 1997 00:00:00 GMT+0530 (India Standard Time)","1020.70","1020.80","998.90","1000.70"
"Wed Feb 19 1997 00:00:00 GMT+0530 (India Standard Time)","1004.00","1013.00","993.80","1011.80"
"Thu Feb 20 1997 00:00:00 GMT+0530 (India Standard Time)","1009.50","1009.60","1000.50","1003.10"
"Fri Feb 21 1997 00:00:00 GMT+0530 (India Standard Time)","1000.70","1002.00","989.50","991.50"
"Mon Feb 24 1997 00:00:00 GMT+0530 (India Standard Time)","988.70","988.90","961.90","964.70"
"Tue Feb 25 1997 00:00:00 GMT+0530 (India Standard Time)","962.60","975.20","954.50","966.10"
"Wed Feb 26 1997 00:00:00 GMT+0530 (India Standard Time)","963.90","970.50","956.70","968.80"
"Thu Feb 27 1997 00:00:00 GMT+0530 (India Standard Time)","972.30","994.50","972.00","992.70"
"Fri Feb 28 1997 00:00:00 GMT+0530 (India Standard Time)","998.20","1006.60","996.00","998.60"
"Sat Mar 01 1997 00:00:00 GMT+0530 (India Standard Time)","1070.80","1106.50","1070.80","1102.90"
"Mon Mar 03 1997 00:00:00 GMT+0530 (India Standard Time)","1102.40","1140.60","1095.90","1107.70"
"Tue Mar 04 1997 00:00:00 GMT+0530 (India Standard Time)","1111.70","1121.40","1098.20","1117.30"
"Wed Mar 05 1997 00:00:00 GMT+0530 (India Standard Time)","1144.20","1167.90","1122.20","1132.90"
"Thu Mar 06 1997 00:00:00 GMT+0530 (India Standard Time)","1127.00","1135.70","1119.30","1127.20"
"Mon Mar 10 1997 00:00:00 GMT+0530 (India Standard Time)","1118.80","1118.80","1075.00","1078.70"
"Tue Mar 11 1997 00:00:00 GMT+0530 (India Standard Time)","1073.80","1083.30","1046.30","1052.00"
"Wed Mar 12 1997 00:00:00 GMT+0530 (India Standard Time)","1066.50","1088.60","1065.20","1074.20"
"Thu Mar 13 1997 00:00:00 GMT+0530 (India Standard Time)","1076.80","1078.50","1062.70","1066.50"
"Fri Mar 14 1997 00:00:00 GMT+0530 (India Standard Time)","1062.20","1076.60","1057.50","1070.00"
"Mon Mar 17 1997 00:00:00 GMT+0530 (India Standard Time)","1071.90","1076.20","1065.40","1072.50"
"Tue Mar 18 1997 00:00:00 GMT+0530 (India Standard Time)","1072.30","1074.50","1061.00","1064.30"
"Wed Mar 19 1997 00:00:00 GMT+0530 (India Standard Time)","1074.20","1079.50","1050.00","1052.00"
"Thu Mar 20 1997 00:00:00 GMT+0530 (India Standard Time)","1049.00","1059.50","1040.90","1054.80"
"Fri Mar 21 1997 00:00:00 GMT+0530 (India Standard Time)","1058.70","1069.50","1058.50","1061.40"
"Tue Mar 25 1997 00:00:00 GMT+0530 (India Standard Time)","1064.50","1067.20","1054.50","1058.30"
"Wed Mar 26 1997 00:00:00 GMT+0530 (India Standard Time)","1062.50","1067.20","1057.50","1059.20"
"Thu Mar 27 1997 00:00:00 GMT+0530 (India Standard Time)","1057.40","1059.00","1047.70","1057.80"
"Mon Mar 31 1997 00:00:00 GMT+0530 (India Standard Time)","1012.10","1012.10","966.80","968.30"
"Tue Apr 01 1997 00:00:00 GMT+0530 (India Standard Time)","931.90","973.80","931.50","970.10"
"Wed Apr 02 1997 00:00:00 GMT+0530 (India Standard Time)","982.10","1004.60","982.10","1002.20"
"Thu Apr 03 1997 00:00:00 GMT+0530 (India Standard Time)","1004.30","1012.70","1000.50","1010.60"
"Fri Apr 04 1997 00:00:00 GMT+0530 (India Standard Time)","1001.90","1002.00","996.60","1001.00"
"Mon Apr 07 1997 00:00:00 GMT+0530 (India Standard Time)","997.50","998.00","988.00","990.90"
"Wed Apr 09 1997 00:00:00 GMT+0530 (India Standard Time)","1009.90","1031.10","1009.90","1030.30"
"Thu Apr 10 1997 00:00:00 GMT+0530 (India Standard Time)","1024.40","1024.70","1000.30","1008.30"
"Fri Apr 11 1997 00:00:00 GMT+0530 (India Standard Time)","993.30","1017.20","985.60","1013.40"
"Sat Apr 12 1997 00:00:00 GMT+0530 (India Standard Time)","1004.90","1009.90","999.30","1003.20"
"Tue Apr 15 1997 00:00:00 GMT+0530 (India Standard Time)","1010.60","1018.60","1010.60","1014.90"
"Thu Apr 17 1997 00:00:00 GMT+0530 (India Standard Time)","1020.40","1036.10","1018.20","1035.20"
"Mon Apr 21 1997 00:00:00 GMT+0530 (India Standard Time)","1041.40","1061.80","1041.20","1060.50"
"Tue Apr 22 1997 00:00:00 GMT+0530 (India Standard Time)","1066.70","1073.90","1056.40","1059.80"
"Wed Apr 23 1997 00:00:00 GMT+0530 (India Standard Time)","1065.90","1078.00","1063.80","1071.00"
"Thu Apr 24 1997 00:00:00 GMT+0530 (India Standard Time)","1071.40","1075.90","1063.30","1067.20"
"Fri Apr 25 1997 00:00:00 GMT+0530 (India Standard Time)","1065.40","1071.00","1062.90","1069.40"
"Mon Apr 28 1997 00:00:00 GMT+0530 (India Standard Time)","1068.50","1070.70","1061.20","1065.40"
"Tue Apr 29 1997 00:00:00 GMT+0530 (India Standard Time)","1063.50","1065.40","1052.80","1057.40"
"Wed Apr 30 1997 00:00:00 GMT+0530 (India Standard Time)","1081.00","1088.40","1075.90","1079.80"
"Fri May 02 1997 00:00:00 GMT+0530 (India Standard Time)","1074.70","1074.70","1063.70","1069.00"
"Mon May 05 1997 00:00:00 GMT+0530 (India Standard Time)","1061.80","1061.80","1043.50","1045.50"
"Tue May 06 1997 00:00:00 GMT+0530 (India Standard Time)","1045.80","1050.50","1038.70","1048.40"
"Wed May 07 1997 00:00:00 GMT+0530 (India Standard Time)","1053.00","1055.00","1042.50","1044.40"
"Thu May 08 1997 00:00:00 GMT+0530 (India Standard Time)","1043.70","1055.40","1039.80","1054.00"
"Fri May 09 1997 00:00:00 GMT+0530 (India Standard Time)","1054.50","1063.00","1048.00","1053.30"
"Mon May 12 1997 00:00:00 GMT+0530 (India Standard Time)","1052.80","1056.50","1039.00","1040.50"
"Tue May 13 1997 00:00:00 GMT+0530 (India Standard Time)","1041.00","1042.20","1027.50","1031.00"
"Wed May 14 1997 00:00:00 GMT+0530 (India Standard Time)","1030.30","1044.10","1018.10","1041.60"
"Thu May 15 1997 00:00:00 GMT+0530 (India Standard Time)","1041.60","1049.00","1036.20","1045.00"
"Fri May 16 1997 00:00:00 GMT+0530 (India Standard Time)","1043.40","1049.70","1041.00","1048.40"
"Mon May 19 1997 00:00:00 GMT+0530 (India Standard Time)","1052.20","1059.20","1048.00","1050.80"
"Tue May 20 1997 00:00:00 GMT+0530 (India Standard Time)","1051.50","1053.20","1045.30","1050.80"
"Wed May 21 1997 00:00:00 GMT+0530 (India Standard Time)","1047.50","1049.70","1040.50","1042.00"
"Thu May 22 1997 00:00:00 GMT+0530 (India Standard Time)","1042.40","1043.80","1034.30","1037.20"
"Fri May 23 1997 00:00:00 GMT+0530 (India Standard Time)","1037.00","1039.00","1028.70","1033.70"
"Mon May 26 1997 00:00:00 GMT+0530 (India Standard Time)","1032.10","1035.80","1025.50","1026.90"
"Tue May 27 1997 00:00:00 GMT+0530 (India Standard Time)","1027.50","1031.50","1023.40","1025.70"
"Wed May 28 1997 00:00:00 GMT+0530 (India Standard Time)","1032.50","1035.30","1024.50","1027.00"
"Thu May 29 1997 00:00:00 GMT+0530 (India Standard Time)","1024.70","1040.00","1023.80","1038.20"
"Fri May 30 1997 00:00:00 GMT+0530 (India Standard Time)","1039.80","1051.20","1038.30","1050.90"
"Mon Jun 02 1997 00:00:00 GMT+0530 (India Standard Time)","1053.00","1066.10","1051.00","1064.90"
"Tue Jun 03 1997 00:00:00 GMT+0530 (India Standard Time)","1067.60","1081.70","1067.50","1073.70"
"Wed Jun 04 1997 00:00:00 GMT+0530 (India Standard Time)","1081.50","1090.90","1078.80","1085.70"
"Thu Jun 05 1997 00:00:00 GMT+0530 (India Standard Time)","1089.80","1095.50","1082.80","1086.50"
"Fri Jun 06 1997 00:00:00 GMT+0530 (India Standard Time)","1087.50","1091.00","1081.30","1082.70"
"Mon Jun 09 1997 00:00:00 GMT+0530 (India Standard Time)","1082.90","1082.90","1071.50","1074.60"
"Tue Jun 10 1997 00:00:00 GMT+0530 (India Standard Time)","1075.30","1084.10","1075.20","1081.00"
"Wed Jun 11 1997 00:00:00 GMT+0530 (India Standard Time)","1090.40","1108.90","1090.40","1104.50"
"Thu Jun 12 1997 00:00:00 GMT+0530 (India Standard Time)","1106.00","1122.20","1105.70","1120.70"
"Fri Jun 13 1997 00:00:00 GMT+0530 (India Standard Time)","1124.90","1147.50","1122.70","1136.30"
"Mon Jun 16 1997 00:00:00 GMT+0530 (India Standard Time)","1135.30","1141.00","1121.80","1129.70"
"Tue Jun 17 1997 00:00:00 GMT+0530 (India Standard Time)","1134.90","1145.80","1127.10","1138.80"
"Wed Jun 18 1997 00:00:00 GMT+0530 (India Standard Time)","1162.20","1171.00","1156.00","1159.80"
"Thu Jun 19 1997 00:00:00 GMT+0530 (India Standard Time)","1151.90","1161.70","1145.30","1159.80"
"Fri Jun 20 1997 00:00:00 GMT+0530 (India Standard Time)","1162.70","1174.10","1154.30","1158.30"
"Mon Jun 23 1997 00:00:00 GMT+0530 (India Standard Time)","1159.50","1163.00","1149.30","1153.70"
"Tue Jun 24 1997 00:00:00 GMT+0530 (India Standard Time)","1154.90","1161.90","1146.80","1155.30"
"Wed Jun 25 1997 00:00:00 GMT+0530 (India Standard Time)","1166.00","1175.00","1158.90","1161.90"
"Thu Jun 26 1997 00:00:00 GMT+0530 (India Standard Time)","1164.00","1177.50","1160.20","1168.20"
"Fri Jun 27 1997 00:00:00 GMT+0530 (India Standard Time)","1168.30","1174.70","1165.90","1169.60"
"Mon Jun 30 1997 00:00:00 GMT+0530 (India Standard Time)","1167.40","1194.70","1164.50","1192.40"
"Tue Jul 01 1997 00:00:00 GMT+0530 (India Standard Time)","1201.30","1206.00","1193.50","1200.40"
"Wed Jul 02 1997 00:00:00 GMT+0530 (India Standard Time)","1214.70","1237.00","1212.50","1222.90"
"Thu Jul 03 1997 00:00:00 GMT+0530 (India Standard Time)","1222.40","1235.40","1209.40","1214.90"
"Fri Jul 04 1997 00:00:00 GMT+0530 (India Standard Time)","1218.90","1222.50","1209.40","1216.00"
"Mon Jul 07 1997 00:00:00 GMT+0530 (India Standard Time)","1217.40","1226.50","1208.20","1209.70"
"Tue Jul 08 1997 00:00:00 GMT+0530 (India Standard Time)","1205.00","1205.80","1193.30","1198.20"
"Wed Jul 09 1997 00:00:00 GMT+0530 (India Standard Time)","1211.50","1239.50","1211.50","1236.50"
"Thu Jul 10 1997 00:00:00 GMT+0530 (India Standard Time)","1248.00","1252.70","1234.90","1239.10"
"Fri Jul 11 1997 00:00:00 GMT+0530 (India Standard Time)","1233.50","1233.50","1217.00","1221.00"
"Mon Jul 14 1997 00:00:00 GMT+0530 (India Standard Time)","1212.40","1215.50","1176.50","1187.00"
"Tue Jul 15 1997 00:00:00 GMT+0530 (India Standard Time)","1190.50","1195.40","1180.70","1183.30"
"Wed Jul 16 1997 00:00:00 GMT+0530 (India Standard Time)","1195.50","1207.00","1179.20","1183.00"
"Thu Jul 17 1997 00:00:00 GMT+0530 (India Standard Time)","1182.80","1185.30","1173.00","1181.40"
"Mon Jul 21 1997 00:00:00 GMT+0530 (India Standard Time)","1171.30","1171.30","1153.70","1165.00"
"Tue Jul 22 1997 00:00:00 GMT+0530 (India Standard Time)","1169.50","1176.40","1165.10","1173.20"
"Wed Jul 23 1997 00:00:00 GMT+0530 (India Standard Time)","1184.00","1201.70","1183.90","1200.70"
"Thu Jul 24 1997 00:00:00 GMT+0530 (India Standard Time)","1204.30","1213.40","1195.20","1199.90"
"Fri Jul 25 1997 00:00:00 GMT+0530 (India Standard Time)","1194.70","1195.90","1179.00","1185.00"
"Mon Jul 28 1997 00:00:00 GMT+0530 (India Standard Time)","1185.20","1187.80","1176.90","1181.60"
"Tue Jul 29 1997 00:00:00 GMT+0530 (India Standard Time)","1182.50","1190.50","1180.00","1190.30"
"Wed Jul 30 1997 00:00:00 GMT+0530 (India Standard Time)","1196.60","1205.80","1195.80","1197.90"
"Thu Jul 31 1997 00:00:00 GMT+0530 (India Standard Time)","1203.90","1224.70","1201.80","1221.50"
"Fri Aug 01 1997 00:00:00 GMT+0530 (India Standard Time)","1224.40","1233.80","1219.90","1232.40"
"Mon Aug 04 1997 00:00:00 GMT+0530 (India Standard Time)","1238.70","1254.50","1237.90","1250.40"
"Tue Aug 05 1997 00:00:00 GMT+0530 (India Standard Time)","1250.50","1275.40","1249.70","1273.10"
"Wed Aug 06 1997 00:00:00 GMT+0530 (India Standard Time)","1273.60","1297.00","1273.60","1292.90"
"Thu Aug 07 1997 00:00:00 GMT+0530 (India Standard Time)","1292.80","1292.80","1259.00","1269.60"
"Fri Aug 08 1997 00:00:00 GMT+0530 (India Standard Time)","1269.50","1269.50","1253.20","1256.90"
"Mon Aug 11 1997 00:00:00 GMT+0530 (India Standard Time)","1256.80","1260.00","1247.60","1258.30"
"Tue Aug 12 1997 00:00:00 GMT+0530 (India Standard Time)","1258.50","1272.00","1243.90","1248.40"
"Wed Aug 13 1997 00:00:00 GMT+0530 (India Standard Time)","1248.30","1251.40","1240.90","1244.50"
"Thu Aug 14 1997 00:00:00 GMT+0530 (India Standard Time)","1244.40","1245.80","1226.00","1227.90"
"Mon Aug 18 1997 00:00:00 GMT+0530 (India Standard Time)","1228.40","1228.40","1198.70","1201.40"
"Tue Aug 19 1997 00:00:00 GMT+0530 (India Standard Time)","1201.50","1203.10","1177.00","1180.70"
"Wed Aug 20 1997 00:00:00 GMT+0530 (India Standard Time)","1179.50","1200.20","1178.60","1198.20"
"Thu Aug 21 1997 00:00:00 GMT+0530 (India Standard Time)","1198.80","1212.10","1179.30","1181.50"
"Fri Aug 22 1997 00:00:00 GMT+0530 (India Standard Time)","1181.50","1181.50","1158.40","1160.40"
"Mon Aug 25 1997 00:00:00 GMT+0530 (India Standard Time)","1160.40","1160.40","1119.60","1144.30"
"Tue Aug 26 1997 00:00:00 GMT+0530 (India Standard Time)","1144.50","1160.40","1144.00","1151.70"
"Wed Aug 27 1997 00:00:00 GMT+0530 (India Standard Time)","1152.40","1184.80","1152.40","1168.40"
"Thu Aug 28 1997 00:00:00 GMT+0530 (India Standard Time)","1168.40","1168.40","1132.20","1134.60"
"Fri Aug 29 1997 00:00:00 GMT+0530 (India Standard Time)","1134.20","1134.20","1098.90","1105.00"
"Mon Sep 01 1997 00:00:00 GMT+0530 (India Standard Time)","1105.40","1115.00","1097.90","1104.70"
"Tue Sep 02 1997 00:00:00 GMT+0530 (India Standard Time)","1104.90","1125.80","1102.40","1117.10"
"Wed Sep 03 1997 00:00:00 GMT+0530 (India Standard Time)","1118.40","1145.40","1118.40","1134.70"
"Thu Sep 04 1997 00:00:00 GMT+0530 (India Standard Time)","1134.30","1138.80","1123.70","1137.10"
"Fri Sep 05 1997 00:00:00 GMT+0530 (India Standard Time)","1137.20","1152.30","1137.20","1149.20"
"Mon Sep 08 1997 00:00:00 GMT+0530 (India Standard Time)","1148.70","1160.80","1136.80","1158.20"
"Tue Sep 09 1997 00:00:00 GMT+0530 (India Standard Time)","1158.30","1168.30","1154.90","1159.50"
"Wed Sep 10 1997 00:00:00 GMT+0530 (India Standard Time)","1159.00","1159.00","1143.90","1154.50"
"Thu Sep 11 1997 00:00:00 GMT+0530 (India Standard Time)","1154.50","1163.30","1152.50","1154.30"
"Fri Sep 12 1997 00:00:00 GMT+0530 (India Standard Time)","1154.20","1154.20","1138.20","1142.80"
"Mon Sep 15 1997 00:00:00 GMT+0530 (India Standard Time)","1142.70","1143.30","1136.30","1141.00"
"Tue Sep 16 1997 00:00:00 GMT+0530 (India Standard Time)","1141.00","1149.20","1137.80","1140.10"
"Wed Sep 17 1997 00:00:00 GMT+0530 (India Standard Time)","1140.30","1141.70","1132.70","1134.20"
"Thu Sep 18 1997 00:00:00 GMT+0530 (India Standard Time)","1133.50","1133.50","1101.60","1109.30"
"Fri Sep 19 1997 00:00:00 GMT+0530 (India Standard Time)","1109.50","1115.10","1099.50","1104.30"
"Mon Sep 22 1997 00:00:00 GMT+0530 (India Standard Time)","1104.20","1104.20","1082.50","1085.00"
"Tue Sep 23 1997 00:00:00 GMT+0530 (India Standard Time)","1084.40","1090.90","1079.50","1088.60"
"Wed Sep 24 1997 00:00:00 GMT+0530 (India Standard Time)","1089.10","1108.10","1089.10","1100.80"
"Thu Sep 25 1997 00:00:00 GMT+0530 (India Standard Time)","1100.80","1112.40","1098.30","1111.30"
"Fri Sep 26 1997 00:00:00 GMT+0530 (India Standard Time)","1111.60","1122.20","1111.60","1116.00"
"Mon Sep 29 1997 00:00:00 GMT+0530 (India Standard Time)","1124.90","1133.40","1122.50","1125.70"
"Tue Sep 30 1997 00:00:00 GMT+0530 (India Standard Time)","1125.60","1125.60","1112.50","1123.80"
"Wed Oct 01 1997 00:00:00 GMT+0530 (India Standard Time)","1123.40","1123.40","1102.40","1114.70"
"Thu Oct 09 1997 00:00:00 GMT+0530 (India Standard Time)","1119.00","1135.90","1118.60","1134.50"
"Fri Oct 10 1997 00:00:00 GMT+0530 (India Standard Time)","1135.30","1166.00","1133.50","1163.50"
"Mon Oct 13 1997 00:00:00 GMT+0530 (India Standard Time)","1165.50","1177.50","1153.80","1156.90"
"Tue Oct 14 1997 00:00:00 GMT+0530 (India Standard Time)","1156.40","1158.80","1131.00","1137.90"
"Wed Oct 15 1997 00:00:00 GMT+0530 (India Standard Time)","1138.40","1152.60","1138.40","1150.40"
"Thu Oct 16 1997 00:00:00 GMT+0530 (India Standard Time)","1150.40","1171.50","1150.40","1168.30"
"Fri Oct 17 1997 00:00:00 GMT+0530 (India Standard Time)","1168.70","1181.10","1168.70","1177.80"
"Mon Oct 20 1997 00:00:00 GMT+0530 (India Standard Time)","1177.50","1189.40","1172.00","1188.20"
"Tue Oct 21 1997 00:00:00 GMT+0530 (India Standard Time)","1188.20","1192.00","1171.20","1174.90"
"Wed Oct 22 1997 00:00:00 GMT+0530 (India Standard Time)","1175.50","1184.90","1168.30","1169.80"
"Thu Oct 23 1997 00:00:00 GMT+0530 (India Standard Time)","1169.40","1171.00","1140.80","1151.60"
"Fri Oct 24 1997 00:00:00 GMT+0530 (India Standard Time)","1151.40","1151.40","1122.50","1136.60"
"Mon Oct 27 1997 00:00:00 GMT+0530 (India Standard Time)","1136.00","1136.00","1116.00","1120.80"
"Tue Oct 28 1997 00:00:00 GMT+0530 (India Standard Time)","1120.50","1120.50","1028.20","1032.50"
"Wed Oct 29 1997 00:00:00 GMT+0530 (India Standard Time)","1033.00","1108.50","1033.00","1107.00"
"Thu Oct 30 1997 00:00:00 GMT+0530 (India Standard Time)","1106.90","1106.90","1080.10","1085.20"
"Mon Nov 03 1997 00:00:00 GMT+0530 (India Standard Time)","1085.70","1096.00","1071.20","1084.00"
"Tue Nov 04 1997 00:00:00 GMT+0530 (India Standard Time)","1083.80","1097.00","1079.50","1090.20"
"Wed Nov 05 1997 00:00:00 GMT+0530 (India Standard Time)","1091.20","1096.00","1081.90","1085.00"
"Thu Nov 06 1997 00:00:00 GMT+0530 (India Standard Time)","1084.80","1085.20","1068.40","1080.90"
"Fri Nov 07 1997 00:00:00 GMT+0530 (India Standard Time)","1081.10","1081.40","1072.10","1074.80"
"Mon Nov 10 1997 00:00:00 GMT+0530 (India Standard Time)","1074.50","1074.50","1064.40","1065.90"
"Tue Nov 11 1997 00:00:00 GMT+0530 (India Standard Time)","1065.90","1076.50","1064.30","1073.30"
"Wed Nov 12 1997 00:00:00 GMT+0530 (India Standard Time)","1073.30","1073.30","1042.30","1045.00"
"Thu Nov 13 1997 00:00:00 GMT+0530 (India Standard Time)","1044.50","1044.50","1013.10","1022.40"
"Mon Nov 17 1997 00:00:00 GMT+0530 (India Standard Time)","1022.30","1028.50","1014.50","1024.90"
"Tue Nov 18 1997 00:00:00 GMT+0530 (India Standard Time)","1025.30","1025.40","1004.20","1009.80"
"Wed Nov 19 1997 00:00:00 GMT+0530 (India Standard Time)","1009.50","1009.50","971.20","987.80"
"Thu Nov 20 1997 00:00:00 GMT+0530 (India Standard Time)","987.70","1004.80","974.20","995.10"
"Fri Nov 21 1997 00:00:00 GMT+0530 (India Standard Time)","994.80","1014.50","990.40","1005.70"
"Mon Nov 24 1997 00:00:00 GMT+0530 (India Standard Time)","1005.70","1010.60","979.70","981.20"
"Tue Nov 25 1997 00:00:00 GMT+0530 (India Standard Time)","981.10","1015.20","974.70","1010.70"
"Wed Nov 26 1997 00:00:00 GMT+0530 (India Standard Time)","1011.40","1028.90","1011.00","1016.80"
"Thu Nov 27 1997 00:00:00 GMT+0530 (India Standard Time)","1016.90","1048.90","1011.90","1046.70"
"Fri Nov 28 1997 00:00:00 GMT+0530 (India Standard Time)","1046.30","1046.30","1014.80","1023.90"
"Mon Dec 01 1997 00:00:00 GMT+0530 (India Standard Time)","1023.80","1033.90","1008.40","1032.60"
"Tue Dec 02 1997 00:00:00 GMT+0530 (India Standard Time)","1033.10","1041.20","1024.80","1029.80"
"Wed Dec 03 1997 00:00:00 GMT+0530 (India Standard Time)","1030.20","1037.40","1022.00","1030.70"
"Thu Dec 04 1997 00:00:00 GMT+0530 (India Standard Time)","1030.20","1036.50","1007.80","1011.70"
"Fri Dec 05 1997 00:00:00 GMT+0530 (India Standard Time)","1011.40","1024.30","1002.40","1006.30"
"Mon Dec 08 1997 00:00:00 GMT+0530 (India Standard Time)","1006.60","1014.10","1003.20","1008.80"
"Tue Dec 09 1997 00:00:00 GMT+0530 (India Standard Time)","1008.50","1011.50","979.70","984.00"
"Wed Dec 10 1997 00:00:00 GMT+0530 (India Standard Time)","983.20","983.20","965.80","971.90"
"Thu Dec 11 1997 00:00:00 GMT+0530 (India Standard Time)","971.70","978.80","943.00","973.60"
"Fri Dec 12 1997 00:00:00 GMT+0530 (India Standard Time)","973.70","979.10","963.80","965.10"
"Mon Dec 15 1997 00:00:00 GMT+0530 (India Standard Time)","965.00","980.60","957.20","979.80"
"Tue Dec 16 1997 00:00:00 GMT+0530 (India Standard Time)","980.00","1007.70","979.80","1002.30"
"Wed Dec 17 1997 00:00:00 GMT+0530 (India Standard Time)","1002.20","1017.60","1002.10","1013.10"
"Thu Dec 18 1997 00:00:00 GMT+0530 (India Standard Time)","1013.50","1023.80","1008.10","1009.70"
"Fri Dec 19 1997 00:00:00 GMT+0530 (India Standard Time)","1009.30","1029.70","1006.80","1028.40"
"Mon Dec 22 1997 00:00:00 GMT+0530 (India Standard Time)","1028.40","1053.40","1028.40","1051.40"
"Tue Dec 23 1997 00:00:00 GMT+0530 (India Standard Time)","1051.40","1066.20","1049.50","1054.80"
"Wed Dec 24 1997 00:00:00 GMT+0530 (India Standard Time)","1054.80","1055.50","1032.90","1054.10"
"Fri Dec 26 1997 00:00:00 GMT+0530 (India Standard Time)","1054.10","1066.00","1054.10","1061.40"
"Mon Dec 29 1997 00:00:00 GMT+0530 (India Standard Time)","1061.60","1081.50","1060.20","1079.00"
"Tue Dec 30 1997 00:00:00 GMT+0530 (India Standard Time)","1078.70","1080.20","1054.50","1058.50"
"Wed Dec 31 1997 00:00:00 GMT+0530 (India Standard Time)","1058.40","1083.30","1057.70","1079.40"
"Thu Jan 01 1998 00:00:00 GMT+0530 (India Standard Time)","1078.90","1084.50","1074.10","1081.20"
"Fri Jan 02 1998 00:00:00 GMT+0530 (India Standard Time)","1081.00","1091.30","1081.00","1086.20"
"Mon Jan 05 1998 00:00:00 GMT+0530 (India Standard Time)","1086.50","1102.10","1086.50","1091.60"
"Tue Jan 06 1998 00:00:00 GMT+0530 (India Standard Time)","1091.20","1091.20","1074.00","1079.10"
"Wed Jan 07 1998 00:00:00 GMT+0530 (India Standard Time)","1079.90","1097.30","1071.70","1082.40"
"Thu Jan 08 1998 00:00:00 GMT+0530 (India Standard Time)","1082.00","1082.00","1054.00","1057.70"
"Fri Jan 09 1998 00:00:00 GMT+0530 (India Standard Time)","1057.60","1057.60","1028.70","1033.50"
"Mon Jan 12 1998 00:00:00 GMT+0530 (India Standard Time)","1033.20","1033.20","992.50","995.80"
"Tue Jan 13 1998 00:00:00 GMT+0530 (India Standard Time)","995.70","1016.80","995.70","999.10"
"Wed Jan 14 1998 00:00:00 GMT+0530 (India Standard Time)","999.40","1019.80","990.70","997.50"
"Thu Jan 15 1998 00:00:00 GMT+0530 (India Standard Time)","997.50","1001.30","975.60","989.60"
"Fri Jan 16 1998 00:00:00 GMT+0530 (India Standard Time)","990.00","999.80","987.10","997.80"
"Mon Jan 19 1998 00:00:00 GMT+0530 (India Standard Time)","998.30","1019.70","992.00","1017.20"
"Tue Jan 20 1998 00:00:00 GMT+0530 (India Standard Time)","1017.20","1029.60","1008.80","1011.40"
"Wed Jan 21 1998 00:00:00 GMT+0530 (India Standard Time)","1011.60","1017.70","1003.90","1012.40"
"Thu Jan 22 1998 00:00:00 GMT+0530 (India Standard Time)","1012.20","1012.20","990.80","992.30"
"Fri Jan 23 1998 00:00:00 GMT+0530 (India Standard Time)","992.20","992.40","984.50","986.80"
"Tue Jan 27 1998 00:00:00 GMT+0530 (India Standard Time)","986.90","988.00","959.40","963.30"
"Wed Jan 28 1998 00:00:00 GMT+0530 (India Standard Time)","962.60","969.70","940.10","944.80"
"Thu Jan 29 1998 00:00:00 GMT+0530 (India Standard Time)","944.50","944.50","929.00","941.30"
"Fri Jan 30 1998 00:00:00 GMT+0530 (India Standard Time)","941.40","965.30","941.40","963.40"
"Mon Feb 02 1998 00:00:00 GMT+0530 (India Standard Time)","963.40","978.00","962.20","976.60"
"Tue Feb 03 1998 00:00:00 GMT+0530 (India Standard Time)","977.00","979.50","967.80","975.20"
"Wed Feb 04 1998 00:00:00 GMT+0530 (India Standard Time)","975.90","988.40","965.40","967.90"
"Thu Feb 05 1998 00:00:00 GMT+0530 (India Standard Time)","968.10","980.40","968.10","976.10"
"Fri Feb 06 1998 00:00:00 GMT+0530 (India Standard Time)","976.10","981.20","971.90","977.60"
"Mon Feb 09 1998 00:00:00 GMT+0530 (India Standard Time)","977.50","980.70","973.10","976.10"
"Tue Feb 10 1998 00:00:00 GMT+0530 (India Standard Time)","976.10","976.10","962.00","963.70"
"Wed Feb 11 1998 00:00:00 GMT+0530 (India Standard Time)","964.20","971.70","956.00","958.90"
"Thu Feb 12 1998 00:00:00 GMT+0530 (India Standard Time)","959.00","960.20","949.60","956.60"
"Fri Feb 13 1998 00:00:00 GMT+0530 (India Standard Time)","956.80","978.10","956.80","974.50"
"Tue Feb 17 1998 00:00:00 GMT+0530 (India Standard Time)","974.60","1002.10","974.60","991.70"
"Wed Feb 18 1998 00:00:00 GMT+0530 (India Standard Time)","992.10","997.80","984.00","988.80"
"Thu Feb 19 1998 00:00:00 GMT+0530 (India Standard Time)","988.90","1001.10","988.90","997.50"
"Fri Feb 20 1998 00:00:00 GMT+0530 (India Standard Time)","997.10","1006.20","991.80","993.60"
"Mon Feb 23 1998 00:00:00 GMT+0530 (India Standard Time)","994.10","1011.70","994.10","1009.60"
"Tue Feb 24 1998 00:00:00 GMT+0530 (India Standard Time)","1009.50","1017.50","1007.40","1014.10"
"Wed Feb 25 1998 00:00:00 GMT+0530 (India Standard Time)","1014.10","1037.10","1014.10","1036.00"
"Thu Feb 26 1998 00:00:00 GMT+0530 (India Standard Time)","1036.30","1048.50","1032.40","1045.80"
"Fri Feb 27 1998 00:00:00 GMT+0530 (India Standard Time)","1045.80","1064.10","1045.70","1060.70"
"Mon Mar 02 1998 00:00:00 GMT+0530 (India Standard Time)","1060.90","1100.80","1060.90","1098.20"
"Tue Mar 03 1998 00:00:00 GMT+0530 (India Standard Time)","1099.20","1101.90","1046.70","1063.50"
"Wed Mar 04 1998 00:00:00 GMT+0530 (India Standard Time)","1062.70","1094.40","1062.70","1092.30"
"Thu Mar 05 1998 00:00:00 GMT+0530 (India Standard Time)","1091.90","1098.90","1079.90","1083.30"
"Fri Mar 06 1998 00:00:00 GMT+0530 (India Standard Time)","1083.30","1086.00","1073.20","1081.40"
"Mon Mar 09 1998 00:00:00 GMT+0530 (India Standard Time)","1081.90","1100.40","1081.90","1099.50"
"Tue Mar 10 1998 00:00:00 GMT+0530 (India Standard Time)","1099.30","1102.80","1082.70","1086.00"
"Wed Mar 11 1998 00:00:00 GMT+0530 (India Standard Time)","1086.60","1102.50","1074.50","1083.00"
"Thu Mar 12 1998 00:00:00 GMT+0530 (India Standard Time)","1083.30","1083.90","1072.40","1077.50"
"Mon Mar 16 1998 00:00:00 GMT+0530 (India Standard Time)","1077.70","1102.50","1077.70","1090.40"
"Tue Mar 17 1998 00:00:00 GMT+0530 (India Standard Time)","1090.20","1090.20","1072.70","1083.30"
"Wed Mar 18 1998 00:00:00 GMT+0530 (India Standard Time)","1083.80","1108.20","1083.80","1103.30"
"Thu Mar 19 1998 00:00:00 GMT+0530 (India Standard Time)","1103.80","1113.40","1099.80","1105.80"
"Fri Mar 20 1998 00:00:00 GMT+0530 (India Standard Time)","1105.50","1112.40","1097.70","1109.50"
"Mon Mar 23 1998 00:00:00 GMT+0530 (India Standard Time)","1110.00","1124.80","1110.00","1124.00"
"Tue Mar 24 1998 00:00:00 GMT+0530 (India Standard Time)","1124.20","1137.80","1117.30","1120.80"
"Wed Mar 25 1998 00:00:00 GMT+0530 (India Standard Time)","1121.40","1149.30","1121.40","1146.90"
"Thu Mar 26 1998 00:00:00 GMT+0530 (India Standard Time)","1147.60","1156.70","1127.30","1129.50"
"Fri Mar 27 1998 00:00:00 GMT+0530 (India Standard Time)","1129.50","1142.00","1121.20","1140.30"
"Mon Mar 30 1998 00:00:00 GMT+0530 (India Standard Time)","1140.50","1146.60","1122.90","1124.80"
"Tue Mar 31 1998 00:00:00 GMT+0530 (India Standard Time)","1124.70","1127.50","1111.80","1116.90"
"Wed Apr 01 1998 00:00:00 GMT+0530 (India Standard Time)","1117.10","1151.00","1117.10","1150.00"
"Thu Apr 02 1998 00:00:00 GMT+0530 (India Standard Time)","1150.40","1169.50","1150.40","1157.40"
"Fri Apr 03 1998 00:00:00 GMT+0530 (India Standard Time)","1157.90","1174.50","1157.30","1173.40"
"Mon Apr 06 1998 00:00:00 GMT+0530 (India Standard Time)","1173.50","1191.50","1173.50","1187.00"
"Tue Apr 07 1998 00:00:00 GMT+0530 (India Standard Time)","1187.30","1199.50","1184.00","1187.80"
"Thu Apr 09 1998 00:00:00 GMT+0530 (India Standard Time)","1189.40","1224.20","1189.40","1209.50"
"Fri Apr 10 1998 00:00:00 GMT+0530 (India Standard Time)","1209.70","1209.90","1189.40","1192.40"
"Mon Apr 13 1998 00:00:00 GMT+0530 (India Standard Time)","1191.60","1191.60","1156.80","1159.40"
"Wed Apr 15 1998 00:00:00 GMT+0530 (India Standard Time)","1159.50","1210.50","1159.50","1206.30"
"Thu Apr 16 1998 00:00:00 GMT+0530 (India Standard Time)","1206.30","1215.00","1194.50","1197.00"
"Fri Apr 17 1998 00:00:00 GMT+0530 (India Standard Time)","1197.00","1211.80","1189.70","1210.00"
"Mon Apr 20 1998 00:00:00 GMT+0530 (India Standard Time)","1210.00","1222.50","1202.20","1207.10"
"Tue Apr 21 1998 00:00:00 GMT+0530 (India Standard Time)","1207.20","1218.90","1207.20","1212.70"
"Wed Apr 22 1998 00:00:00 GMT+0530 (India Standard Time)","1212.90","1247.10","1208.00","1210.80"
"Thu Apr 23 1998 00:00:00 GMT+0530 (India Standard Time)","1210.20","1211.30","1179.70","1182.00"
"Fri Apr 24 1998 00:00:00 GMT+0530 (India Standard Time)","1182.10","1183.70","1144.80","1173.80"
"Mon Apr 27 1998 00:00:00 GMT+0530 (India Standard Time)","1173.80","1180.20","1161.20","1164.30"
"Tue Apr 28 1998 00:00:00 GMT+0530 (India Standard Time)","1164.00","1164.30","1144.50","1146.80"
"Wed Apr 29 1998 00:00:00 GMT+0530 (India Standard Time)","1151.30","1178.00","1147.00","1151.00"
"Thu Apr 30 1998 00:00:00 GMT+0530 (India Standard Time)","1151.40","1161.00","1137.80","1159.30"
"Mon May 04 1998 00:00:00 GMT+0530 (India Standard Time)","1159.80","1185.70","1159.80","1185.10"
"Tue May 05 1998 00:00:00 GMT+0530 (India Standard Time)","1185.20","1191.20","1177.30","1188.00"
"Wed May 06 1998 00:00:00 GMT+0530 (India Standard Time)","1188.00","1196.70","1169.10","1172.40"
"Fri May 08 1998 00:00:00 GMT+0530 (India Standard Time)","1172.00","1172.20","1157.30","1161.50"
"Mon May 11 1998 00:00:00 GMT+0530 (India Standard Time)","1162.20","1162.90","1156.40","1160.30"
"Tue May 12 1998 00:00:00 GMT+0530 (India Standard Time)","1160.10","1160.10","1100.00","1132.20"
"Wed May 13 1998 00:00:00 GMT+0530 (India Standard Time)","1132.00","1132.00","1091.20","1094.00"
"Thu May 14 1998 00:00:00 GMT+0530 (India Standard Time)","1094.00","1121.70","1081.50","1118.60"
"Fri May 15 1998 00:00:00 GMT+0530 (India Standard Time)","1119.10","1130.40","1104.20","1110.00"
"Mon May 18 1998 00:00:00 GMT+0530 (India Standard Time)","1110.60","1130.00","1110.60","1119.80"
"Tue May 19 1998 00:00:00 GMT+0530 (India Standard Time)","1119.80","1125.10","1116.20","1121.70"
"Wed May 20 1998 00:00:00 GMT+0530 (India Standard Time)","1121.70","1142.90","1121.70","1141.30"
"Thu May 21 1998 00:00:00 GMT+0530 (India Standard Time)","1141.60","1146.30","1120.30","1126.10"
"Fri May 22 1998 00:00:00 GMT+0530 (India Standard Time)","1126.00","1131.20","1118.50","1126.50"
"Mon May 25 1998 00:00:00 GMT+0530 (India Standard Time)","1125.90","1127.00","1111.20","1122.90"
"Tue May 26 1998 00:00:00 GMT+0530 (India Standard Time)","1123.10","1123.10","1101.50","1104.40"
"Wed May 27 1998 00:00:00 GMT+0530 (India Standard Time)","1104.00","1107.20","1089.00","1090.90"
"Thu May 28 1998 00:00:00 GMT+0530 (India Standard Time)","1090.50","1097.00","1073.30","1075.50"
"Fri May 29 1998 00:00:00 GMT+0530 (India Standard Time)","1075.30","1077.10","1037.90","1063.10"
"Mon Jun 01 1998 00:00:00 GMT+0530 (India Standard Time)","1064.00","1100.00","1049.40","1053.70"
"Tue Jun 02 1998 00:00:00 GMT+0530 (India Standard Time)","1053.40","1053.60","1016.20","1019.60"
"Wed Jun 03 1998 00:00:00 GMT+0530 (India Standard Time)","1019.30","1037.30","1009.90","1033.90"
"Thu Jun 04 1998 00:00:00 GMT+0530 (India Standard Time)","1034.00","1044.40","1023.30","1027.00"
"Fri Jun 05 1998 00:00:00 GMT+0530 (India Standard Time)","1026.50","1026.50","989.20","993.50"
"Mon Jun 08 1998 00:00:00 GMT+0530 (India Standard Time)","993.50","1003.10","936.50","968.60"
"Tue Jun 09 1998 00:00:00 GMT+0530 (India Standard Time)","968.90","1002.40","964.70","995.00"
"Wed Jun 10 1998 00:00:00 GMT+0530 (India Standard Time)","994.50","998.60","959.60","962.90"
"Thu Jun 11 1998 00:00:00 GMT+0530 (India Standard Time)","962.10","964.60","929.90","961.30"
"Fri Jun 12 1998 00:00:00 GMT+0530 (India Standard Time)","961.60","987.30","961.60","971.10"
"Mon Jun 15 1998 00:00:00 GMT+0530 (India Standard Time)","970.90","970.90","914.30","916.80"
"Tue Jun 16 1998 00:00:00 GMT+0530 (India Standard Time)","916.20","916.20","862.10","910.10"
"Wed Jun 17 1998 00:00:00 GMT+0530 (India Standard Time)","910.90","980.30","910.90","976.50"
"Thu Jun 18 1998 00:00:00 GMT+0530 (India Standard Time)","977.00","990.10","952.60","956.10"
"Fri Jun 19 1998 00:00:00 GMT+0530 (India Standard Time)","955.00","955.00","910.50","913.20"
"Mon Jun 22 1998 00:00:00 GMT+0530 (India Standard Time)","912.90","912.90","853.30","880.20"
"Tue Jun 23 1998 00:00:00 GMT+0530 (India Standard Time)","882.20","882.20","853.00","875.60"
"Wed Jun 24 1998 00:00:00 GMT+0530 (India Standard Time)","875.40","910.00","873.60","908.50"
"Thu Jun 25 1998 00:00:00 GMT+0530 (India Standard Time)","908.60","939.10","908.60","932.10"
"Fri Jun 26 1998 00:00:00 GMT+0530 (India Standard Time)","931.80","932.50","914.40","924.30"
"Mon Jun 29 1998 00:00:00 GMT+0530 (India Standard Time)","923.20","951.20","916.60","949.10"
"Tue Jun 30 1998 00:00:00 GMT+0530 (India Standard Time)","949.40","952.70","933.00","941.60"
"Wed Jul 01 1998 00:00:00 GMT+0530 (India Standard Time)","941.60","945.50","916.50","942.20"
"Thu Jul 02 1998 00:00:00 GMT+0530 (India Standard Time)","941.60","941.60","918.10","919.90"
"Fri Jul 03 1998 00:00:00 GMT+0530 (India Standard Time)","920.00","920.00","898.60","900.50"
"Mon Jul 06 1998 00:00:00 GMT+0530 (India Standard Time)","901.00","919.50","900.90","917.30"
"Tue Jul 07 1998 00:00:00 GMT+0530 (India Standard Time)","917.40","936.00","917.40","924.70"
"Wed Jul 08 1998 00:00:00 GMT+0530 (India Standard Time)","925.10","948.30","924.90","944.10"
"Thu Jul 09 1998 00:00:00 GMT+0530 (India Standard Time)","944.10","966.10","944.10","961.00"
"Fri Jul 10 1998 00:00:00 GMT+0530 (India Standard Time)","961.60","982.20","961.60","980.10"
"Mon Jul 13 1998 00:00:00 GMT+0530 (India Standard Time)","980.30","991.70","959.40","964.30"
"Tue Jul 14 1998 00:00:00 GMT+0530 (India Standard Time)","964.10","970.30","954.50","967.30"
"Wed Jul 15 1998 00:00:00 GMT+0530 (India Standard Time)","968.00","988.50","968.00","971.40"
"Thu Jul 16 1998 00:00:00 GMT+0530 (India Standard Time)","972.00","1005.90","969.50","1004.00"
"Fri Jul 17 1998 00:00:00 GMT+0530 (India Standard Time)","1005.10","1015.50","996.60","1000.90"
"Mon Jul 20 1998 00:00:00 GMT+0530 (India Standard Time)","1001.90","1002.40","973.70","977.30"
"Tue Jul 21 1998 00:00:00 GMT+0530 (India Standard Time)","977.60","983.40","960.80","965.50"
"Wed Jul 22 1998 00:00:00 GMT+0530 (India Standard Time)","965.50","976.50","959.50","965.70"
"Thu Jul 23 1998 00:00:00 GMT+0530 (India Standard Time)","965.30","965.30","931.70","934.40"
"Fri Jul 24 1998 00:00:00 GMT+0530 (India Standard Time)","933.50","934.70","915.50","920.10"
"Mon Jul 27 1998 00:00:00 GMT+0530 (India Standard Time)","919.40","929.40","895.80","899.30"
"Tue Jul 28 1998 00:00:00 GMT+0530 (India Standard Time)","899.10","920.00","897.60","917.20"
"Wed Jul 29 1998 00:00:00 GMT+0530 (India Standard Time)","917.40","940.10","917.40","937.80"
"Thu Jul 30 1998 00:00:00 GMT+0530 (India Standard Time)","938.10","949.80","926.80","932.60"
"Fri Jul 31 1998 00:00:00 GMT+0530 (India Standard Time)","932.60","939.60","925.20","931.40"
"Mon Aug 03 1998 00:00:00 GMT+0530 (India Standard Time)","930.80","930.80","903.50","906.00"
"Tue Aug 04 1998 00:00:00 GMT+0530 (India Standard Time)","905.60","913.40","903.10","906.20"
"Wed Aug 05 1998 00:00:00 GMT+0530 (India Standard Time)","905.60","911.80","890.90","907.40"
"Thu Aug 06 1998 00:00:00 GMT+0530 (India Standard Time)","907.90","919.00","900.20","902.70"
"Fri Aug 07 1998 00:00:00 GMT+0530 (India Standard Time)","902.70","903.50","892.90","895.50"
"Mon Aug 10 1998 00:00:00 GMT+0530 (India Standard Time)","895.10","895.10","877.50","878.70"
"Tue Aug 11 1998 00:00:00 GMT+0530 (India Standard Time)","878.70","878.70","863.60","866.50"
"Wed Aug 12 1998 00:00:00 GMT+0530 (India Standard Time)","866.30","871.40","853.10","860.10"
"Thu Aug 13 1998 00:00:00 GMT+0530 (India Standard Time)","859.80","878.40","854.50","872.20"
"Fri Aug 14 1998 00:00:00 GMT+0530 (India Standard Time)","872.80","876.80","863.50","864.10"
"Mon Aug 17 1998 00:00:00 GMT+0530 (India Standard Time)","864.30","873.20","853.00","854.50"
"Tue Aug 18 1998 00:00:00 GMT+0530 (India Standard Time)","854.50","854.80","831.10","832.40"
"Wed Aug 19 1998 00:00:00 GMT+0530 (India Standard Time)","832.80","853.90","830.10","838.30"
"Thu Aug 20 1998 00:00:00 GMT+0530 (India Standard Time)","839.30","871.10","839.30","868.70"
"Fri Aug 21 1998 00:00:00 GMT+0530 (India Standard Time)","868.50","871.10","853.40","855.40"
"Mon Aug 24 1998 00:00:00 GMT+0530 (India Standard Time)","855.20","860.90","845.30","859.80"
"Tue Aug 25 1998 00:00:00 GMT+0530 (India Standard Time)","859.80","874.10","859.80","871.90"
"Thu Aug 27 1998 00:00:00 GMT+0530 (India Standard Time)","872.10","889.70","872.10","877.40"
"Fri Aug 28 1998 00:00:00 GMT+0530 (India Standard Time)","877.10","877.10","847.10","849.80"
"Mon Aug 31 1998 00:00:00 GMT+0530 (India Standard Time)","850.30","858.60","841.10","852.80"
"Tue Sep 01 1998 00:00:00 GMT+0530 (India Standard Time)","852.70","852.70","832.00","834.50"
"Wed Sep 02 1998 00:00:00 GMT+0530 (India Standard Time)","834.50","847.90","834.50","842.50"
"Thu Sep 03 1998 00:00:00 GMT+0530 (India Standard Time)","842.30","852.00","838.70","846.40"
"Fri Sep 04 1998 00:00:00 GMT+0530 (India Standard Time)","846.90","868.00","846.90","866.50"
"Mon Sep 07 1998 00:00:00 GMT+0530 (India Standard Time)","866.90","889.40","866.90","887.10"
"Tue Sep 08 1998 00:00:00 GMT+0530 (India Standard Time)","887.20","902.00","882.60","899.90"
"Wed Sep 09 1998 00:00:00 GMT+0530 (India Standard Time)","900.20","916.80","900.20","903.60"
"Thu Sep 10 1998 00:00:00 GMT+0530 (India Standard Time)","903.10","913.20","897.30","907.40"
"Fri Sep 11 1998 00:00:00 GMT+0530 (India Standard Time)","907.10","907.10","893.30","899.70"
"Mon Sep 14 1998 00:00:00 GMT+0530 (India Standard Time)","900.20","921.60","900.20","920.50"
"Tue Sep 15 1998 00:00:00 GMT+0530 (India Standard Time)","920.10","923.20","915.60","920.80"
"Wed Sep 16 1998 00:00:00 GMT+0530 (India Standard Time)","921.40","926.50","912.60","914.50"
"Thu Sep 17 1998 00:00:00 GMT+0530 (India Standard Time)","914.40","919.90","908.50","910.10"
"Fri Sep 18 1998 00:00:00 GMT+0530 (India Standard Time)","910.00","910.00","899.90","901.60"
"Mon Sep 21 1998 00:00:00 GMT+0530 (India Standard Time)","902.10","908.00","895.80","897.70"
"Tue Sep 22 1998 00:00:00 GMT+0530 (India Standard Time)","897.80","900.80","891.40","897.20"
"Wed Sep 23 1998 00:00:00 GMT+0530 (India Standard Time)","897.90","910.70","897.90","907.70"
"Thu Sep 24 1998 00:00:00 GMT+0530 (India Standard Time)","908.20","936.50","908.20","934.80"
"Fri Sep 25 1998 00:00:00 GMT+0530 (India Standard Time)","935.30","945.20","933.00","934.90"
"Mon Sep 28 1998 00:00:00 GMT+0530 (India Standard Time)","935.60","941.40","926.00","927.90"
"Tue Sep 29 1998 00:00:00 GMT+0530 (India Standard Time)","928.30","932.50","902.40","908.40"
"Wed Sep 30 1998 00:00:00 GMT+0530 (India Standard Time)","908.30","912.20","896.00","904.90"
"Mon Oct 05 1998 00:00:00 GMT+0530 (India Standard Time)","904.70","904.70","839.30","840.70"
"Tue Oct 06 1998 00:00:00 GMT+0530 (India Standard Time)","839.90","848.20","820.10","845.70"
"Wed Oct 07 1998 00:00:00 GMT+0530 (India Standard Time)","846.10","875.70","846.00","874.20"
"Thu Oct 08 1998 00:00:00 GMT+0530 (India Standard Time)","874.60","885.20","845.10","847.90"
"Fri Oct 09 1998 00:00:00 GMT+0530 (India Standard Time)","847.90","861.50","842.10","849.10"
"Mon Oct 12 1998 00:00:00 GMT+0530 (India Standard Time)","849.70","860.90","832.10","835.80"
"Tue Oct 13 1998 00:00:00 GMT+0530 (India Standard Time)","835.40","835.70","810.00","816.70"
"Wed Oct 14 1998 00:00:00 GMT+0530 (India Standard Time)","816.50","846.70","816.50","843.50"
"Thu Oct 15 1998 00:00:00 GMT+0530 (India Standard Time)","843.60","845.90","832.10","835.60"
"Fri Oct 16 1998 00:00:00 GMT+0530 (India Standard Time)","836.20","844.70","829.20","839.50"
"Mon Oct 19 1998 00:00:00 GMT+0530 (India Standard Time)","839.70","840.00","830.10","831.20"
"Tue Oct 20 1998 00:00:00 GMT+0530 (India Standard Time)","831.10","831.40","803.30","808.70"
"Thu Oct 22 1998 00:00:00 GMT+0530 (India Standard Time)","809.30","825.20","805.70","811.60"
"Fri Oct 23 1998 00:00:00 GMT+0530 (India Standard Time)","811.80","820.30","804.70","817.30"
"Mon Oct 26 1998 00:00:00 GMT+0530 (India Standard Time)","817.60","854.10","817.60","845.20"
"Tue Oct 27 1998 00:00:00 GMT+0530 (India Standard Time)","845.40","848.20","835.70","841.60"
"Wed Oct 28 1998 00:00:00 GMT+0530 (India Standard Time)","842.80","857.70","831.50","833.80"
"Thu Oct 29 1998 00:00:00 GMT+0530 (India Standard Time)","833.50","834.00","818.90","832.20"
"Fri Oct 30 1998 00:00:00 GMT+0530 (India Standard Time)","832.60","839.20","826.80","828.80"
"Sat Oct 31 1998 00:00:00 GMT+0530 (India Standard Time)","828.20","828.20","819.80","824.00"
"Mon Nov 02 1998 00:00:00 GMT+0530 (India Standard Time)","824.20","829.10","812.30","823.20"
"Tue Nov 03 1998 00:00:00 GMT+0530 (India Standard Time)","823.20","825.30","818.60","820.90"
"Thu Nov 05 1998 00:00:00 GMT+0530 (India Standard Time)","821.30","830.40","821.30","829.10"
"Fri Nov 06 1998 00:00:00 GMT+0530 (India Standard Time)","829.20","842.10","829.20","840.80"
"Mon Nov 09 1998 00:00:00 GMT+0530 (India Standard Time)","841.30","870.50","841.30","864.60"
"Tue Nov 10 1998 00:00:00 GMT+0530 (India Standard Time)","864.80","871.60","859.70","868.70"
"Wed Nov 11 1998 00:00:00 GMT+0530 (India Standard Time)","869.40","882.10","866.60","868.80"
"Thu Nov 12 1998 00:00:00 GMT+0530 (India Standard Time)","868.40","874.20","857.20","871.70"
"Fri Nov 13 1998 00:00:00 GMT+0530 (India Standard Time)","871.70","877.20","865.00","867.20"
"Mon Nov 16 1998 00:00:00 GMT+0530 (India Standard Time)","866.50","866.50","854.30","855.30"
"Tue Nov 17 1998 00:00:00 GMT+0530 (India Standard Time)","855.40","861.60","854.50","860.00"
"Wed Nov 18 1998 00:00:00 GMT+0530 (India Standard Time)","862.90","876.10","862.90","875.00"
"Thu Nov 19 1998 00:00:00 GMT+0530 (India Standard Time)","875.70","878.80","864.30","865.10"
"Fri Nov 20 1998 00:00:00 GMT+0530 (India Standard Time)","865.10","867.70","855.30","857.90"
"Sat Nov 21 1998 00:00:00 GMT+0530 (India Standard Time)","857.80","857.90","853.90","857.40"
"Mon Nov 23 1998 00:00:00 GMT+0530 (India Standard Time)","856.40","856.40","844.80","847.50"
"Tue Nov 24 1998 00:00:00 GMT+0530 (India Standard Time)","850.00","851.50","840.70","841.70"
"Thu Nov 26 1998 00:00:00 GMT+0530 (India Standard Time)","838.80","843.50","821.40","824.40"
"Fri Nov 27 1998 00:00:00 GMT+0530 (India Standard Time)","823.30","824.60","810.30","812.40"
"Sat Nov 28 1998 00:00:00 GMT+0530 (India Standard Time)","812.70","817.40","804.30","810.80"
"Mon Nov 30 1998 00:00:00 GMT+0530 (India Standard Time)","808.60","817.70","800.10","817.70"
"Tue Dec 01 1998 00:00:00 GMT+0530 (India Standard Time)","816.50","820.80","812.20","816.60"
"Wed Dec 02 1998 00:00:00 GMT+0530 (India Standard Time)","820.30","826.00","817.30","821.10"
"Thu Dec 03 1998 00:00:00 GMT+0530 (India Standard Time)","821.30","822.50","814.50","817.00"
"Fri Dec 04 1998 00:00:00 GMT+0530 (India Standard Time)","816.10","828.30","813.10","828.30"
"Mon Dec 07 1998 00:00:00 GMT+0530 (India Standard Time)","829.70","846.00","828.20","845.10"
"Tue Dec 08 1998 00:00:00 GMT+0530 (India Standard Time)","844.90","853.80","840.50","853.00"
"Wed Dec 09 1998 00:00:00 GMT+0530 (India Standard Time)","855.90","864.70","855.10","856.50"
"Thu Dec 10 1998 00:00:00 GMT+0530 (India Standard Time)","858.60","865.80","858.50","864.40"
"Fri Dec 11 1998 00:00:00 GMT+0530 (India Standard Time)","867.10","874.20","865.70","870.00"
"Mon Dec 14 1998 00:00:00 GMT+0530 (India Standard Time)","871.60","874.70","861.90","863.60"
"Tue Dec 15 1998 00:00:00 GMT+0530 (India Standard Time)","861.00","861.10","844.50","845.00"
"Wed Dec 16 1998 00:00:00 GMT+0530 (India Standard Time)","844.60","851.50","836.80","851.50"
"Thu Dec 17 1998 00:00:00 GMT+0530 (India Standard Time)","835.40","845.10","827.90","830.20"
"Fri Dec 18 1998 00:00:00 GMT+0530 (India Standard Time)","830.30","838.80","827.30","835.20"
"Mon Dec 21 1998 00:00:00 GMT+0530 (India Standard Time)","845.60","859.50","845.20","859.30"
"Tue Dec 22 1998 00:00:00 GMT+0530 (India Standard Time)","864.50","864.90","851.30","857.30"
"Wed Dec 23 1998 00:00:00 GMT+0530 (India Standard Time)","866.20","874.60","858.70","858.70"
"Thu Dec 24 1998 00:00:00 GMT+0530 (India Standard Time)","856.30","863.50","854.70","861.10"
"Mon Dec 28 1998 00:00:00 GMT+0530 (India Standard Time)","869.70","882.70","866.20","879.80"
"Tue Dec 29 1998 00:00:00 GMT+0530 (India Standard Time)","876.90","881.20","867.80","872.60"
"Wed Dec 30 1998 00:00:00 GMT+0530 (India Standard Time)","887.40","903.80","887.00","899.90"
"Thu Dec 31 1998 00:00:00 GMT+0530 (India Standard Time)","900.50","902.90","884.20","884.20"
"Fri Jan 01 1999 00:00:00 GMT+0530 (India Standard Time)","886.70","892.20","882.60","890.80"
"Mon Jan 04 1999 00:00:00 GMT+0530 (India Standard Time)","896.40","905.40","895.70","897.80"
"Tue Jan 05 1999 00:00:00 GMT+0530 (India Standard Time)","901.00","907.20","893.10","907.20"
"Wed Jan 06 1999 00:00:00 GMT+0530 (India Standard Time)","923.30","930.50","915.60","928.20"
"Thu Jan 07 1999 00:00:00 GMT+0530 (India Standard Time)","932.90","961.10","932.90","954.70"
"Fri Jan 08 1999 00:00:00 GMT+0530 (India Standard Time)","969.90","990.00","966.40","990.00"
"Mon Jan 11 1999 00:00:00 GMT+0530 (India Standard Time)","1005.10","1016.30","985.60","985.60"
"Tue Jan 12 1999 00:00:00 GMT+0530 (India Standard Time)","976.70","985.50","953.90","964.40"
"Wed Jan 13 1999 00:00:00 GMT+0530 (India Standard Time)","980.30","986.20","958.00","961.20"
"Thu Jan 14 1999 00:00:00 GMT+0530 (India Standard Time)","948.00","968.40","944.50","954.70"
"Fri Jan 15 1999 00:00:00 GMT+0530 (India Standard Time)","961.70","967.80","932.20","934.30"
"Mon Jan 18 1999 00:00:00 GMT+0530 (India Standard Time)","938.60","945.00","922.80","944.90"
"Tue Jan 19 1999 00:00:00 GMT+0530 (India Standard Time)","944.10","948.00","923.20","924.10"
"Thu Jan 21 1999 00:00:00 GMT+0530 (India Standard Time)","935.10","967.20","932.80","967.20"
"Fri Jan 22 1999 00:00:00 GMT+0530 (India Standard Time)","976.60","980.40","955.10","957.00"
"Mon Jan 25 1999 00:00:00 GMT+0530 (India Standard Time)","954.30","956.60","935.00","949.80"
"Wed Jan 27 1999 00:00:00 GMT+0530 (India Standard Time)","968.50","985.20","967.60","971.30"
"Thu Jan 28 1999 00:00:00 GMT+0530 (India Standard Time)","971.20","976.70","954.20","955.10"
"Fri Jan 29 1999 00:00:00 GMT+0530 (India Standard Time)","956.80","966.30","952.70","966.20"
"Mon Feb 01 1999 00:00:00 GMT+0530 (India Standard Time)","962.40","968.00","940.10","940.10"
"Tue Feb 02 1999 00:00:00 GMT+0530 (India Standard Time)","940.10","945.10","924.90","931.20"
"Wed Feb 03 1999 00:00:00 GMT+0530 (India Standard Time)","948.00","955.50","940.70","952.40"
"Thu Feb 04 1999 00:00:00 GMT+0530 (India Standard Time)","957.10","958.80","937.50","939.70"
"Fri Feb 05 1999 00:00:00 GMT+0530 (India Standard Time)","939.60","943.70","930.10","936.30"
"Mon Feb 08 1999 00:00:00 GMT+0530 (India Standard Time)","937.70","940.90","916.50","916.50"
"Tue Feb 09 1999 00:00:00 GMT+0530 (India Standard Time)","914.70","924.70","907.40","924.70"
"Wed Feb 10 1999 00:00:00 GMT+0530 (India Standard Time)","938.80","959.60","935.20","959.40"
"Thu Feb 11 1999 00:00:00 GMT+0530 (India Standard Time)","966.80","973.70","958.10","960.00"
"Fri Feb 12 1999 00:00:00 GMT+0530 (India Standard Time)","965.70","972.70","962.30","970.20"
"Mon Feb 15 1999 00:00:00 GMT+0530 (India Standard Time)","974.10","976.80","954.50","954.50"
"Tue Feb 16 1999 00:00:00 GMT+0530 (India Standard Time)","952.50","960.20","951.50","958.90"
"Wed Feb 17 1999 00:00:00 GMT+0530 (India Standard Time)","970.10","978.70","953.10","969.00"
"Thu Feb 18 1999 00:00:00 GMT+0530 (India Standard Time)","974.10","989.10","968.70","973.40"
"Fri Feb 19 1999 00:00:00 GMT+0530 (India Standard Time)","979.40","985.40","975.80","976.30"
"Mon Feb 22 1999 00:00:00 GMT+0530 (India Standard Time)","978.50","978.80","953.60","953.80"
"Tue Feb 23 1999 00:00:00 GMT+0530 (India Standard Time)","949.30","952.60","938.60","949.60"
"Wed Feb 24 1999 00:00:00 GMT+0530 (India Standard Time)","959.80","961.40","947.90","957.60"
"Thu Feb 25 1999 00:00:00 GMT+0530 (India Standard Time)","954.70","962.60","951.90","954.30"
"Fri Feb 26 1999 00:00:00 GMT+0530 (India Standard Time)","955.40","955.70","938.20","941.20"
"Sat Feb 27 1999 00:00:00 GMT+0530 (India Standard Time)","947.30","981.50","932.20","981.30"
"Mon Mar 01 1999 00:00:00 GMT+0530 (India Standard Time)","992.40","1018.40","984.40","1015.80"
"Wed Mar 03 1999 00:00:00 GMT+0530 (India Standard Time)","1066.40","1073.00","1051.80","1051.80"
"Thu Mar 04 1999 00:00:00 GMT+0530 (India Standard Time)","1056.80","1060.50","1030.40","1041.20"
"Fri Mar 05 1999 00:00:00 GMT+0530 (India Standard Time)","1043.40","1061.40","1033.80","1054.40"
"Mon Mar 08 1999 00:00:00 GMT+0530 (India Standard Time)","1064.30","1080.30","1056.80","1072.00"
"Tue Mar 09 1999 00:00:00 GMT+0530 (India Standard Time)","1074.20","1084.60","1071.70","1078.30"
"Wed Mar 10 1999 00:00:00 GMT+0530 (India Standard Time)","1099.10","1099.80","1062.70","1078.80"