"Date","Open","High","Low","Close"
"Wed Jun 19 2013 00:00:00 GMT+0530 (India Standard Time)","5805.75","5828.40","5777.90","5822.25"
"Thu Jun 20 2013 00:00:00 GMT+0530 (India Standard Time)","5754.15","5755.00","5645.65","5655.90"
"Fri Jun 21 2013 00:00:00 GMT+0530 (India Standard Time)","5639.90","5686.15","5616.85","5667.65"
"Mon Jun 24 2013 00:00:00 GMT+0530 (India Standard Time)","5638.05","5640.00","5566.25","5590.25"
"Tue Jun 25 2013 00:00:00 GMT+0530 (India Standard Time)","5606.95","5666.25","5570.25","5609.10"
"Wed Jun 26 2013 00:00:00 GMT+0530 (India Standard Time)","5627.95","5635.25","5579.35","5588.70"
"Thu Jun 27 2013 00:00:00 GMT+0530 (India Standard Time)","5647.95","5699.35","5630.95","5682.35"
"Fri Jun 28 2013 00:00:00 GMT+0530 (India Standard Time)","5749.50","5852.95","5749.50","5842.20"
"Mon Jul 01 2013 00:00:00 GMT+0530 (India Standard Time)","5834.10","5904.35","5822.20","5898.85"
"Tue Jul 02 2013 00:00:00 GMT+0530 (India Standard Time)","5885.50","5898.80","5852.30","5857.55"
"Wed Jul 03 2013 00:00:00 GMT+0530 (India Standard Time)","5811.95","5815.00","5760.40","5770.90"
"Thu Jul 04 2013 00:00:00 GMT+0530 (India Standard Time)","5794.75","5848.20","5786.05","5836.95"
"Fri Jul 05 2013 00:00:00 GMT+0530 (India Standard Time)","5889.95","5900.45","5858.45","5867.90"
"Mon Jul 08 2013 00:00:00 GMT+0530 (India Standard Time)","5833.15","5833.85","5775.55","5811.55"
"Tue Jul 09 2013 00:00:00 GMT+0530 (India Standard Time)","5834.60","5864.95","5834.60","5859.00"
"Wed Jul 10 2013 00:00:00 GMT+0530 (India Standard Time)","5869.90","5879.35","5802.85","5816.70"
"Thu Jul 11 2013 00:00:00 GMT+0530 (India Standard Time)","5894.50","5948.85","5887.95","5935.10"
"Fri Jul 12 2013 00:00:00 GMT+0530 (India Standard Time)","6000.50","6019.00","5951.15","6009.00"
"Mon Jul 15 2013 00:00:00 GMT+0530 (India Standard Time)","5991.20","6038.20","5980.95","6030.80"
"Tue Jul 16 2013 00:00:00 GMT+0530 (India Standard Time)","5930.80","5966.05","5910.95","5955.25"
"Wed Jul 17 2013 00:00:00 GMT+0530 (India Standard Time)","5972.25","5989.80","5926.75","5973.30"
"Thu Jul 18 2013 00:00:00 GMT+0530 (India Standard Time)","5984.70","6051.10","5974.55","6038.05"
"Fri Jul 19 2013 00:00:00 GMT+0530 (India Standard Time)","6057.20","6066.85","6020.25","6029.20"
"Mon Jul 22 2013 00:00:00 GMT+0530 (India Standard Time)","6009.75","6064.15","6004.25","6031.80"
"Tue Jul 23 2013 00:00:00 GMT+0530 (India Standard Time)","6064.30","6093.35","6061.30","6077.80"
"Wed Jul 24 2013 00:00:00 GMT+0530 (India Standard Time)","6032.20","6047.25","5962.60","5990.50"
"Thu Jul 25 2013 00:00:00 GMT+0530 (India Standard Time)","5970.40","5990.65","5896.40","5907.50"
"Fri Jul 26 2013 00:00:00 GMT+0530 (India Standard Time)","5937.95","5944.50","5869.50","5886.20"
"Mon Jul 29 2013 00:00:00 GMT+0530 (India Standard Time)","5869.95","5886.00","5825.80","5831.65"
"Tue Jul 30 2013 00:00:00 GMT+0530 (India Standard Time)","5836.05","5861.30","5747.60","5755.05"
"Wed Jul 31 2013 00:00:00 GMT+0530 (India Standard Time)","5738.35","5752.10","5675.75","5742.00"
"Thu Aug 01 2013 00:00:00 GMT+0530 (India Standard Time)","5776.90","5808.50","5676.85","5727.85"
"Fri Aug 02 2013 00:00:00 GMT+0530 (India Standard Time)","5750.05","5761.85","5649.00","5677.90"
"Mon Aug 05 2013 00:00:00 GMT+0530 (India Standard Time)","5682.40","5721.00","5661.50","5685.40"
"Tue Aug 06 2013 00:00:00 GMT+0530 (India Standard Time)","5664.90","5664.90","5521.80","5542.25"
"Wed Aug 07 2013 00:00:00 GMT+0530 (India Standard Time)","5549.30","5561.45","5486.85","5519.10"
"Thu Aug 08 2013 00:00:00 GMT+0530 (India Standard Time)","5510.05","5577.60","5510.05","5565.65"
"Mon Aug 12 2013 00:00:00 GMT+0530 (India Standard Time)","5606.70","5644.10","5557.10","5612.40"
"Tue Aug 13 2013 00:00:00 GMT+0530 (India Standard Time)","5600.25","5704.75","5578.90","5699.30"
"Wed Aug 14 2013 00:00:00 GMT+0530 (India Standard Time)","5715.40","5754.55","5690.20","5742.30"
"Fri Aug 16 2013 00:00:00 GMT+0530 (India Standard Time)","5705.45","5716.60","5496.05","5507.85"
"Mon Aug 19 2013 00:00:00 GMT+0530 (India Standard Time)","5497.55","5499.65","5360.65","5414.75"
"Tue Aug 20 2013 00:00:00 GMT+0530 (India Standard Time)","5353.45","5417.80","5306.35","5401.45"
"Wed Aug 21 2013 00:00:00 GMT+0530 (India Standard Time)","5494.45","5504.10","5268.45","5302.55"
"Thu Aug 22 2013 00:00:00 GMT+0530 (India Standard Time)","5282.80","5418.95","5254.05","5408.45"
"Fri Aug 23 2013 00:00:00 GMT+0530 (India Standard Time)","5428.75","5478.80","5377.80","5471.75"
"Mon Aug 26 2013 00:00:00 GMT+0530 (India Standard Time)","5499.40","5528.70","5454.45","5476.50"
"Tue Aug 27 2013 00:00:00 GMT+0530 (India Standard Time)","5426.50","5427.40","5274.25","5287.45"
"Wed Aug 28 2013 00:00:00 GMT+0530 (India Standard Time)","5233.45","5317.70","5118.85","5285.00"
"Thu Aug 29 2013 00:00:00 GMT+0530 (India Standard Time)","5316.50","5428.90","5303.00","5409.05"
"Fri Aug 30 2013 00:00:00 GMT+0530 (India Standard Time)","5407.45","5493.30","5360.20","5471.80"
"Mon Sep 02 2013 00:00:00 GMT+0530 (India Standard Time)","5480.25","5564.90","5478.85","5550.75"
"Tue Sep 03 2013 00:00:00 GMT+0530 (India Standard Time)","5574.70","5580.95","5323.75","5341.45"
"Wed Sep 04 2013 00:00:00 GMT+0530 (India Standard Time)","5358.65","5460.25","5318.90","5448.10"
"Thu Sep 05 2013 00:00:00 GMT+0530 (India Standard Time)","5553.75","5625.75","5552.70","5592.95"
"Fri Sep 06 2013 00:00:00 GMT+0530 (India Standard Time)","5617.45","5688.60","5566.15","5680.40"
"Tue Sep 10 2013 00:00:00 GMT+0530 (India Standard Time)","5738.50","5904.85","5738.20","5896.75"
"Wed Sep 11 2013 00:00:00 GMT+0530 (India Standard Time)","5887.25","5924.35","5832.70","5913.15"
"Thu Sep 12 2013 00:00:00 GMT+0530 (India Standard Time)","5931.15","5932.00","5815.80","5850.70"
"Fri Sep 13 2013 00:00:00 GMT+0530 (India Standard Time)","5828.00","5884.30","5822.90","5850.60"
"Mon Sep 16 2013 00:00:00 GMT+0530 (India Standard Time)","5930.30","5957.25","5798.15","5840.55"
"Tue Sep 17 2013 00:00:00 GMT+0530 (India Standard Time)","5824.20","5857.80","5804.90","5850.20"
"Wed Sep 18 2013 00:00:00 GMT+0530 (India Standard Time)","5872.75","5916.90","5840.20","5899.45"
"Thu Sep 19 2013 00:00:00 GMT+0530 (India Standard Time)","6044.15","6142.50","6040.15","6115.55"
"Fri Sep 20 2013 00:00:00 GMT+0530 (India Standard Time)","6104.55","6130.95","5932.85","6012.10"
"Mon Sep 23 2013 00:00:00 GMT+0530 (India Standard Time)","5945.80","5989.40","5871.40","5889.75"
"Tue Sep 24 2013 00:00:00 GMT+0530 (India Standard Time)","5855.00","5938.40","5854.55","5892.45"
"Wed Sep 25 2013 00:00:00 GMT+0530 (India Standard Time)","5901.55","5910.55","5811.10","5873.85"
"Thu Sep 26 2013 00:00:00 GMT+0530 (India Standard Time)","5872.80","5917.65","5864.10","5882.25"
"Fri Sep 27 2013 00:00:00 GMT+0530 (India Standard Time)","5905.55","5909.20","5819.30","5833.20"
"Mon Sep 30 2013 00:00:00 GMT+0530 (India Standard Time)","5801.05","5810.20","5718.50","5735.30"
"Tue Oct 01 2013 00:00:00 GMT+0530 (India Standard Time)","5756.10","5786.45","5700.95","5780.05"
"Thu Oct 03 2013 00:00:00 GMT+0530 (India Standard Time)","5819.10","5917.60","5802.70","5909.70"
"Fri Oct 04 2013 00:00:00 GMT+0530 (India Standard Time)","5891.30","5950.45","5885.00","5907.30"
"Mon Oct 07 2013 00:00:00 GMT+0530 (India Standard Time)","5889.05","5912.00","5825.85","5906.15"
"Tue Oct 08 2013 00:00:00 GMT+0530 (India Standard Time)","5975.00","5981.70","5913.00","5928.40"
"Wed Oct 09 2013 00:00:00 GMT+0530 (India Standard Time)","5893.25","6015.50","5877.10","6007.45"
"Thu Oct 10 2013 00:00:00 GMT+0530 (India Standard Time)","6001.05","6033.95","5979.80","6020.95"
"Fri Oct 11 2013 00:00:00 GMT+0530 (India Standard Time)","6104.85","6107.60","6046.40","6096.20"
"Mon Oct 14 2013 00:00:00 GMT+0530 (India Standard Time)","6093.00","6124.10","6082.90","6112.70"
"Tue Oct 15 2013 00:00:00 GMT+0530 (India Standard Time)","6147.55","6156.30","6056.55","6089.05"
"Thu Oct 17 2013 00:00:00 GMT+0530 (India Standard Time)","6098.50","6110.75","6032.55","6045.85"
"Fri Oct 18 2013 00:00:00 GMT+0530 (India Standard Time)","6070.90","6201.45","6070.90","6189.35"
"Mon Oct 21 2013 00:00:00 GMT+0530 (India Standard Time)","6202.00","6218.95","6163.30","6204.95"
"Tue Oct 22 2013 00:00:00 GMT+0530 (India Standard Time)","6192.30","6220.10","6181.80","6202.80"
"Wed Oct 23 2013 00:00:00 GMT+0530 (India Standard Time)","6209.55","6217.95","6116.60","6178.35"
"Thu Oct 24 2013 00:00:00 GMT+0530 (India Standard Time)","6162.80","6252.45","6142.95","6164.35"
"Fri Oct 25 2013 00:00:00 GMT+0530 (India Standard Time)","6154.00","6174.75","6125.95","6144.90"
"Mon Oct 28 2013 00:00:00 GMT+0530 (India Standard Time)","6155.10","6168.75","6094.10","6101.10"
"Tue Oct 29 2013 00:00:00 GMT+0530 (India Standard Time)","6107.55","6228.05","6079.20","6220.90"
"Wed Oct 30 2013 00:00:00 GMT+0530 (India Standard Time)","6230.80","6269.20","6222.60","6251.70"
"Thu Oct 31 2013 00:00:00 GMT+0530 (India Standard Time)","6237.15","6309.05","6235.90","6299.15"
"Fri Nov 01 2013 00:00:00 GMT+0530 (India Standard Time)","6289.75","6332.60","6286.95","6307.20"
"Sun Nov 03 2013 00:00:00 GMT+0530 (India Standard Time)","6332.05","6342.95","6311.15","6317.35"
"Tue Nov 05 2013 00:00:00 GMT+0530 (India Standard Time)","6282.15","6304.75","6244.30","6253.15"
"Wed Nov 06 2013 00:00:00 GMT+0530 (India Standard Time)","6260.55","6269.70","6208.70","6215.15"
"Thu Nov 07 2013 00:00:00 GMT+0530 (India Standard Time)","6228.90","6288.95","6180.80","6187.25"
"Fri Nov 08 2013 00:00:00 GMT+0530 (India Standard Time)","6170.15","6185.15","6120.95","6140.75"
"Mon Nov 11 2013 00:00:00 GMT+0530 (India Standard Time)","6110.40","6141.65","6067.75","6078.80"
"Tue Nov 12 2013 00:00:00 GMT+0530 (India Standard Time)","6087.25","6108.70","6011.75","6018.05"
"Wed Nov 13 2013 00:00:00 GMT+0530 (India Standard Time)","5998.85","6042.25","5972.45","5989.60"
"Thu Nov 14 2013 00:00:00 GMT+0530 (India Standard Time)","6037.00","6101.65","6036.65","6056.15"
"Mon Nov 18 2013 00:00:00 GMT+0530 (India Standard Time)","6111.05","6196.80","6110.40","6189.00"
"Tue Nov 19 2013 00:00:00 GMT+0530 (India Standard Time)","6197.25","6212.40","6180.20","6203.35"
"Wed Nov 20 2013 00:00:00 GMT+0530 (India Standard Time)","6186.85","6204.35","6106.95","6122.90"
"Thu Nov 21 2013 00:00:00 GMT+0530 (India Standard Time)","6096.50","6097.35","5985.40","5999.05"
"Fri Nov 22 2013 00:00:00 GMT+0530 (India Standard Time)","6027.35","6049.60","5972.80","5995.45"
"Mon Nov 25 2013 00:00:00 GMT+0530 (India Standard Time)","6035.95","6123.50","6035.95","6115.35"
"Tue Nov 26 2013 00:00:00 GMT+0530 (India Standard Time)","6099.25","6112.70","6047.75","6059.10"
"Wed Nov 27 2013 00:00:00 GMT+0530 (India Standard Time)","6062.70","6074.00","6030.30","6057.10"
"Thu Nov 28 2013 00:00:00 GMT+0530 (India Standard Time)","6092.00","6112.95","6068.30","6091.85"
"Fri Nov 29 2013 00:00:00 GMT+0530 (India Standard Time)","6103.90","6182.50","6103.80","6176.10"
"Mon Dec 02 2013 00:00:00 GMT+0530 (India Standard Time)","6171.15","6228.70","6171.15","6217.85"
"Tue Dec 03 2013 00:00:00 GMT+0530 (India Standard Time)","6204.25","6225.40","6191.40","6201.85"
"Wed Dec 04 2013 00:00:00 GMT+0530 (India Standard Time)","6187.95","6209.15","6149.90","6160.95"
"Thu Dec 05 2013 00:00:00 GMT+0530 (India Standard Time)","6262.45","6300.55","6232.00","6241.10"
"Fri Dec 06 2013 00:00:00 GMT+0530 (India Standard Time)","6234.40","6275.35","6230.75","6259.90"
"Mon Dec 09 2013 00:00:00 GMT+0530 (India Standard Time)","6415.00","6415.25","6345.00","6363.90"
"Tue Dec 10 2013 00:00:00 GMT+0530 (India Standard Time)","6354.70","6362.25","6307.55","6332.85"
"Wed Dec 11 2013 00:00:00 GMT+0530 (India Standard Time)","6307.20","6326.60","6280.25","6307.90"
"Thu Dec 12 2013 00:00:00 GMT+0530 (India Standard Time)","6276.75","6286.85","6230.55","6237.05"
"Fri Dec 13 2013 00:00:00 GMT+0530 (India Standard Time)","6201.30","6208.60","6161.40","6168.40"
"Mon Dec 16 2013 00:00:00 GMT+0530 (India Standard Time)","6168.35","6183.25","6146.05","6154.70"
"Tue Dec 17 2013 00:00:00 GMT+0530 (India Standard Time)","6178.20","6190.55","6133.00","6139.05"
"Wed Dec 18 2013 00:00:00 GMT+0530 (India Standard Time)","6129.95","6236.00","6129.95","6217.15"
"Thu Dec 19 2013 00:00:00 GMT+0530 (India Standard Time)","6253.90","6263.75","6150.70","6166.65"
"Fri Dec 20 2013 00:00:00 GMT+0530 (India Standard Time)","6179.95","6284.50","6170.35","6274.25"
"Mon Dec 23 2013 00:00:00 GMT+0530 (India Standard Time)","6267.20","6317.50","6266.95","6284.50"
"Tue Dec 24 2013 00:00:00 GMT+0530 (India Standard Time)","6296.45","6301.50","6262.00","6268.40"
"Thu Dec 26 2013 00:00:00 GMT+0530 (India Standard Time)","6270.10","6302.75","6259.45","6278.90"
"Fri Dec 27 2013 00:00:00 GMT+0530 (India Standard Time)","6292.80","6324.90","6289.40","6313.80"
"Mon Dec 30 2013 00:00:00 GMT+0530 (India Standard Time)","6336.40","6344.05","6273.15","6291.10"
"Tue Dec 31 2013 00:00:00 GMT+0530 (India Standard Time)","6307.35","6317.30","6287.30","6304.00"
"Wed Jan 01 2014 00:00:00 GMT+0530 (India Standard Time)","6323.80","6327.20","6298.25","6301.65"
"Thu Jan 02 2014 00:00:00 GMT+0530 (India Standard Time)","6301.25","6358.30","6211.30","6221.15"
"Fri Jan 03 2014 00:00:00 GMT+0530 (India Standard Time)","6194.55","6221.70","6171.25","6211.15"
"Mon Jan 06 2014 00:00:00 GMT+0530 (India Standard Time)","6220.85","6224.70","6170.25","6191.45"
"Tue Jan 07 2014 00:00:00 GMT+0530 (India Standard Time)","6203.90","6221.50","6144.75","6162.25"
"Wed Jan 08 2014 00:00:00 GMT+0530 (India Standard Time)","6178.05","6192.10","6160.35","6174.60"
"Thu Jan 09 2014 00:00:00 GMT+0530 (India Standard Time)","6181.70","6188.05","6148.25","6168.35"
"Fri Jan 10 2014 00:00:00 GMT+0530 (India Standard Time)","6178.85","6239.10","6139.60","6171.45"
"Mon Jan 13 2014 00:00:00 GMT+0530 (India Standard Time)","6189.55","6288.20","6189.55","6272.75"
"Tue Jan 14 2014 00:00:00 GMT+0530 (India Standard Time)","6260.25","6280.35","6234.15","6241.85"
"Wed Jan 15 2014 00:00:00 GMT+0530 (India Standard Time)","6265.95","6325.20","6265.30","6320.90"
"Thu Jan 16 2014 00:00:00 GMT+0530 (India Standard Time)","6341.35","6346.50","6299.85","6318.90"
"Fri Jan 17 2014 00:00:00 GMT+0530 (India Standard Time)","6306.25","6327.10","6246.35","6261.65"
"Mon Jan 20 2014 00:00:00 GMT+0530 (India Standard Time)","6261.75","6307.45","6243.35","6303.95"
"Tue Jan 21 2014 00:00:00 GMT+0530 (India Standard Time)","6320.15","6330.30","6297.90","6313.80"
"Wed Jan 22 2014 00:00:00 GMT+0530 (India Standard Time)","6309.05","6349.95","6287.45","6338.95"
"Thu Jan 23 2014 00:00:00 GMT+0530 (India Standard Time)","6325.95","6355.60","6316.40","6345.65"
"Fri Jan 24 2014 00:00:00 GMT+0530 (India Standard Time)","6301.65","6331.45","6263.90","6266.75"
"Mon Jan 27 2014 00:00:00 GMT+0530 (India Standard Time)","6186.30","6188.55","6130.25","6135.85"
"Tue Jan 28 2014 00:00:00 GMT+0530 (India Standard Time)","6131.85","6163.60","6085.95","6126.25"
"Wed Jan 29 2014 00:00:00 GMT+0530 (India Standard Time)","6161.00","6170.45","6109.80","6120.25"
"Thu Jan 30 2014 00:00:00 GMT+0530 (India Standard Time)","6067.00","6082.85","6027.25","6073.70"
"Fri Jan 31 2014 00:00:00 GMT+0530 (India Standard Time)","6082.75","6097.85","6067.35","6089.50"
"Mon Feb 03 2014 00:00:00 GMT+0530 (India Standard Time)","6058.80","6074.85","5994.45","6001.80"
"Tue Feb 04 2014 00:00:00 GMT+0530 (India Standard Time)","5947.60","6017.80","5933.30","6000.90"
"Wed Feb 05 2014 00:00:00 GMT+0530 (India Standard Time)","6004.25","6028.05","5962.05","6022.40"
"Thu Feb 06 2014 00:00:00 GMT+0530 (India Standard Time)","6028.35","6048.35","5965.40","6036.30"
"Fri Feb 07 2014 00:00:00 GMT+0530 (India Standard Time)","6077.65","6079.95","6030.90","6063.20"
"Mon Feb 10 2014 00:00:00 GMT+0530 (India Standard Time)","6072.80","6083.05","6046.40","6053.45"
"Tue Feb 11 2014 00:00:00 GMT+0530 (India Standard Time)","6072.45","6081.85","6053.25","6062.70"
"Wed Feb 12 2014 00:00:00 GMT+0530 (India Standard Time)","6085.35","6106.60","6077.40","6084.00"
"Thu Feb 13 2014 00:00:00 GMT+0530 (India Standard Time)","6087.55","6094.40","5991.10","6001.10"
"Fri Feb 14 2014 00:00:00 GMT+0530 (India Standard Time)","6023.75","6056.40","5984.60","6048.35"
"Mon Feb 17 2014 00:00:00 GMT+0530 (India Standard Time)","6057.10","6080.65","6038.30","6073.30"
"Tue Feb 18 2014 00:00:00 GMT+0530 (India Standard Time)","6071.30","6141.70","6066.80","6127.10"
"Wed Feb 19 2014 00:00:00 GMT+0530 (India Standard Time)","6132.05","6160.35","6125.75","6152.75"
"Thu Feb 20 2014 00:00:00 GMT+0530 (India Standard Time)","6127.15","6129.10","6086.45","6091.45"
"Fri Feb 21 2014 00:00:00 GMT+0530 (India Standard Time)","6108.30","6159.65","6108.00","6155.45"
"Mon Feb 24 2014 00:00:00 GMT+0530 (India Standard Time)","6140.95","6191.85","6130.80","6186.10"
"Tue Feb 25 2014 00:00:00 GMT+0530 (India Standard Time)","6205.70","6216.85","6176.60","6200.05"
"Wed Feb 26 2014 00:00:00 GMT+0530 (India Standard Time)","6202.45","6245.95","6202.10","6238.80"
"Fri Feb 28 2014 00:00:00 GMT+0530 (India Standard Time)","6228.45","6282.70","6228.10","6276.95"
"Mon Mar 03 2014 00:00:00 GMT+0530 (India Standard Time)","6264.35","6277.75","6212.25","6221.45"
"Tue Mar 04 2014 00:00:00 GMT+0530 (India Standard Time)","6216.75","6302.15","6215.70","6297.95"
"Wed Mar 05 2014 00:00:00 GMT+0530 (India Standard Time)","6328.45","6336.25","6287.80","6328.65"
"Thu Mar 06 2014 00:00:00 GMT+0530 (India Standard Time)","6344.75","6406.60","6339.70","6401.15"
"Fri Mar 07 2014 00:00:00 GMT+0530 (India Standard Time)","6413.95","6537.80","6413.55","6526.65"
"Mon Mar 10 2014 00:00:00 GMT+0530 (India Standard Time)","6491.70","6562.20","6487.35","6537.25"
"Tue Mar 11 2014 00:00:00 GMT+0530 (India Standard Time)","6537.35","6562.85","6494.25","6511.90"
"Wed Mar 12 2014 00:00:00 GMT+0530 (India Standard Time)","6497.50","6546.15","6487.30","6516.90"
"Thu Mar 13 2014 00:00:00 GMT+0530 (India Standard Time)","6491.75","6561.45","6476.65","6493.10"
"Fri Mar 14 2014 00:00:00 GMT+0530 (India Standard Time)","6447.25","6518.45","6432.70","6504.20"
"Tue Mar 18 2014 00:00:00 GMT+0530 (India Standard Time)","6532.45","6574.95","6497.65","6516.65"
"Wed Mar 19 2014 00:00:00 GMT+0530 (India Standard Time)","6530.00","6541.20","6506.00","6524.05"
"Thu Mar 20 2014 00:00:00 GMT+0530 (India Standard Time)","6508.35","6523.65","6473.25","6483.10"
"Fri Mar 21 2014 00:00:00 GMT+0530 (India Standard Time)","6515.20","6522.90","6485.70","6493.20"
"Sat Mar 22 2014 00:00:00 GMT+0530 (India Standard Time)","6497.80","6502.65","6481.35","6494.90"
"Mon Mar 24 2014 00:00:00 GMT+0530 (India Standard Time)","6510.50","6591.50","6510.50","6583.50"
"Tue Mar 25 2014 00:00:00 GMT+0530 (India Standard Time)","6550.10","6595.55","6544.85","6589.75"
"Wed Mar 26 2014 00:00:00 GMT+0530 (India Standard Time)","6615.65","6627.45","6580.60","6601.40"
"Thu Mar 27 2014 00:00:00 GMT+0530 (India Standard Time)","6613.10","6673.95","6599.50","6641.75"
"Fri Mar 28 2014 00:00:00 GMT+0530 (India Standard Time)","6673.05","6702.60","6643.80","6695.90"
"Mon Mar 31 2014 00:00:00 GMT+0530 (India Standard Time)","6723.15","6730.05","6662.40","6704.20"
"Tue Apr 01 2014 00:00:00 GMT+0530 (India Standard Time)","6729.50","6732.25","6675.45","6721.05"
"Wed Apr 02 2014 00:00:00 GMT+0530 (India Standard Time)","6757.60","6763.50","6723.60","6752.55"
"Thu Apr 03 2014 00:00:00 GMT+0530 (India Standard Time)","6772.05","6776.75","6696.90","6736.10"
"Fri Apr 04 2014 00:00:00 GMT+0530 (India Standard Time)","6741.85","6741.85","6685.15","6694.35"
"Mon Apr 07 2014 00:00:00 GMT+0530 (India Standard Time)","6694.25","6725.15","6650.40","6695.05"
"Wed Apr 09 2014 00:00:00 GMT+0530 (India Standard Time)","6722.00","6808.70","6705.10","6796.20"
"Thu Apr 10 2014 00:00:00 GMT+0530 (India Standard Time)","6803.05","6819.05","6777.30","6796.40"
"Fri Apr 11 2014 00:00:00 GMT+0530 (India Standard Time)","6758.35","6789.35","6743.15","6776.30"
"Tue Apr 15 2014 00:00:00 GMT+0530 (India Standard Time)","6792.70","6813.40","6711.75","6733.10"
"Wed Apr 16 2014 00:00:00 GMT+0530 (India Standard Time)","6727.25","6748.65","6665.15","6675.30"
"Thu Apr 17 2014 00:00:00 GMT+0530 (India Standard Time)","6695.45","6783.05","6684.40","6779.40"
"Mon Apr 21 2014 00:00:00 GMT+0530 (India Standard Time)","6789.25","6825.45","6786.90","6817.65"
"Tue Apr 22 2014 00:00:00 GMT+0530 (India Standard Time)","6822.90","6838.00","6806.25","6815.35"
"Wed Apr 23 2014 00:00:00 GMT+0530 (India Standard Time)","6823.25","6861.60","6820.75","6840.80"
"Fri Apr 25 2014 00:00:00 GMT+0530 (India Standard Time)","6855.80","6869.85","6772.85","6782.75"
"Mon Apr 28 2014 00:00:00 GMT+0530 (India Standard Time)","6778.55","6786.25","6750.30","6761.25"
"Tue Apr 29 2014 00:00:00 GMT+0530 (India Standard Time)","6769.00","6779.70","6708.65","6715.25"
"Wed Apr 30 2014 00:00:00 GMT+0530 (India Standard Time)","6724.95","6780.15","6656.80","6696.40"
"Fri May 02 2014 00:00:00 GMT+0530 (India Standard Time)","6709.95","6737.65","6689.50","6694.80"
"Mon May 05 2014 00:00:00 GMT+0530 (India Standard Time)","6681.65","6741.05","6680.45","6699.35"
"Tue May 06 2014 00:00:00 GMT+0530 (India Standard Time)","6719.25","6743.45","6701.90","6715.30"
"Wed May 07 2014 00:00:00 GMT+0530 (India Standard Time)","6708.60","6718.75","6642.90","6652.55"
"Thu May 08 2014 00:00:00 GMT+0530 (India Standard Time)","6669.90","6688.40","6638.55","6659.85"
"Fri May 09 2014 00:00:00 GMT+0530 (India Standard Time)","6654.15","6871.35","6652.15","6858.80"
"Mon May 12 2014 00:00:00 GMT+0530 (India Standard Time)","6863.40","7020.05","6862.90","7014.25"
"Tue May 13 2014 00:00:00 GMT+0530 (India Standard Time)","7080.00","7172.35","7067.15","7108.75"
"Wed May 14 2014 00:00:00 GMT+0530 (India Standard Time)","7112.00","7142.25","7080.90","7108.75"
"Thu May 15 2014 00:00:00 GMT+0530 (India Standard Time)","7111.30","7152.55","7082.55","7123.15"
"Fri May 16 2014 00:00:00 GMT+0530 (India Standard Time)","7270.20","7563.50","7130.65","7203.00"
"Mon May 19 2014 00:00:00 GMT+0530 (India Standard Time)","7276.85","7291.10","7193.55","7263.55"
"Tue May 20 2014 00:00:00 GMT+0530 (India Standard Time)","7309.95","7353.65","7247.70","7275.50"
"Wed May 21 2014 00:00:00 GMT+0530 (India Standard Time)","7274.85","7287.15","7206.70","7252.90"
"Thu May 22 2014 00:00:00 GMT+0530 (India Standard Time)","7289.95","7319.55","7258.15","7276.40"
"Fri May 23 2014 00:00:00 GMT+0530 (India Standard Time)","7306.50","7381.00","7293.90","7367.10"
"Mon May 26 2014 00:00:00 GMT+0530 (India Standard Time)","7428.75","7504.00","7269.05","7359.05"
"Tue May 27 2014 00:00:00 GMT+0530 (India Standard Time)","7363.10","7372.95","7274.75","7318.00"
"Wed May 28 2014 00:00:00 GMT+0530 (India Standard Time)","7324.95","7344.75","7302.60","7329.65"
"Thu May 29 2014 00:00:00 GMT+0530 (India Standard Time)","7316.60","7325.40","7224.40","7235.65"
"Fri May 30 2014 00:00:00 GMT+0530 (India Standard Time)","7254.85","7272.50","7118.45","7229.95"
"Mon Jun 02 2014 00:00:00 GMT+0530 (India Standard Time)","7264.05","7368.60","7239.50","7362.50"
"Tue Jun 03 2014 00:00:00 GMT+0530 (India Standard Time)","7375.35","7424.95","7342.15","7415.85"
"Wed Jun 04 2014 00:00:00 GMT+0530 (India Standard Time)","7417.55","7433.30","7391.35","7402.25"
"Thu Jun 05 2014 00:00:00 GMT+0530 (India Standard Time)","7399.75","7484.70","7360.50","7474.10"
"Fri Jun 06 2014 00:00:00 GMT+0530 (India Standard Time)","7521.50","7592.70","7497.65","7583.40"
"Mon Jun 09 2014 00:00:00 GMT+0530 (India Standard Time)","7621.65","7673.70","7580.25","7654.60"
"Tue Jun 10 2014 00:00:00 GMT+0530 (India Standard Time)","7679.05","7683.20","7579.30","7656.40"
"Wed Jun 11 2014 00:00:00 GMT+0530 (India Standard Time)","7672.40","7700.05","7589.05","7626.85"
"Thu Jun 12 2014 00:00:00 GMT+0530 (India Standard Time)","7641.30","7658.00","7593.80","7649.90"
"Fri Jun 13 2014 00:00:00 GMT+0530 (India Standard Time)","7668.20","7678.50","7525.35","7542.10"
"Mon Jun 16 2014 00:00:00 GMT+0530 (India Standard Time)","7534.80","7548.60","7487.55","7533.55"
"Tue Jun 17 2014 00:00:00 GMT+0530 (India Standard Time)","7525.05","7637.60","7509.25","7631.70"
"Wed Jun 18 2014 00:00:00 GMT+0530 (India Standard Time)","7636.05","7663.00","7515.50","7558.20"
"Thu Jun 19 2014 00:00:00 GMT+0530 (India Standard Time)","7580.05","7606.45","7502.55","7540.70"
"Fri Jun 20 2014 00:00:00 GMT+0530 (India Standard Time)","7543.30","7560.55","7497.30","7511.45"
"Mon Jun 23 2014 00:00:00 GMT+0530 (India Standard Time)","7514.00","7534.80","7441.60","7493.35"
"Tue Jun 24 2014 00:00:00 GMT+0530 (India Standard Time)","7515.20","7593.35","7515.20","7580.20"
"Wed Jun 25 2014 00:00:00 GMT+0530 (India Standard Time)","7588.55","7589.25","7557.05","7569.25"
"Thu Jun 26 2014 00:00:00 GMT+0530 (India Standard Time)","7554.10","7570.20","7481.30","7493.20"
"Fri Jun 27 2014 00:00:00 GMT+0530 (India Standard Time)","7514.20","7538.75","7482.30","7508.80"
"Mon Jun 30 2014 00:00:00 GMT+0530 (India Standard Time)","7534.05","7623.65","7531.60","7611.35"
"Tue Jul 01 2014 00:00:00 GMT+0530 (India Standard Time)","7629.00","7649.50","7618.15","7634.70"
"Wed Jul 02 2014 00:00:00 GMT+0530 (India Standard Time)","7683.05","7732.40","7677.30","7725.15"
"Thu Jul 03 2014 00:00:00 GMT+0530 (India Standard Time)","7734.35","7754.65","7706.80","7714.80"
"Fri Jul 04 2014 00:00:00 GMT+0530 (India Standard Time)","7718.10","7758.00","7661.30","7751.60"
"Mon Jul 07 2014 00:00:00 GMT+0530 (India Standard Time)","7780.40","7792.00","7755.10","7787.15"
"Tue Jul 08 2014 00:00:00 GMT+0530 (India Standard Time)","7804.05","7808.85","7595.90","7623.20"
"Wed Jul 09 2014 00:00:00 GMT+0530 (India Standard Time)","7637.95","7650.10","7551.65","7585.00"
"Thu Jul 10 2014 00:00:00 GMT+0530 (India Standard Time)","7589.50","7731.05","7479.05","7567.75"
"Fri Jul 11 2014 00:00:00 GMT+0530 (India Standard Time)","7584.10","7625.85","7447.20","7459.60"
"Mon Jul 14 2014 00:00:00 GMT+0530 (India Standard Time)","7469.00","7478.45","7422.15","7454.15"
"Tue Jul 15 2014 00:00:00 GMT+0530 (India Standard Time)","7491.30","7534.90","7459.15","7526.65"
"Wed Jul 16 2014 00:00:00 GMT+0530 (India Standard Time)","7564.15","7640.10","7532.45","7624.40"
"Thu Jul 17 2014 00:00:00 GMT+0530 (India Standard Time)","7612.70","7655.65","7612.70","7640.45"
"Fri Jul 18 2014 00:00:00 GMT+0530 (India Standard Time)","7630.25","7685.00","7595.50","7663.90"
"Mon Jul 21 2014 00:00:00 GMT+0530 (India Standard Time)","7701.65","7722.10","7674.00","7684.20"
"Tue Jul 22 2014 00:00:00 GMT+0530 (India Standard Time)","7708.20","7773.85","7704.80","7767.85"
"Wed Jul 23 2014 00:00:00 GMT+0530 (India Standard Time)","7794.90","7809.20","7752.90","7795.75"
"Thu Jul 24 2014 00:00:00 GMT+0530 (India Standard Time)","7796.25","7835.65","7771.65","7830.60"
"Fri Jul 25 2014 00:00:00 GMT+0530 (India Standard Time)","7828.20","7840.95","7748.60","7790.45"
"Mon Jul 28 2014 00:00:00 GMT+0530 (India Standard Time)","7792.90","7799.90","7722.65","7748.70"
"Wed Jul 30 2014 00:00:00 GMT+0530 (India Standard Time)","7746.20","7798.70","7707.60","7791.40"
"Thu Jul 31 2014 00:00:00 GMT+0530 (India Standard Time)","7784.65","7791.85","7711.15","7721.30"
"Fri Aug 01 2014 00:00:00 GMT+0530 (India Standard Time)","7662.50","7716.70","7593.90","7602.60"
"Mon Aug 04 2014 00:00:00 GMT+0530 (India Standard Time)","7639.55","7694.80","7622.05","7683.65"
"Tue Aug 05 2014 00:00:00 GMT+0530 (India Standard Time)","7706.65","7752.45","7638.05","7746.55"
"Wed Aug 06 2014 00:00:00 GMT+0530 (India Standard Time)","7726.15","7740.95","7658.95","7672.05"
"Thu Aug 07 2014 00:00:00 GMT+0530 (India Standard Time)","7651.15","7708.95","7630.40","7649.25"
"Fri Aug 08 2014 00:00:00 GMT+0530 (India Standard Time)","7588.70","7592.45","7540.10","7568.55"
"Mon Aug 11 2014 00:00:00 GMT+0530 (India Standard Time)","7619.85","7635.55","7598.60","7625.95"
"Tue Aug 12 2014 00:00:00 GMT+0530 (India Standard Time)","7688.80","7735.75","7654.80","7727.05"
"Wed Aug 13 2014 00:00:00 GMT+0530 (India Standard Time)","7717.30","7757.10","7695.70","7739.55"
"Thu Aug 14 2014 00:00:00 GMT+0530 (India Standard Time)","7756.15","7796.70","7739.10","7791.70"
"Mon Aug 18 2014 00:00:00 GMT+0530 (India Standard Time)","7785.25","7880.50","7779.20","7874.25"
"Tue Aug 19 2014 00:00:00 GMT+0530 (India Standard Time)","7901.00","7918.55","7881.15","7897.50"
"Wed Aug 20 2014 00:00:00 GMT+0530 (India Standard Time)","7915.80","7922.70","7864.05","7875.30"
"Thu Aug 21 2014 00:00:00 GMT+0530 (India Standard Time)","7875.35","7919.65","7855.95","7891.10"
"Fri Aug 22 2014 00:00:00 GMT+0530 (India Standard Time)","7904.55","7929.05","7900.05","7913.20"
"Mon Aug 25 2014 00:00:00 GMT+0530 (India Standard Time)","7931.75","7968.25","7897.95","7906.30"
"Tue Aug 26 2014 00:00:00 GMT+0530 (India Standard Time)","7874.50","7915.45","7862.45","7904.75"
"Wed Aug 27 2014 00:00:00 GMT+0530 (India Standard Time)","7933.90","7946.85","7916.55","7936.05"
"Thu Aug 28 2014 00:00:00 GMT+0530 (India Standard Time)","7942.25","7967.80","7939.20","7954.35"
"Mon Sep 01 2014 00:00:00 GMT+0530 (India Standard Time)","7990.35","8035.00","7984.00","8027.70"
"Tue Sep 02 2014 00:00:00 GMT+0530 (India Standard Time)","8038.60","8101.95","8036.55","8083.05"
"Wed Sep 03 2014 00:00:00 GMT+0530 (India Standard Time)","8110.85","8141.90","8092.25","8114.60"
"Thu Sep 04 2014 00:00:00 GMT+0530 (India Standard Time)","8114.20","8114.80","8060.90","8095.95"
"Fri Sep 05 2014 00:00:00 GMT+0530 (India Standard Time)","8099.90","8122.70","8049.85","8086.85"
"Mon Sep 08 2014 00:00:00 GMT+0530 (India Standard Time)","8132.95","8180.20","8126.15","8173.90"
"Tue Sep 09 2014 00:00:00 GMT+0530 (India Standard Time)","8161.90","8174.55","8126.50","8152.95"
"Wed Sep 10 2014 00:00:00 GMT+0530 (India Standard Time)","8135.55","8135.75","8082.10","8094.10"
"Thu Sep 11 2014 00:00:00 GMT+0530 (India Standard Time)","8115.15","8127.95","8057.30","8085.70"
"Fri Sep 12 2014 00:00:00 GMT+0530 (India Standard Time)","8087.05","8114.30","8071.60","8105.50"
"Mon Sep 15 2014 00:00:00 GMT+0530 (India Standard Time)","8070.35","8077.30","8030.00","8042.00"
"Tue Sep 16 2014 00:00:00 GMT+0530 (India Standard Time)","8036.60","8044.90","7925.15","7932.90"
"Wed Sep 17 2014 00:00:00 GMT+0530 (India Standard Time)","7971.50","7990.65","7936.95","7975.50"
"Thu Sep 18 2014 00:00:00 GMT+0530 (India Standard Time)","7950.65","8120.85","7939.70","8114.75"
"Fri Sep 19 2014 00:00:00 GMT+0530 (India Standard Time)","8129.40","8160.90","8105.35","8121.45"
"Mon Sep 22 2014 00:00:00 GMT+0530 (India Standard Time)","8084.45","8159.90","8064.80","8146.30"
"Tue Sep 23 2014 00:00:00 GMT+0530 (India Standard Time)","8144.40","8159.75","8008.10","8017.55"
"Wed Sep 24 2014 00:00:00 GMT+0530 (India Standard Time)","8015.55","8042.05","7950.05","8002.40"
"Thu Sep 25 2014 00:00:00 GMT+0530 (India Standard Time)","8003.30","8019.30","7877.35","7911.85"
"Fri Sep 26 2014 00:00:00 GMT+0530 (India Standard Time)","7885.85","7993.30","7841.80","7968.85"
"Mon Sep 29 2014 00:00:00 GMT+0530 (India Standard Time)","7978.45","7991.75","7934.70","7958.90"
"Tue Sep 30 2014 00:00:00 GMT+0530 (India Standard Time)","7948.80","8030.90","7923.85","7964.80"
"Wed Oct 01 2014 00:00:00 GMT+0530 (India Standard Time)","7960.50","7977.50","7936.70","7945.55"
"Tue Oct 07 2014 00:00:00 GMT+0530 (India Standard Time)","7897.40","7943.05","7842.70","7852.40"
"Wed Oct 08 2014 00:00:00 GMT+0530 (India Standard Time)","7828.75","7869.90","7815.75","7842.70"
"Thu Oct 09 2014 00:00:00 GMT+0530 (India Standard Time)","7886.50","7972.35","7886.50","7960.55"
"Fri Oct 10 2014 00:00:00 GMT+0530 (India Standard Time)","7911.00","7924.05","7848.45","7859.95"
"Mon Oct 13 2014 00:00:00 GMT+0530 (India Standard Time)","7831.00","7901.15","7796.00","7884.25"
"Tue Oct 14 2014 00:00:00 GMT+0530 (India Standard Time)","7923.25","7928.00","7825.45","7864.00"
"Thu Oct 16 2014 00:00:00 GMT+0530 (India Standard Time)","7837.30","7893.90","7729.65","7748.20"
"Fri Oct 17 2014 00:00:00 GMT+0530 (India Standard Time)","7733.75","7819.20","7723.85","7779.70"
"Mon Oct 20 2014 00:00:00 GMT+0530 (India Standard Time)","7896.95","7905.95","7856.95","7879.40"
"Tue Oct 21 2014 00:00:00 GMT+0530 (India Standard Time)","7906.15","7936.60","7874.35","7927.75"
"Wed Oct 22 2014 00:00:00 GMT+0530 (India Standard Time)","7997.80","8005.00","7974.55","7995.90"
"Thu Oct 23 2014 00:00:00 GMT+0530 (India Standard Time)","8027.70","8031.75","8008.85","8014.55"
"Mon Oct 27 2014 00:00:00 GMT+0530 (India Standard Time)","8064.35","8064.40","7985.65","7991.70"
"Tue Oct 28 2014 00:00:00 GMT+0530 (India Standard Time)","8002.40","8037.80","7995.05","8027.60"
"Wed Oct 29 2014 00:00:00 GMT+0530 (India Standard Time)","8077.05","8097.95","8052.25","8090.45"
"Thu Oct 30 2014 00:00:00 GMT+0530 (India Standard Time)","8085.20","8181.55","8085.20","8169.20"
"Fri Oct 31 2014 00:00:00 GMT+0530 (India Standard Time)","8200.79","8330.75","8198.04","8322.20"
"Mon Nov 03 2014 00:00:00 GMT+0530 (India Standard Time)","8348.15","8350.60","8297.65","8324.15"
"Wed Nov 05 2014 00:00:00 GMT+0530 (India Standard Time)","8351.25","8365.54","8323.50","8338.29"
"Fri Nov 07 2014 00:00:00 GMT+0530 (India Standard Time)","8331.85","8360.35","8290.25","8337.00"
"Mon Nov 10 2014 00:00:00 GMT+0530 (India Standard Time)","8337.79","8383.04","8304.45","8344.25"
"Tue Nov 11 2014 00:00:00 GMT+0530 (India Standard Time)","8354.10","8378.70","8321.85","8362.65"
"Wed Nov 12 2014 00:00:00 GMT+0530 (India Standard Time)","8378.90","8415.04","8370.50","8383.29"
"Thu Nov 13 2014 00:00:00 GMT+0530 (India Standard Time)","8405.25","8408.00","8320.35","8357.85"
"Fri Nov 14 2014 00:00:00 GMT+0530 (India Standard Time)","8360.70","8400.65","8346.79","8389.90"
"Mon Nov 17 2014 00:00:00 GMT+0530 (India Standard Time)","8378.40","8438.10","8349.10","8430.75"
"Tue Nov 18 2014 00:00:00 GMT+0530 (India Standard Time)","8441.25","8454.50","8407.25","8425.90"
"Wed Nov 19 2014 00:00:00 GMT+0530 (India Standard Time)","8440.65","8455.65","8360.50","8382.29"
"Thu Nov 20 2014 00:00:00 GMT+0530 (India Standard Time)","8406.50","8410.85","8353.15","8401.90"
"Fri Nov 21 2014 00:00:00 GMT+0530 (India Standard Time)","8408.20","8489.79","8398.60","8477.35"
"Mon Nov 24 2014 00:00:00 GMT+0530 (India Standard Time)","8490.95","8534.65","8490.79","8530.15"
"Tue Nov 25 2014 00:00:00 GMT+0530 (India Standard Time)","8530.79","8535.35","8429.45","8463.10"
"Wed Nov 26 2014 00:00:00 GMT+0530 (India Standard Time)","8450.29","8500.29","8438.65","8475.75"
"Thu Nov 27 2014 00:00:00 GMT+0530 (India Standard Time)","8477.79","8506.75","8456.35","8494.20"
"Fri Nov 28 2014 00:00:00 GMT+0530 (India Standard Time)","8516.79","8617.00","8516.25","8588.25"
"Mon Dec 01 2014 00:00:00 GMT+0530 (India Standard Time)","8605.10","8623.00","8545.15","8555.90"
"Tue Dec 02 2014 00:00:00 GMT+0530 (India Standard Time)","8535.45","8560.20","8504.65","8524.70"
"Wed Dec 03 2014 00:00:00 GMT+0530 (India Standard Time)","8528.70","8546.95","8508.35","8537.65"
"Thu Dec 04 2014 00:00:00 GMT+0530 (India Standard Time)","8582.40","8626.95","8526.40","8564.40"
"Fri Dec 05 2014 00:00:00 GMT+0530 (India Standard Time)","8584.25","8588.35","8523.90","8538.29"
"Mon Dec 08 2014 00:00:00 GMT+0530 (India Standard Time)","8538.65","8546.35","8432.25","8438.25"
"Tue Dec 09 2014 00:00:00 GMT+0530 (India Standard Time)","8439.29","8444.50","8330.50","8340.70"
"Wed Dec 10 2014 00:00:00 GMT+0530 (India Standard Time)","8318.04","8376.79","8317.00","8355.65"
"Thu Dec 11 2014 00:00:00 GMT+0530 (India Standard Time)","8338.85","8348.29","8272.40","8292.90"
"Fri Dec 12 2014 00:00:00 GMT+0530 (India Standard Time)","8302.00","8321.90","8216.29","8224.10"
"Mon Dec 15 2014 00:00:00 GMT+0530 (India Standard Time)","8160.75","8242.40","8152.50","8219.60"
"Tue Dec 16 2014 00:00:00 GMT+0530 (India Standard Time)","8172.60","8189.35","8052.60","8067.60"
"Wed Dec 17 2014 00:00:00 GMT+0530 (India Standard Time)","8041.20","8082.00","7961.35","8029.80"
"Thu Dec 18 2014 00:00:00 GMT+0530 (India Standard Time)","8138.90","8174.30","8084.90","8159.30"
"Fri Dec 19 2014 00:00:00 GMT+0530 (India Standard Time)","8230.45","8263.45","8208.60","8225.20"
"Mon Dec 22 2014 00:00:00 GMT+0530 (India Standard Time)","8255.00","8330.95","8228.20","8324.00"
"Tue Dec 23 2014 00:00:00 GMT+0530 (India Standard Time)","8324.60","8364.75","8252.85","8267.00"
"Wed Dec 24 2014 00:00:00 GMT+0530 (India Standard Time)","8272.04","8286.40","8155.25","8174.10"
"Fri Dec 26 2014 00:00:00 GMT+0530 (India Standard Time)","8204.79","8234.54","8147.95","8200.70"
"Mon Dec 29 2014 00:00:00 GMT+0530 (India Standard Time)","8214.70","8279.15","8214.70","8246.29"
"Tue Dec 30 2014 00:00:00 GMT+0530 (India Standard Time)","8260.29","8268.25","8220.54","8248.25"
"Wed Dec 31 2014 00:00:00 GMT+0530 (India Standard Time)","8243.90","8291.00","8243.75","8282.70"
"Thu Jan 01 2015 00:00:00 GMT+0530 (India Standard Time)","8272.79","8294.70","8248.75","8284.00"
"Fri Jan 02 2015 00:00:00 GMT+0530 (India Standard Time)","8288.70","8410.60","8288.70","8395.40"
"Mon Jan 05 2015 00:00:00 GMT+0530 (India Standard Time)","8407.95","8445.60","8363.90","8378.40"
"Tue Jan 06 2015 00:00:00 GMT+0530 (India Standard Time)","8325.29","8327.85","8111.35","8127.30"
"Wed Jan 07 2015 00:00:00 GMT+0530 (India Standard Time)","8118.65","8151.20","8065.45","8102.10"
"Thu Jan 08 2015 00:00:00 GMT+0530 (India Standard Time)","8191.40","8243.50","8167.30","8234.60"
"Fri Jan 09 2015 00:00:00 GMT+0530 (India Standard Time)","8285.45","8303.29","8190.80","8284.50"
"Mon Jan 12 2015 00:00:00 GMT+0530 (India Standard Time)","8291.35","8332.60","8245.60","8323.00"
"Tue Jan 13 2015 00:00:00 GMT+0530 (India Standard Time)","8346.15","8356.65","8267.90","8299.40"
"Wed Jan 14 2015 00:00:00 GMT+0530 (India Standard Time)","8307.25","8326.45","8236.65","8277.50"
"Thu Jan 15 2015 00:00:00 GMT+0530 (India Standard Time)","8424.50","8527.10","8380.54","8494.10"
"Fri Jan 16 2015 00:00:00 GMT+0530 (India Standard Time)","8504.04","8530.75","8452.25","8513.79"
"Mon Jan 19 2015 00:00:00 GMT+0530 (India Standard Time)","8550.04","8570.95","8531.50","8550.70"
"Tue Jan 20 2015 00:00:00 GMT+0530 (India Standard Time)","8575.10","8707.90","8574.50","8695.60"
"Wed Jan 21 2015 00:00:00 GMT+0530 (India Standard Time)","8719.65","8741.85","8689.60","8729.50"
"Thu Jan 22 2015 00:00:00 GMT+0530 (India Standard Time)","8745.85","8774.15","8727.00","8761.40"
"Fri Jan 23 2015 00:00:00 GMT+0530 (India Standard Time)","8827.95","8866.40","8795.40","8835.60"
"Tue Jan 27 2015 00:00:00 GMT+0530 (India Standard Time)","8871.35","8925.04","8825.45","8910.50"
"Wed Jan 28 2015 00:00:00 GMT+0530 (India Standard Time)","8902.75","8985.04","8874.04","8914.29"
"Thu Jan 29 2015 00:00:00 GMT+0530 (India Standard Time)","8901.50","8966.65","8861.25","8952.29"
"Fri Jan 30 2015 00:00:00 GMT+0530 (India Standard Time)","8996.60","8996.60","8775.10","8808.90"
"Mon Feb 02 2015 00:00:00 GMT+0530 (India Standard Time)","8802.50","8840.79","8751.10","8797.40"
"Tue Feb 03 2015 00:00:00 GMT+0530 (India Standard Time)","8823.15","8837.29","8726.65","8756.50"
"Wed Feb 04 2015 00:00:00 GMT+0530 (India Standard Time)","8789.15","8792.85","8704.40","8723.70"
"Thu Feb 05 2015 00:00:00 GMT+0530 (India Standard Time)","8733.10","8838.45","8683.65","8711.70"
"Fri Feb 06 2015 00:00:00 GMT+0530 (India Standard Time)","8696.85","8726.20","8645.54","8661.00"
"Mon Feb 09 2015 00:00:00 GMT+0530 (India Standard Time)","8584.40","8605.54","8516.35","8526.29"
"Tue Feb 10 2015 00:00:00 GMT+0530 (India Standard Time)","8478.10","8646.25","8470.50","8565.50"
"Wed Feb 11 2015 00:00:00 GMT+0530 (India Standard Time)","8603.29","8651.95","8593.65","8627.40"
"Thu Feb 12 2015 00:00:00 GMT+0530 (India Standard Time)","8676.95","8732.54","8599.25","8711.50"
"Fri Feb 13 2015 00:00:00 GMT+0530 (India Standard Time)","8741.50","8822.10","8729.65","8805.50"
"Mon Feb 16 2015 00:00:00 GMT+0530 (India Standard Time)","8831.40","8870.10","8793.40","8809.29"
"Wed Feb 18 2015 00:00:00 GMT+0530 (India Standard Time)","8811.54","8894.29","8808.90","8869.10"
"Thu Feb 19 2015 00:00:00 GMT+0530 (India Standard Time)","8883.04","8913.45","8794.45","8895.29"
"Fri Feb 20 2015 00:00:00 GMT+0530 (India Standard Time)","8895.50","8899.95","8816.29","8833.60"
"Mon Feb 23 2015 00:00:00 GMT+0530 (India Standard Time)","8856.85","8869.00","8736.10","8754.90"
"Tue Feb 24 2015 00:00:00 GMT+0530 (India Standard Time)","8772.90","8800.50","8726.75","8762.10"
"Wed Feb 25 2015 00:00:00 GMT+0530 (India Standard Time)","8801.90","8840.65","8751.40","8767.20"
"Thu Feb 26 2015 00:00:00 GMT+0530 (India Standard Time)","8779.00","8786.04","8669.45","8683.79"
"Fri Feb 27 2015 00:00:00 GMT+0530 (India Standard Time)","8729.50","8856.95","8717.45","8844.60"
"Sat Feb 28 2015 00:00:00 GMT+0530 (India Standard Time)","8913.04","8941.10","8751.35","8901.79"
"Mon Mar 02 2015 00:00:00 GMT+0530 (India Standard Time)","8953.85","8972.35","8885.45","8956.70"
"Tue Mar 03 2015 00:00:00 GMT+0530 (India Standard Time)","8962.85","9008.40","8925.54","8996.20"
"Wed Mar 04 2015 00:00:00 GMT+0530 (India Standard Time)","9109.15","9119.20","8893.95","8922.60"
"Thu Mar 05 2015 00:00:00 GMT+0530 (India Standard Time)","8929.40","8957.54","8849.35","8937.70"
"Mon Mar 09 2015 00:00:00 GMT+0530 (India Standard Time)","8891.15","8891.29","8740.45","8756.70"
"Tue Mar 10 2015 00:00:00 GMT+0530 (India Standard Time)","8769.75","8778.00","8677.35","8712.00"
"Wed Mar 11 2015 00:00:00 GMT+0530 (India Standard Time)","8728.75","8755.60","8682.35","8699.90"
"Thu Mar 12 2015 00:00:00 GMT+0530 (India Standard Time)","8740.65","8787.20","8732.90","8776.00"
"Fri Mar 13 2015 00:00:00 GMT+0530 (India Standard Time)","8844.04","8849.75","8631.75","8647.70"
"Mon Mar 16 2015 00:00:00 GMT+0530 (India Standard Time)","8656.75","8663.54","8612.00","8633.10"
"Tue Mar 17 2015 00:00:00 GMT+0530 (India Standard Time)","8689.10","8742.54","8630.79","8723.29"
"Wed Mar 18 2015 00:00:00 GMT+0530 (India Standard Time)","8742.90","8747.25","8664.00","8685.90"
"Thu Mar 19 2015 00:00:00 GMT+0530 (India Standard Time)","8749.45","8788.20","8614.65","8634.60"
"Fri Mar 20 2015 00:00:00 GMT+0530 (India Standard Time)","8627.90","8627.90","8553.00","8570.90"
"Mon Mar 23 2015 00:00:00 GMT+0530 (India Standard Time)","8591.54","8608.35","8540.54","8550.90"
"Tue Mar 24 2015 00:00:00 GMT+0530 (India Standard Time)","8537.04","8627.75","8535.85","8542.90"
"Wed Mar 25 2015 00:00:00 GMT+0530 (India Standard Time)","8568.90","8573.75","8516.54","8530.79"
"Thu Mar 26 2015 00:00:00 GMT+0530 (India Standard Time)","8474.95","8499.45","8325.35","8342.10"
"Fri Mar 27 2015 00:00:00 GMT+0530 (India Standard Time)","8396.00","8413.20","8269.15","8341.40"
"Mon Mar 30 2015 00:00:00 GMT+0530 (India Standard Time)","8390.95","8504.54","8380.75","8492.29"
"Tue Mar 31 2015 00:00:00 GMT+0530 (India Standard Time)","8527.60","8550.45","8454.15","8491.00"
"Wed Apr 01 2015 00:00:00 GMT+0530 (India Standard Time)","8483.70","8603.40","8464.75","8586.20"
"Mon Apr 06 2015 00:00:00 GMT+0530 (India Standard Time)","8615.79","8667.54","8573.75","8659.90"
"Tue Apr 07 2015 00:00:00 GMT+0530 (India Standard Time)","8684.45","8693.60","8586.85","8660.29"
"Wed Apr 08 2015 00:00:00 GMT+0530 (India Standard Time)","8698.95","8730.50","8679.79","8714.40"
"Thu Apr 09 2015 00:00:00 GMT+0530 (India Standard Time)","8756.20","8785.50","8682.45","8778.29"
"Fri Apr 10 2015 00:00:00 GMT+0530 (India Standard Time)","8774.35","8787.40","8733.60","8780.29"
"Mon Apr 13 2015 00:00:00 GMT+0530 (India Standard Time)","8801.75","8841.65","8762.10","8834.00"
"Wed Apr 15 2015 00:00:00 GMT+0530 (India Standard Time)","8844.75","8844.79","8722.40","8750.20"
"Thu Apr 16 2015 00:00:00 GMT+0530 (India Standard Time)","8757.04","8760.00","8645.65","8706.70"
"Fri Apr 17 2015 00:00:00 GMT+0530 (India Standard Time)","8698.04","8699.85","8596.70","8606.00"
"Mon Apr 20 2015 00:00:00 GMT+0530 (India Standard Time)","8618.79","8619.95","8422.75","8448.10"
"Tue Apr 21 2015 00:00:00 GMT+0530 (India Standard Time)","8416.10","8469.35","8352.70","8377.70"
"Wed Apr 22 2015 00:00:00 GMT+0530 (India Standard Time)","8400.40","8449.95","8284.70","8429.70"
"Thu Apr 23 2015 00:00:00 GMT+0530 (India Standard Time)","8478.20","8504.95","8361.85","8398.29"
"Fri Apr 24 2015 00:00:00 GMT+0530 (India Standard Time)","8405.70","8413.29","8273.35","8305.20"
"Mon Apr 27 2015 00:00:00 GMT+0530 (India Standard Time)","8330.54","8334.45","8202.35","8213.79"
"Tue Apr 28 2015 00:00:00 GMT+0530 (India Standard Time)","8215.54","8308.00","8185.15","8285.60"
"Wed Apr 29 2015 00:00:00 GMT+0530 (India Standard Time)","8274.79","8308.20","8219.20","8239.70"
"Thu Apr 30 2015 00:00:00 GMT+0530 (India Standard Time)","8224.50","8229.40","8144.75","8181.50"
"Mon May 04 2015 00:00:00 GMT+0530 (India Standard Time)","8230.04","8346.00","8220.45","8331.90"
"Tue May 05 2015 00:00:00 GMT+0530 (India Standard Time)","8338.40","8355.65","8280.60","8324.79"
"Wed May 06 2015 00:00:00 GMT+0530 (India Standard Time)","8316.60","8331.95","8083.00","8097.00"
"Thu May 07 2015 00:00:00 GMT+0530 (India Standard Time)","8077.00","8122.60","7997.15","8057.30"
"Fri May 08 2015 00:00:00 GMT+0530 (India Standard Time)","8131.50","8224.95","8123.45","8191.50"
"Mon May 11 2015 00:00:00 GMT+0530 (India Standard Time)","8243.20","8332.75","8224.65","8325.20"
"Tue May 12 2015 00:00:00 GMT+0530 (India Standard Time)","8326.15","8326.65","8115.30","8126.90"
"Wed May 13 2015 00:00:00 GMT+0530 (India Standard Time)","8181.55","8254.95","8089.80","8235.40"
"Thu May 14 2015 00:00:00 GMT+0530 (India Standard Time)","8232.45","8236.25","8137.30","8224.20"
"Fri May 15 2015 00:00:00 GMT+0530 (India Standard Time)","8240.29","8279.20","8212.20","8262.29"
"Mon May 18 2015 00:00:00 GMT+0530 (India Standard Time)","8284.95","8384.60","8271.95","8373.60"
"Tue May 19 2015 00:00:00 GMT+0530 (India Standard Time)","8356.20","8427.79","8335.00","8365.60"
"Wed May 20 2015 00:00:00 GMT+0530 (India Standard Time)","8392.65","8440.35","8391.45","8423.20"
"Thu May 21 2015 00:00:00 GMT+0530 (India Standard Time)","8434.50","8446.35","8382.50","8421.00"
"Fri May 22 2015 00:00:00 GMT+0530 (India Standard Time)","8432.50","8489.54","8420.60","8458.90"
"Mon May 25 2015 00:00:00 GMT+0530 (India Standard Time)","8438.15","8441.95","8364.15","8370.20"
"Tue May 26 2015 00:00:00 GMT+0530 (India Standard Time)","8377.10","8378.90","8320.04","8339.29"
"Wed May 27 2015 00:00:00 GMT+0530 (India Standard Time)","8302.75","8342.85","8277.95","8334.60"
"Thu May 28 2015 00:00:00 GMT+0530 (India Standard Time)","8345.70","8364.50","8270.15","8319.00"
"Fri May 29 2015 00:00:00 GMT+0530 (India Standard Time)","8327.10","8443.90","8305.70","8433.60"
"Mon Jun 01 2015 00:00:00 GMT+0530 (India Standard Time)","8417.25","8467.15","8405.40","8433.40"
"Tue Jun 02 2015 00:00:00 GMT+0530 (India Standard Time)","8442.79","8445.35","8226.04","8236.40"
"Wed Jun 03 2015 00:00:00 GMT+0530 (India Standard Time)","8232.45","8236.70","8094.15","8135.10"
"Thu Jun 04 2015 00:00:00 GMT+0530 (India Standard Time)","8155.15","8160.05","8056.75","8130.60"
"Fri Jun 05 2015 00:00:00 GMT+0530 (India Standard Time)","8119.15","8191.00","8100.15","8114.70"
"Mon Jun 08 2015 00:00:00 GMT+0530 (India Standard Time)","8124.35","8131.00","8030.55","8044.10"
"Tue Jun 09 2015 00:00:00 GMT+0530 (India Standard Time)","8026.50","8057.15","8005.15","8022.40"
"Wed Jun 10 2015 00:00:00 GMT+0530 (India Standard Time)","8024.15","8152.25","8023.80","8124.40"
"Thu Jun 11 2015 00:00:00 GMT+0530 (India Standard Time)","8157.30","8163.05","7958.25","7965.30"
"Fri Jun 12 2015 00:00:00 GMT+0530 (India Standard Time)","7959.85","7995.60","7940.30","7982.90"
"Mon Jun 15 2015 00:00:00 GMT+0530 (India Standard Time)","7986.60","8057.70","7944.85","8013.90"
"Tue Jun 16 2015 00:00:00 GMT+0530 (India Standard Time)","8004.20","8061.85","7952.35","8047.30"
"Wed Jun 17 2015 00:00:00 GMT+0530 (India Standard Time)","8084.20","8136.85","8048.95","8091.50"
"Thu Jun 18 2015 00:00:00 GMT+0530 (India Standard Time)","8113.70","8186.90","8101.80","8174.60"
"Fri Jun 19 2015 00:00:00 GMT+0530 (India Standard Time)","8201.15","8250.79","8195.65","8224.90"
"Mon Jun 22 2015 00:00:00 GMT+0530 (India Standard Time)","8259.29","8369.45","8257.40","8353.10"
"Tue Jun 23 2015 00:00:00 GMT+0530 (India Standard Time)","8377.45","8398.45","8334.95","8381.55"
"Wed Jun 24 2015 00:00:00 GMT+0530 (India Standard Time)","8399.40","8421.35","8338.90","8360.85"
"Thu Jun 25 2015 00:00:00 GMT+0530 (India Standard Time)","8336.25","8423.15","8329.50","8398.00"
"Fri Jun 26 2015 00:00:00 GMT+0530 (India Standard Time)","8393.95","8408.54","8339.70","8381.10"
"Mon Jun 29 2015 00:00:00 GMT+0530 (India Standard Time)","8247.04","8329.45","8195.65","8318.40"
"Tue Jun 30 2015 00:00:00 GMT+0530 (India Standard Time)","8316.35","8378.00","8298.95","8368.50"
"Wed Jul 01 2015 00:00:00 GMT+0530 (India Standard Time)","8376.25","8481.60","8370.15","8453.05"
"Thu Jul 02 2015 00:00:00 GMT+0530 (India Standard Time)","8471.95","8479.25","8433.20","8444.90"
"Fri Jul 03 2015 00:00:00 GMT+0530 (India Standard Time)","8440.10","8497.75","8424.15","8484.90"
"Mon Jul 06 2015 00:00:00 GMT+0530 (India Standard Time)","8386.15","8533.15","8386.15","8522.15"
"Tue Jul 07 2015 00:00:00 GMT+0530 (India Standard Time)","8525.50","8561.35","8483.85","8510.80"
"Wed Jul 08 2015 00:00:00 GMT+0530 (India Standard Time)","8439.20","8457.50","8341.40","8363.05"
"Thu Jul 09 2015 00:00:00 GMT+0530 (India Standard Time)","8364.85","8400.29","8323.00","8328.55"
"Fri Jul 10 2015 00:00:00 GMT+0530 (India Standard Time)","8365.70","8377.10","8315.40","8360.55"
"Mon Jul 13 2015 00:00:00 GMT+0530 (India Standard Time)","8397.25","8471.65","8355.40","8459.65"
"Tue Jul 14 2015 00:00:00 GMT+0530 (India Standard Time)","8470.60","8480.25","8424.10","8454.10"
"Wed Jul 15 2015 00:00:00 GMT+0530 (India Standard Time)","8463.40","8531.40","8462.95","8523.80"
"Thu Jul 16 2015 00:00:00 GMT+0530 (India Standard Time)","8546.15","8616.10","8542.90","8608.05"
"Fri Jul 17 2015 00:00:00 GMT+0530 (India Standard Time)","8623.65","8642.95","8593.15","8609.85"
"Mon Jul 20 2015 00:00:00 GMT+0530 (India Standard Time)","8623.90","8624.10","8559.00","8603.45"
"Tue Jul 21 2015 00:00:00 GMT+0530 (India Standard Time)","8601.50","8646.75","8517.90","8529.45"
"Wed Jul 22 2015 00:00:00 GMT+0530 (India Standard Time)","8512.25","8643.90","8498.65","8633.50"
"Thu Jul 23 2015 00:00:00 GMT+0530 (India Standard Time)","8643.95","8654.75","8573.79","8589.80"
"Fri Jul 24 2015 00:00:00 GMT+0530 (India Standard Time)","8588.15","8589.15","8513.50","8521.55"
"Mon Jul 27 2015 00:00:00 GMT+0530 (India Standard Time)","8492.10","8492.20","8351.54","8361.00"
"Tue Jul 28 2015 00:00:00 GMT+0530 (India Standard Time)","8371.10","8397.40","8321.75","8337.00"
"Wed Jul 29 2015 00:00:00 GMT+0530 (India Standard Time)","8365.60","8381.50","8338.45","8375.05"
"Thu Jul 30 2015 00:00:00 GMT+0530 (India Standard Time)","8417.00","8458.90","8408.29","8421.80"
"Fri Jul 31 2015 00:00:00 GMT+0530 (India Standard Time)","8456.10","8548.95","8448.00","8532.85"
"Mon Aug 03 2015 00:00:00 GMT+0530 (India Standard Time)","8510.65","8563.95","8508.10","8543.05"
"Tue Aug 04 2015 00:00:00 GMT+0530 (India Standard Time)","8564.10","8565.15","8448.25","8516.90"
"Wed Aug 05 2015 00:00:00 GMT+0530 (India Standard Time)","8547.45","8591.85","8545.85","8567.95"
"Thu Aug 06 2015 00:00:00 GMT+0530 (India Standard Time)","8585.79","8606.29","8551.50","8588.65"
"Fri Aug 07 2015 00:00:00 GMT+0530 (India Standard Time)","8580.79","8595.95","8552.70","8564.60"
"Mon Aug 10 2015 00:00:00 GMT+0530 (India Standard Time)","8577.00","8621.54","8497.79","8607.55"
"Tue Aug 11 2015 00:00:00 GMT+0530 (India Standard Time)","8548.45","8556.25","8441.29","8462.35"
"Wed Aug 12 2015 00:00:00 GMT+0530 (India Standard Time)","8445.70","8446.95","8337.95","8349.45"
"Thu Aug 13 2015 00:00:00 GMT+0530 (India Standard Time)","8384.45","8429.50","8339.75","8355.85"
"Fri Aug 14 2015 00:00:00 GMT+0530 (India Standard Time)","8402.35","8530.10","8381.20","8518.55"
"Mon Aug 17 2015 00:00:00 GMT+0530 (India Standard Time)","8530.50","8530.60","8428.04","8477.30"
"Tue Aug 18 2015 00:00:00 GMT+0530 (India Standard Time)","8505.85","8525.75","8433.60","8466.55"
"Wed Aug 19 2015 00:00:00 GMT+0530 (India Standard Time)","8468.04","8520.45","8425.95","8495.15"
"Thu Aug 20 2015 00:00:00 GMT+0530 (India Standard Time)","8471.04","8501.35","8359.75","8372.75"
"Fri Aug 21 2015 00:00:00 GMT+0530 (India Standard Time)","8305.40","8322.20","8225.04","8299.95"
"Mon Aug 24 2015 00:00:00 GMT+0530 (India Standard Time)","8055.95","8060.05","7769.40","7809.00"
"Tue Aug 25 2015 00:00:00 GMT+0530 (India Standard Time)","7895.40","7925.40","7667.25","7880.70"
"Wed Aug 26 2015 00:00:00 GMT+0530 (India Standard Time)","7865.25","7930.05","7777.10","7791.85"
"Thu Aug 27 2015 00:00:00 GMT+0530 (India Standard Time)","7921.60","7963.60","7862.30","7948.95"
"Fri Aug 28 2015 00:00:00 GMT+0530 (India Standard Time)","8053.70","8091.80","7961.65","8001.95"
"Mon Aug 31 2015 00:00:00 GMT+0530 (India Standard Time)","8009.25","8043.60","7947.95","7971.30"
"Tue Sep 01 2015 00:00:00 GMT+0530 (India Standard Time)","7907.95","7929.10","7746.50","7785.85"
"Wed Sep 02 2015 00:00:00 GMT+0530 (India Standard Time)","7856.65","7862.55","7699.25","7717.00"
"Thu Sep 03 2015 00:00:00 GMT+0530 (India Standard Time)","7774.45","7845.60","7754.05","7823.00"
"Fri Sep 04 2015 00:00:00 GMT+0530 (India Standard Time)","7803.40","7804.90","7626.85","7655.05"
"Mon Sep 07 2015 00:00:00 GMT+0530 (India Standard Time)","7685.85","7705.05","7545.90","7558.80"
"Tue Sep 08 2015 00:00:00 GMT+0530 (India Standard Time)","7587.70","7720.90","7539.50","7688.25"
"Wed Sep 09 2015 00:00:00 GMT+0530 (India Standard Time)","7805.85","7846.05","7764.55","7818.60"
"Thu Sep 10 2015 00:00:00 GMT+0530 (India Standard Time)","7729.05","7819.85","7678.50","7788.10"
"Fri Sep 11 2015 00:00:00 GMT+0530 (India Standard Time)","7833.80","7864.85","7759.90","7789.30"
"Mon Sep 14 2015 00:00:00 GMT+0530 (India Standard Time)","7811.10","7879.95","7761.85","7872.25"
"Tue Sep 15 2015 00:00:00 GMT+0530 (India Standard Time)","7867.35","7880.00","7799.75","7829.10"
"Wed Sep 16 2015 00:00:00 GMT+0530 (India Standard Time)","7886.85","7913.90","7853.30","7899.15"
"Fri Sep 18 2015 00:00:00 GMT+0530 (India Standard Time)","7967.45","8055.00","7955.85","7981.90"
"Mon Sep 21 2015 00:00:00 GMT+0530 (India Standard Time)","7911.50","7987.90","7908.35","7977.10"
"Tue Sep 22 2015 00:00:00 GMT+0530 (India Standard Time)","8014.80","8021.60","7787.75","7812.00"
"Wed Sep 23 2015 00:00:00 GMT+0530 (India Standard Time)","7737.35","7882.90","7723.25","7845.95"
"Thu Sep 24 2015 00:00:00 GMT+0530 (India Standard Time)","7838.40","7894.50","7804.10","7868.50"
"Mon Sep 28 2015 00:00:00 GMT+0530 (India Standard Time)","7892.80","7893.95","7787.95","7795.70"
"Tue Sep 29 2015 00:00:00 GMT+0530 (India Standard Time)","7725.70","7926.55","7691.20","7843.30"
"Wed Sep 30 2015 00:00:00 GMT+0530 (India Standard Time)","7924.25","7957.70","7874.50","7948.90"
"Thu Oct 01 2015 00:00:00 GMT+0530 (India Standard Time)","7992.05","8008.25","7930.65","7950.90"
"Mon Oct 05 2015 00:00:00 GMT+0530 (India Standard Time)","8005.10","8128.90","8005.10","8119.30"
"Tue Oct 06 2015 00:00:00 GMT+0530 (India Standard Time)","8180.45","8180.95","8096.50","8152.90"
"Wed Oct 07 2015 00:00:00 GMT+0530 (India Standard Time)","8146.20","8188.90","8132.90","8177.40"
"Thu Oct 08 2015 00:00:00 GMT+0530 (India Standard Time)","8196.75","8196.75","8105.85","8129.35"
"Fri Oct 09 2015 00:00:00 GMT+0530 (India Standard Time)","8186.35","8232.20","8139.65","8189.70"
"Mon Oct 12 2015 00:00:00 GMT+0530 (India Standard Time)","8231.50","8244.50","8128.20","8143.60"
"Tue Oct 13 2015 00:00:00 GMT+0530 (India Standard Time)","8121.95","8150.25","8088.60","8131.70"
"Wed Oct 14 2015 00:00:00 GMT+0530 (India Standard Time)","8102.40","8139.30","8096.35","8107.90"
"Thu Oct 15 2015 00:00:00 GMT+0530 (India Standard Time)","8134.35","8190.55","8129.80","8179.50"
"Fri Oct 16 2015 00:00:00 GMT+0530 (India Standard Time)","8193.65","8246.40","8147.65","8238.15"
"Mon Oct 19 2015 00:00:00 GMT+0530 (India Standard Time)","8262.54","8283.04","8239.20","8275.05"
"Tue Oct 20 2015 00:00:00 GMT+0530 (India Standard Time)","8280.29","8294.04","8229.20","8261.65"
"Wed Oct 21 2015 00:00:00 GMT+0530 (India Standard Time)","8258.35","8294.40","8217.15","8251.70"
"Fri Oct 23 2015 00:00:00 GMT+0530 (India Standard Time)","8308.25","8328.10","8280.75","8295.45"
"Mon Oct 26 2015 00:00:00 GMT+0530 (India Standard Time)","8333.65","8336.29","8252.04","8260.55"
"Tue Oct 27 2015 00:00:00 GMT+0530 (India Standard Time)","8230.35","8241.95","8217.04","8232.90"
"Wed Oct 28 2015 00:00:00 GMT+0530 (India Standard Time)","8188.90","8209.10","8131.80","8171.20"
"Thu Oct 29 2015 00:00:00 GMT+0530 (India Standard Time)","8175.45","8179.60","8098.00","8111.75"
"Fri Oct 30 2015 00:00:00 GMT+0530 (India Standard Time)","8123.55","8146.10","8044.40","8065.80"
"Mon Nov 02 2015 00:00:00 GMT+0530 (India Standard Time)","8054.55","8060.70","7995.60","8050.80"
"Tue Nov 03 2015 00:00:00 GMT+0530 (India Standard Time)","8086.35","8100.35","8031.75","8060.70"
"Wed Nov 04 2015 00:00:00 GMT+0530 (India Standard Time)","8104.90","8116.10","8027.30","8040.20"
"Thu Nov 05 2015 00:00:00 GMT+0530 (India Standard Time)","8030.35","8031.20","7944.10","7955.45"
"Fri Nov 06 2015 00:00:00 GMT+0530 (India Standard Time)","7956.55","8002.65","7926.15","7954.30"
"Mon Nov 09 2015 00:00:00 GMT+0530 (India Standard Time)","7788.25","7937.75","7771.70","7915.20"
"Tue Nov 10 2015 00:00:00 GMT+0530 (India Standard Time)","7877.60","7885.10","7772.85","7783.35"
"Wed Nov 11 2015 00:00:00 GMT+0530 (India Standard Time)","7838.80","7847.95","7819.10","7825.00"
"Fri Nov 13 2015 00:00:00 GMT+0530 (India Standard Time)","7762.45","7775.10","7730.90","7762.25"
"Mon Nov 16 2015 00:00:00 GMT+0530 (India Standard Time)","7732.95","7838.85","7714.15","7806.60"
"Tue Nov 17 2015 00:00:00 GMT+0530 (India Standard Time)","7848.75","7860.45","7793.00","7837.55"
"Wed Nov 18 2015 00:00:00 GMT+0530 (India Standard Time)","7823.15","7843.40","7725.05","7731.80"
"Thu Nov 19 2015 00:00:00 GMT+0530 (India Standard Time)","7788.50","7854.90","7765.45","7842.75"
"Fri Nov 20 2015 00:00:00 GMT+0530 (India Standard Time)","7841.90","7906.95","7817.80","7856.55"
"Mon Nov 23 2015 00:00:00 GMT+0530 (India Standard Time)","7869.50","7877.50","7825.20","7849.25"
"Tue Nov 24 2015 00:00:00 GMT+0530 (India Standard Time)","7837.00","7870.35","7812.65","7831.60"
"Thu Nov 26 2015 00:00:00 GMT+0530 (India Standard Time)","7837.15","7897.10","7832.00","7883.80"
"Fri Nov 27 2015 00:00:00 GMT+0530 (India Standard Time)","7910.60","7959.30","7879.45","7942.70"
"Mon Nov 30 2015 00:00:00 GMT+0530 (India Standard Time)","7936.25","7966.00","7922.80","7935.25"
"Tue Dec 01 2015 00:00:00 GMT+0530 (India Standard Time)","7958.15","7972.15","7934.15","7954.90"
"Wed Dec 02 2015 00:00:00 GMT+0530 (India Standard Time)","7976.70","7979.30","7910.80","7931.35"
"Thu Dec 03 2015 00:00:00 GMT+0530 (India Standard Time)","7902.30","7912.30","7853.30","7864.15"
"Fri Dec 04 2015 00:00:00 GMT+0530 (India Standard Time)","7817.60","7821.40","7775.70","7781.90"
"Mon Dec 07 2015 00:00:00 GMT+0530 (India Standard Time)","7816.55","7825.40","7746.05","7765.40"
"Tue Dec 08 2015 00:00:00 GMT+0530 (India Standard Time)","7738.50","7771.25","7685.45","7701.70"
"Wed Dec 09 2015 00:00:00 GMT+0530 (India Standard Time)","7695.50","7702.85","7606.90","7612.50"
"Thu Dec 10 2015 00:00:00 GMT+0530 (India Standard Time)","7643.30","7691.95","7610.00","7683.30"
"Fri Dec 11 2015 00:00:00 GMT+0530 (India Standard Time)","7699.60","7703.05","7575.30","7610.45"
"Mon Dec 14 2015 00:00:00 GMT+0530 (India Standard Time)","7558.20","7663.95","7551.05","7650.05"
"Tue Dec 15 2015 00:00:00 GMT+0530 (India Standard Time)","7659.15","7705.00","7625.10","7700.90"
"Wed Dec 16 2015 00:00:00 GMT+0530 (India Standard Time)","7725.25","7776.60","7715.75","7750.90"
"Thu Dec 17 2015 00:00:00 GMT+0530 (India Standard Time)","7783.05","7852.90","7737.55","7844.35"
"Fri Dec 18 2015 00:00:00 GMT+0530 (India Standard Time)","7828.90","7836.15","7753.35","7761.95"
"Mon Dec 21 2015 00:00:00 GMT+0530 (India Standard Time)","7745.65","7840.75","7733.45","7834.45"
"Tue Dec 22 2015 00:00:00 GMT+0530 (India Standard Time)","7829.40","7846.30","7776.85","7786.10"
"Wed Dec 23 2015 00:00:00 GMT+0530 (India Standard Time)","7830.45","7871.45","7826.10","7865.95"
"Thu Dec 24 2015 00:00:00 GMT+0530 (India Standard Time)","7888.75","7888.75","7835.50","7861.05"
"Mon Dec 28 2015 00:00:00 GMT+0530 (India Standard Time)","7863.20","7937.20","7863.00","7925.15"
"Tue Dec 29 2015 00:00:00 GMT+0530 (India Standard Time)","7929.20","7942.15","7902.75","7928.95"
"Wed Dec 30 2015 00:00:00 GMT+0530 (India Standard Time)","7938.60","7944.75","7889.85","7896.25"
"Thu Dec 31 2015 00:00:00 GMT+0530 (India Standard Time)","7897.80","7955.55","7891.15","7946.35"
"Fri Jan 01 2016 00:00:00 GMT+0530 (India Standard Time)","7938.45","7972.55","7909.80","7963.20"
"Mon Jan 04 2016 00:00:00 GMT+0530 (India Standard Time)","7924.55","7937.55","7781.10","7791.30"
"Tue Jan 05 2016 00:00:00 GMT+0530 (India Standard Time)","7828.40","7831.20","7763.25","7784.65"
"Wed Jan 06 2016 00:00:00 GMT+0530 (India Standard Time)","7788.05","7800.95","7721.20","7741.00"
"Thu Jan 07 2016 00:00:00 GMT+0530 (India Standard Time)","7673.35","7674.95","7556.60","7568.30"
"Fri Jan 08 2016 00:00:00 GMT+0530 (India Standard Time)","7611.65","7634.10","7581.05","7601.35"
"Mon Jan 11 2016 00:00:00 GMT+0530 (India Standard Time)","7527.45","7605.10","7494.35","7563.85"
"Tue Jan 12 2016 00:00:00 GMT+0530 (India Standard Time)","7587.20","7588.30","7487.80","7510.30"
"Wed Jan 13 2016 00:00:00 GMT+0530 (India Standard Time)","7557.90","7590.95","7425.80","7562.40"
"Thu Jan 14 2016 00:00:00 GMT+0530 (India Standard Time)","7467.40","7604.80","7443.80","7536.80"
"Fri Jan 15 2016 00:00:00 GMT+0530 (India Standard Time)","7561.65","7566.50","7427.30","7437.80"
"Mon Jan 18 2016 00:00:00 GMT+0530 (India Standard Time)","7420.35","7463.65","7336.40","7351.00"
"Tue Jan 19 2016 00:00:00 GMT+0530 (India Standard Time)","7381.80","7462.75","7364.15","7435.10"
"Wed Jan 20 2016 00:00:00 GMT+0530 (India Standard Time)","7357.00","7470.90","7241.50","7309.30"
"Thu Jan 21 2016 00:00:00 GMT+0530 (India Standard Time)","7376.65","7398.70","7250.00","7276.80"
"Fri Jan 22 2016 00:00:00 GMT+0530 (India Standard Time)","7355.70","7433.40","7327.60","7422.45"
"Mon Jan 25 2016 00:00:00 GMT+0530 (India Standard Time)","7468.75","7487.15","7421.20","7436.15"
"Wed Jan 27 2016 00:00:00 GMT+0530 (India Standard Time)","7469.60","7477.90","7419.70","7437.75"
"Thu Jan 28 2016 00:00:00 GMT+0530 (India Standard Time)","7426.50","7468.85","7409.60","7424.65"
"Fri Jan 29 2016 00:00:00 GMT+0530 (India Standard Time)","7413.35","7575.65","7402.80","7563.55"
"Mon Feb 01 2016 00:00:00 GMT+0530 (India Standard Time)","7589.50","7600.45","7541.25","7555.95"
"Tue Feb 02 2016 00:00:00 GMT+0530 (India Standard Time)","7566.65","7576.30","7428.05","7455.55"
"Wed Feb 03 2016 00:00:00 GMT+0530 (India Standard Time)","7392.45","7419.40","7350.30","7361.80"
"Thu Feb 04 2016 00:00:00 GMT+0530 (India Standard Time)","7411.45","7457.05","7365.95","7404.00"
"Fri Feb 05 2016 00:00:00 GMT+0530 (India Standard Time)","7418.25","7503.15","7406.65","7489.10"
"Mon Feb 08 2016 00:00:00 GMT+0530 (India Standard Time)","7489.70","7512.55","7363.20","7387.25"
"Tue Feb 09 2016 00:00:00 GMT+0530 (India Standard Time)","7303.95","7323.45","7275.15","7298.20"
"Wed Feb 10 2016 00:00:00 GMT+0530 (India Standard Time)","7264.30","7271.85","7177.75","7215.70"
"Thu Feb 11 2016 00:00:00 GMT+0530 (India Standard Time)","7203.60","7208.65","6959.95","6976.35"
"Fri Feb 12 2016 00:00:00 GMT+0530 (India Standard Time)","7023.65","7034.80","6869.00","6980.95"
"Mon Feb 15 2016 00:00:00 GMT+0530 (India Standard Time)","7057.35","7182.80","7056.80","7162.95"
"Tue Feb 16 2016 00:00:00 GMT+0530 (India Standard Time)","7201.25","7204.65","7037.70","7048.25"
"Wed Feb 17 2016 00:00:00 GMT+0530 (India Standard Time)","7058.85","7123.70","6960.65","7108.45"
"Thu Feb 18 2016 00:00:00 GMT+0530 (India Standard Time)","7177.40","7215.10","7127.85","7191.75"
"Fri Feb 19 2016 00:00:00 GMT+0530 (India Standard Time)","7170.55","7226.85","7145.95","7210.75"
"Mon Feb 22 2016 00:00:00 GMT+0530 (India Standard Time)","7208.85","7252.40","7200.70","7234.55"
"Tue Feb 23 2016 00:00:00 GMT+0530 (India Standard Time)","7240.30","7241.70","7090.70","7109.55"
"Wed Feb 24 2016 00:00:00 GMT+0530 (India Standard Time)","7075.00","7090.80","7009.75","7018.70"
"Thu Feb 25 2016 00:00:00 GMT+0530 (India Standard Time)","7029.85","7034.20","6961.40","6970.60"
"Fri Feb 26 2016 00:00:00 GMT+0530 (India Standard Time)","7039.30","7052.90","6985.10","7029.75"
"Mon Feb 29 2016 00:00:00 GMT+0530 (India Standard Time)","7050.45","7094.60","6825.80","6987.05"
"Tue Mar 01 2016 00:00:00 GMT+0530 (India Standard Time)","7038.25","7235.50","7035.10","7222.30"
"Wed Mar 02 2016 00:00:00 GMT+0530 (India Standard Time)","7321.70","7380.35","7308.15","7368.85"
"Thu Mar 03 2016 00:00:00 GMT+0530 (India Standard Time)","7429.55","7483.95","7406.05","7475.60"
"Fri Mar 04 2016 00:00:00 GMT+0530 (India Standard Time)","7505.40","7505.90","7444.10","7485.35"
"Tue Mar 08 2016 00:00:00 GMT+0530 (India Standard Time)","7486.40","7527.15","7442.15","7485.30"
"Wed Mar 09 2016 00:00:00 GMT+0530 (India Standard Time)","7436.10","7539.00","7424.30","7531.80"
"Thu Mar 10 2016 00:00:00 GMT+0530 (India Standard Time)","7545.35","7547.10","7447.40","7486.15"
"Fri Mar 11 2016 00:00:00 GMT+0530 (India Standard Time)","7484.85","7543.95","7460.60","7510.20"
"Mon Mar 14 2016 00:00:00 GMT+0530 (India Standard Time)","7542.60","7583.70","7515.05","7538.75"
"Tue Mar 15 2016 00:00:00 GMT+0530 (India Standard Time)","7535.85","7545.20","7452.80","7460.60"
"Wed Mar 16 2016 00:00:00 GMT+0530 (India Standard Time)","7457.05","7508.00","7405.15","7498.75"
"Thu Mar 17 2016 00:00:00 GMT+0530 (India Standard Time)","7557.40","7585.30","7479.40","7512.55"
"Fri Mar 18 2016 00:00:00 GMT+0530 (India Standard Time)","7534.65","7613.60","7517.90","7604.35"
"Mon Mar 21 2016 00:00:00 GMT+0530 (India Standard Time)","7619.20","7713.55","7617.70","7704.25"
"Tue Mar 22 2016 00:00:00 GMT+0530 (India Standard Time)","7695.55","7728.20","7643.80","7714.90"
"Wed Mar 23 2016 00:00:00 GMT+0530 (India Standard Time)","7717.45","7726.85","7670.60","7716.50"
"Mon Mar 28 2016 00:00:00 GMT+0530 (India Standard Time)","7741.00","7749.40","7587.70","7615.10"
"Tue Mar 29 2016 00:00:00 GMT+0530 (India Standard Time)","7606.55","7652.90","7582.25","7597.00"
"Wed Mar 30 2016 00:00:00 GMT+0530 (India Standard Time)","7651.10","7741.95","7643.45","7735.20"
"Thu Mar 31 2016 00:00:00 GMT+0530 (India Standard Time)","7727.65","7777.60","7702.00","7738.40"
"Fri Apr 01 2016 00:00:00 GMT+0530 (India Standard Time)","7718.05","7740.15","7666.10","7713.05"
"Mon Apr 04 2016 00:00:00 GMT+0530 (India Standard Time)","7733.15","7764.45","7704.40","7758.80"
"Tue Apr 05 2016 00:00:00 GMT+0530 (India Standard Time)","7736.30","7736.30","7588.65","7603.20"
"Wed Apr 06 2016 00:00:00 GMT+0530 (India Standard Time)","7636.05","7638.65","7591.75","7614.35"
"Thu Apr 07 2016 00:00:00 GMT+0530 (India Standard Time)","7630.40","7630.75","7535.85","7546.45"
"Fri Apr 08 2016 00:00:00 GMT+0530 (India Standard Time)","7542.35","7569.35","7526.70","7555.20"
"Mon Apr 11 2016 00:00:00 GMT+0530 (India Standard Time)","7577.80","7678.80","7516.85","7671.40"
"Tue Apr 12 2016 00:00:00 GMT+0530 (India Standard Time)","7669.25","7717.40","7663.35","7708.95"
"Wed Apr 13 2016 00:00:00 GMT+0530 (India Standard Time)","7777.15","7864.80","7772.20","7850.45"
"Mon Apr 18 2016 00:00:00 GMT+0530 (India Standard Time)","7908.15","7920.60","7842.75","7914.70"
"Wed Apr 20 2016 00:00:00 GMT+0530 (India Standard Time)","7950.05","7950.40","7877.55","7914.75"
"Thu Apr 21 2016 00:00:00 GMT+0530 (India Standard Time)","7953.65","7978.45","7884.10","7912.05"
"Fri Apr 22 2016 00:00:00 GMT+0530 (India Standard Time)","7891.80","7923.35","7873.35","7899.30"
"Mon Apr 25 2016 00:00:00 GMT+0530 (India Standard Time)","7894.80","7911.00","7827.00","7855.05"
"Tue Apr 26 2016 00:00:00 GMT+0530 (India Standard Time)","7828.15","7974.50","7822.55","7962.65"
"Wed Apr 27 2016 00:00:00 GMT+0530 (India Standard Time)","7942.00","7991.00","7940.55","7979.90"
"Thu Apr 28 2016 00:00:00 GMT+0530 (India Standard Time)","7967.40","7992.00","7834.45","7847.25"
"Fri Apr 29 2016 00:00:00 GMT+0530 (India Standard Time)","7844.25","7889.05","7788.70","7849.80"
"Mon May 02 2016 00:00:00 GMT+0530 (India Standard Time)","7822.70","7829.80","7777.30","7805.90"
"Tue May 03 2016 00:00:00 GMT+0530 (India Standard Time)","7824.80","7890.25","7735.15","7747.00"
"Wed May 04 2016 00:00:00 GMT+0530 (India Standard Time)","7724.15","7749.00","7697.25","7706.55"
"Thu May 05 2016 00:00:00 GMT+0530 (India Standard Time)","7731.00","7777.55","7706.85","7735.50"
"Fri May 06 2016 00:00:00 GMT+0530 (India Standard Time)","7717.65","7738.90","7678.35","7733.45"
"Mon May 09 2016 00:00:00 GMT+0530 (India Standard Time)","7755.25","7873.65","7753.55","7866.05"
"Tue May 10 2016 00:00:00 GMT+0530 (India Standard Time)","7873.55","7896.90","7837.70","7887.80"
"Wed May 11 2016 00:00:00 GMT+0530 (India Standard Time)","7804.65","7893.10","7780.90","7848.85"
"Thu May 12 2016 00:00:00 GMT+0530 (India Standard Time)","7871.45","7916.05","7849.65","7900.40"
"Fri May 13 2016 00:00:00 GMT+0530 (India Standard Time)","7881.00","7881.00","7784.20","7814.90"
"Mon May 16 2016 00:00:00 GMT+0530 (India Standard Time)","7831.20","7873.90","7772.15","7860.75"
"Tue May 17 2016 00:00:00 GMT+0530 (India Standard Time)","7896.85","7940.10","7879.70","7890.75"
"Wed May 18 2016 00:00:00 GMT+0530 (India Standard Time)","7846.75","7882.05","7810.75","7870.15"
"Thu May 19 2016 00:00:00 GMT+0530 (India Standard Time)","7875.50","7876.20","7766.80","7783.40"
"Fri May 20 2016 00:00:00 GMT+0530 (India Standard Time)","7792.20","7812.40","7735.75","7749.70"
"Mon May 23 2016 00:00:00 GMT+0530 (India Standard Time)","7813.95","7820.60","7722.20","7731.05"
"Tue May 24 2016 00:00:00 GMT+0530 (India Standard Time)","7738.05","7761.55","7715.80","7748.85"
"Wed May 25 2016 00:00:00 GMT+0530 (India Standard Time)","7811.80","7941.20","7809.30","7934.90"
"Thu May 26 2016 00:00:00 GMT+0530 (India Standard Time)","7974.45","8083.00","7948.50","8069.65"
"Fri May 27 2016 00:00:00 GMT+0530 (India Standard Time)","8081.95","8164.20","8077.05","8156.65"
"Mon May 30 2016 00:00:00 GMT+0530 (India Standard Time)","8166.50","8200.00","8150.80","8178.50"
"Tue May 31 2016 00:00:00 GMT+0530 (India Standard Time)","8209.85","8213.60","8134.30","8160.10"
"Wed Jun 01 2016 00:00:00 GMT+0530 (India Standard Time)","8179.20","8215.35","8171.05","8179.95"
"Thu Jun 02 2016 00:00:00 GMT+0530 (India Standard Time)","8156.90","8229.50","8154.75","8218.95"
"Fri Jun 03 2016 00:00:00 GMT+0530 (India Standard Time)","8246.20","8262.00","8209.85","8220.80"
"Mon Jun 06 2016 00:00:00 GMT+0530 (India Standard Time)","8228.75","8234.70","8186.05","8201.05"
"Tue Jun 07 2016 00:00:00 GMT+0530 (India Standard Time)","8235.54","8294.95","8216.40","8266.45"
"Wed Jun 08 2016 00:00:00 GMT+0530 (India Standard Time)","8285.50","8288.90","8252.04","8273.05"
"Thu Jun 09 2016 00:00:00 GMT+0530 (India Standard Time)","8273.35","8273.35","8184.60","8203.60"
"Fri Jun 10 2016 00:00:00 GMT+0530 (India Standard Time)","8180.25","8265.60","8162.85","8170.05"
"Mon Jun 13 2016 00:00:00 GMT+0530 (India Standard Time)","8102.25","8125.25","8063.90","8110.60"
"Tue Jun 14 2016 00:00:00 GMT+0530 (India Standard Time)","8134.40","8134.95","8069.50","8108.85"
"Wed Jun 15 2016 00:00:00 GMT+0530 (India Standard Time)","8139.40","8213.20","8123.15","8206.60"
"Thu Jun 16 2016 00:00:00 GMT+0530 (India Standard Time)","8180.65","8180.65","8074.45","8140.75"
"Fri Jun 17 2016 00:00:00 GMT+0530 (India Standard Time)","8176.65","8195.25","8135.80","8170.20"
"Mon Jun 20 2016 00:00:00 GMT+0530 (India Standard Time)","8115.75","8244.15","8107.35","8238.50"
"Tue Jun 21 2016 00:00:00 GMT+0530 (India Standard Time)","8255.40","8257.25","8202.15","8219.90"
"Wed Jun 22 2016 00:00:00 GMT+0530 (India Standard Time)","8213.65","8238.35","8153.25","8203.70"
"Thu Jun 23 2016 00:00:00 GMT+0530 (India Standard Time)","8201.15","8285.60","8188.30","8270.45"
"Fri Jun 24 2016 00:00:00 GMT+0530 (India Standard Time)","8029.10","8100.70","7927.05","8088.60"
"Mon Jun 27 2016 00:00:00 GMT+0530 (India Standard Time)","8039.35","8120.65","8039.35","8094.70"
"Tue Jun 28 2016 00:00:00 GMT+0530 (India Standard Time)","8096.05","8146.35","8086.85","8127.85"
"Wed Jun 29 2016 00:00:00 GMT+0530 (India Standard Time)","8173.10","8212.40","8157.65","8204.00"
"Thu Jun 30 2016 00:00:00 GMT+0530 (India Standard Time)","8260.25","8308.15","8242.10","8287.75"
"Fri Jul 01 2016 00:00:00 GMT+0530 (India Standard Time)","8313.04","8356.75","8308.65","8328.35"
"Mon Jul 04 2016 00:00:00 GMT+0530 (India Standard Time)","8376.75","8398.45","8364.70","8370.70"
"Tue Jul 05 2016 00:00:00 GMT+0530 (India Standard Time)","8379.29","8381.45","8319.95","8335.95"
"Thu Jul 07 2016 00:00:00 GMT+0530 (India Standard Time)","8342.00","8361.95","8317.70","8337.90"
"Fri Jul 08 2016 00:00:00 GMT+0530 (India Standard Time)","8350.00","8353.30","8287.54","8323.20"
"Mon Jul 11 2016 00:00:00 GMT+0530 (India Standard Time)","8413.35","8475.25","8407.04","8467.90"
"Tue Jul 12 2016 00:00:00 GMT+0530 (India Standard Time)","8502.60","8526.60","8479.20","8521.05"
"Wed Jul 13 2016 00:00:00 GMT+0530 (India Standard Time)","8540.45","8550.25","8493.54","8519.50"
"Thu Jul 14 2016 00:00:00 GMT+0530 (India Standard Time)","8515.75","8571.40","8500.70","8565.00"
"Fri Jul 15 2016 00:00:00 GMT+0530 (India Standard Time)","8565.45","8594.80","8510.04","8541.40"
"Mon Jul 18 2016 00:00:00 GMT+0530 (India Standard Time)","8564.04","8587.10","8494.35","8508.70"
"Tue Jul 19 2016 00:00:00 GMT+0530 (India Standard Time)","8514.29","8540.05","8476.70","8528.55"
"Wed Jul 20 2016 00:00:00 GMT+0530 (India Standard Time)","8515.45","8569.90","8512.54","8565.85"
"Thu Jul 21 2016 00:00:00 GMT+0530 (India Standard Time)","8582.70","8585.25","8503.45","8510.10"
"Fri Jul 22 2016 00:00:00 GMT+0530 (India Standard Time)","8519.65","8548.95","8489.79","8541.20"
"Mon Jul 25 2016 00:00:00 GMT+0530 (India Standard Time)","8519.95","8641.15","8517.20","8635.65"
"Tue Jul 26 2016 00:00:00 GMT+0530 (India Standard Time)","8633.75","8644.90","8577.15","8590.65"
"Wed Jul 27 2016 00:00:00 GMT+0530 (India Standard Time)","8599.40","8665.00","8572.04","8615.80"
"Thu Jul 28 2016 00:00:00 GMT+0530 (India Standard Time)","8636.95","8674.70","8625.25","8666.30"
"Fri Jul 29 2016 00:00:00 GMT+0530 (India Standard Time)","8668.29","8670.35","8631.15","8638.50"
"Mon Aug 01 2016 00:00:00 GMT+0530 (India Standard Time)","8654.29","8711.30","8590.50","8636.55"
"Tue Aug 02 2016 00:00:00 GMT+0530 (India Standard Time)","8647.45","8687.20","8611.40","8622.90"
"Wed Aug 03 2016 00:00:00 GMT+0530 (India Standard Time)","8635.20","8635.45","8529.60","8544.85"
"Thu Aug 04 2016 00:00:00 GMT+0530 (India Standard Time)","8599.95","8601.40","8518.15","8551.10"
"Fri Aug 05 2016 00:00:00 GMT+0530 (India Standard Time)","8600.20","8689.40","8590.15","8683.15"
"Mon Aug 08 2016 00:00:00 GMT+0530 (India Standard Time)","8712.85","8723.50","8697.60","8711.35"
"Tue Aug 09 2016 00:00:00 GMT+0530 (India Standard Time)","8727.79","8728.35","8638.20","8678.25"
"Wed Aug 10 2016 00:00:00 GMT+0530 (India Standard Time)","8686.70","8690.10","8564.60","8575.30"
"Thu Aug 11 2016 00:00:00 GMT+0530 (India Standard Time)","8572.79","8601.15","8540.04","8592.15"
"Fri Aug 12 2016 00:00:00 GMT+0530 (India Standard Time)","8605.45","8684.30","8604.45","8672.15"
"Tue Aug 16 2016 00:00:00 GMT+0530 (India Standard Time)","8670.25","8682.35","8600.45","8642.55"
"Wed Aug 17 2016 00:00:00 GMT+0530 (India Standard Time)","8639.79","8667.10","8603.60","8624.05"
"Thu Aug 18 2016 00:00:00 GMT+0530 (India Standard Time)","8648.85","8690.70","8645.04","8673.25"
"Fri Aug 19 2016 00:00:00 GMT+0530 (India Standard Time)","8694.29","8696.60","8647.10","8666.90"
"Mon Aug 22 2016 00:00:00 GMT+0530 (India Standard Time)","8667.00","8684.85","8614.00","8629.15"
"Tue Aug 23 2016 00:00:00 GMT+0530 (India Standard Time)","8628.35","8642.15","8580.00","8632.60"
"Wed Aug 24 2016 00:00:00 GMT+0530 (India Standard Time)","8648.50","8661.05","8620.90","8650.30"
"Thu Aug 25 2016 00:00:00 GMT+0530 (India Standard Time)","8668.85","8683.05","8583.65","8592.20"
"Fri Aug 26 2016 00:00:00 GMT+0530 (India Standard Time)","8614.35","8622.95","8547.54","8572.55"
"Mon Aug 29 2016 00:00:00 GMT+0530 (India Standard Time)","8583.75","8622.00","8543.75","8607.45"
"Tue Aug 30 2016 00:00:00 GMT+0530 (India Standard Time)","8646.75","8750.60","8642.25","8744.35"
"Wed Aug 31 2016 00:00:00 GMT+0530 (India Standard Time)","8754.04","8819.20","8754.04","8786.20"
"Thu Sep 01 2016 00:00:00 GMT+0530 (India Standard Time)","8793.60","8813.25","8759.95","8774.65"
"Fri Sep 02 2016 00:00:00 GMT+0530 (India Standard Time)","8796.35","8824.10","8768.20","8809.65"
"Tue Sep 06 2016 00:00:00 GMT+0530 (India Standard Time)","8852.70","8950.85","8848.45","8943.00"
"Wed Sep 07 2016 00:00:00 GMT+0530 (India Standard Time)","8968.70","8968.70","8913.35","8917.95"
"Thu Sep 08 2016 00:00:00 GMT+0530 (India Standard Time)","8915.50","8960.35","8896.00","8952.50"
"Fri Sep 09 2016 00:00:00 GMT+0530 (India Standard Time)","8934.29","8939.15","8858.70","8866.70"
"Mon Sep 12 2016 00:00:00 GMT+0530 (India Standard Time)","8732.95","8746.95","8699.40","8715.60"
"Wed Sep 14 2016 00:00:00 GMT+0530 (India Standard Time)","8710.65","8739.85","8688.90","8726.60"
"Thu Sep 15 2016 00:00:00 GMT+0530 (India Standard Time)","8743.85","8751.95","8704.35","8742.55"
"Fri Sep 16 2016 00:00:00 GMT+0530 (India Standard Time)","8780.85","8847.65","8750.50","8779.85"
"Mon Sep 19 2016 00:00:00 GMT+0530 (India Standard Time)","8788.45","8824.30","8774.20","8808.40"
"Tue Sep 20 2016 00:00:00 GMT+0530 (India Standard Time)","8816.10","8816.45","8759.29","8775.90"
"Wed Sep 21 2016 00:00:00 GMT+0530 (India Standard Time)","8790.29","8826.85","8757.29","8777.15"
"Thu Sep 22 2016 00:00:00 GMT+0530 (India Standard Time)","8873.35","8893.35","8837.79","8867.45"
"Fri Sep 23 2016 00:00:00 GMT+0530 (India Standard Time)","8880.75","8885.20","8820.29","8831.55"
"Mon Sep 26 2016 00:00:00 GMT+0530 (India Standard Time)","8807.90","8809.55","8715.10","8723.05"
"Tue Sep 27 2016 00:00:00 GMT+0530 (India Standard Time)","8748.90","8768.50","8690.50","8706.40"
"Wed Sep 28 2016 00:00:00 GMT+0530 (India Standard Time)","8711.20","8767.05","8703.15","8745.15"
"Thu Sep 29 2016 00:00:00 GMT+0530 (India Standard Time)","8792.70","8800.65","8558.25","8591.25"
"Fri Sep 30 2016 00:00:00 GMT+0530 (India Standard Time)","8581.50","8637.15","8555.20","8611.15"
"Mon Oct 03 2016 00:00:00 GMT+0530 (India Standard Time)","8666.15","8745.20","8635.00","8738.10"
"Tue Oct 04 2016 00:00:00 GMT+0530 (India Standard Time)","8770.00","8783.65","8736.10","8769.15"
"Wed Oct 05 2016 00:00:00 GMT+0530 (India Standard Time)","8806.35","8806.95","8731.40","8743.95"
"Thu Oct 06 2016 00:00:00 GMT+0530 (India Standard Time)","8768.70","8781.15","8684.65","8709.55"
"Fri Oct 07 2016 00:00:00 GMT+0530 (India Standard Time)","8721.70","8723.70","8663.79","8697.60"
"Mon Oct 10 2016 00:00:00 GMT+0530 (India Standard Time)","8735.35","8745.80","8703.95","8708.80"
"Thu Oct 13 2016 00:00:00 GMT+0530 (India Standard Time)","8671.50","8681.55","8541.35","8573.35"
"Fri Oct 14 2016 00:00:00 GMT+0530 (India Standard Time)","8594.00","8604.45","8549.79","8583.40"
"Mon Oct 17 2016 00:00:00 GMT+0530 (India Standard Time)","8612.95","8615.40","8506.15","8520.40"
"Tue Oct 18 2016 00:00:00 GMT+0530 (India Standard Time)","8556.04","8685.10","8555.90","8677.90"
"Wed Oct 19 2016 00:00:00 GMT+0530 (India Standard Time)","8697.50","8698.75","8636.70","8659.10"
"Thu Oct 20 2016 00:00:00 GMT+0530 (India Standard Time)","8693.35","8727.00","8678.29","8699.40"
"Fri Oct 21 2016 00:00:00 GMT+0530 (India Standard Time)","8708.60","8709.10","8652.04","8693.05"
"Mon Oct 24 2016 00:00:00 GMT+0530 (India Standard Time)","8709.85","8736.95","8684.15","8708.95"
"Tue Oct 25 2016 00:00:00 GMT+0530 (India Standard Time)","8721.70","8722.65","8663.45","8691.30"
"Wed Oct 26 2016 00:00:00 GMT+0530 (India Standard Time)","8657.29","8657.30","8596.60","8615.25"
"Thu Oct 27 2016 00:00:00 GMT+0530 (India Standard Time)","8607.10","8624.85","8550.25","8615.25"
"Fri Oct 28 2016 00:00:00 GMT+0530 (India Standard Time)","8625.00","8653.75","8581.75","8638.00"
"Sun Oct 30 2016 00:00:00 GMT+0530 (India Standard Time)","8672.35","8678.25","8616.25","8625.70"
"Tue Nov 01 2016 00:00:00 GMT+0530 (India Standard Time)","8653.15","8669.60","8614.50","8626.25"
"Wed Nov 02 2016 00:00:00 GMT+0530 (India Standard Time)","8542.79","8549.50","8504.85","8514.00"
"Thu Nov 03 2016 00:00:00 GMT+0530 (India Standard Time)","8499.85","8537.65","8476.15","8484.95"
"Fri Nov 04 2016 00:00:00 GMT+0530 (India Standard Time)","8503.60","8504.00","8400.25","8433.75"
"Mon Nov 07 2016 00:00:00 GMT+0530 (India Standard Time)","8535.75","8535.85","8481.45","8497.05"
"Tue Nov 08 2016 00:00:00 GMT+0530 (India Standard Time)","8540.00","8559.40","8480.10","8543.55"
"Wed Nov 09 2016 00:00:00 GMT+0530 (India Standard Time)","8067.50","8476.20","8002.25","8432.00"
"Thu Nov 10 2016 00:00:00 GMT+0530 (India Standard Time)","8555.60","8598.45","8510.70","8525.75"
"Fri Nov 11 2016 00:00:00 GMT+0530 (India Standard Time)","8456.65","8460.60","8284.95","8296.30"
"Tue Nov 15 2016 00:00:00 GMT+0530 (India Standard Time)","8284.85","8288.55","8093.20","8108.45"
"Wed Nov 16 2016 00:00:00 GMT+0530 (India Standard Time)","8205.65","8210.05","8089.40","8111.60"
"Thu Nov 17 2016 00:00:00 GMT+0530 (India Standard Time)","8105.10","8151.25","8060.30","8079.95"
"Fri Nov 18 2016 00:00:00 GMT+0530 (India Standard Time)","8097.55","8128.95","8048.30","8074.10"
"Mon Nov 21 2016 00:00:00 GMT+0530 (India Standard Time)","8102.10","8102.45","7916.40","7929.10"
"Tue Nov 22 2016 00:00:00 GMT+0530 (India Standard Time)","7989.15","8019.05","7938.15","8002.30"
"Wed Nov 23 2016 00:00:00 GMT+0530 (India Standard Time)","8051.20","8055.20","7973.10","8033.30"
"Thu Nov 24 2016 00:00:00 GMT+0530 (India Standard Time)","8011.80","8024.85","7952.55","7965.50"
"Fri Nov 25 2016 00:00:00 GMT+0530 (India Standard Time)","8007.95","8122.25","7976.75","8114.30"
"Mon Nov 28 2016 00:00:00 GMT+0530 (India Standard Time)","8080.65","8146.50","8066.50","8126.90"
"Tue Nov 29 2016 00:00:00 GMT+0530 (India Standard Time)","8131.55","8197.35","8128.70","8142.15"
"Wed Nov 30 2016 00:00:00 GMT+0530 (India Standard Time)","8172.15","8234.25","8139.25","8224.50"
"Thu Dec 01 2016 00:00:00 GMT+0530 (India Standard Time)","8244.00","8250.80","8185.05","8192.90"
"Fri Dec 02 2016 00:00:00 GMT+0530 (India Standard Time)","8153.55","8159.30","8070.05","8086.80"
"Mon Dec 05 2016 00:00:00 GMT+0530 (India Standard Time)","8088.75","8141.90","8056.85","8128.75"
"Tue Dec 06 2016 00:00:00 GMT+0530 (India Standard Time)","8153.15","8178.70","8130.85","8143.15"
"Wed Dec 07 2016 00:00:00 GMT+0530 (India Standard Time)","8168.40","8190.45","8077.50","8102.05"
"Thu Dec 08 2016 00:00:00 GMT+0530 (India Standard Time)","8152.10","8256.25","8151.75","8246.85"
"Fri Dec 09 2016 00:00:00 GMT+0530 (India Standard Time)","8271.70","8274.95","8241.95","8261.75"
"Mon Dec 12 2016 00:00:00 GMT+0530 (India Standard Time)","8230.65","8230.65","8154.45","8170.80"
"Tue Dec 13 2016 00:00:00 GMT+0530 (India Standard Time)","8196.15","8228.85","8155.80","8221.80"
"Wed Dec 14 2016 00:00:00 GMT+0530 (India Standard Time)","8229.35","8229.40","8165.10","8182.45"
"Thu Dec 15 2016 00:00:00 GMT+0530 (India Standard Time)","8128.40","8225.90","8121.95","8153.60"
"Fri Dec 16 2016 00:00:00 GMT+0530 (India Standard Time)","8178.20","8178.70","8127.45","8139.45"
"Mon Dec 19 2016 00:00:00 GMT+0530 (India Standard Time)","8126.00","8132.50","8094.85","8104.35"
"Tue Dec 20 2016 00:00:00 GMT+0530 (India Standard Time)","8110.60","8124.10","8062.75","8082.40"
"Wed Dec 21 2016 00:00:00 GMT+0530 (India Standard Time)","8105.85","8112.55","8053.25","8061.30"
"Thu Dec 22 2016 00:00:00 GMT+0530 (India Standard Time)","8043.85","8046.45","7964.95","7979.10"
"Fri Dec 23 2016 00:00:00 GMT+0530 (India Standard Time)","7972.50","8022.60","7942.05","7985.75"
"Mon Dec 26 2016 00:00:00 GMT+0530 (India Standard Time)","7965.10","7970.05","7893.80","7908.25"
"Tue Dec 27 2016 00:00:00 GMT+0530 (India Standard Time)","7915.05","8044.65","7903.70","8032.85"
"Wed Dec 28 2016 00:00:00 GMT+0530 (India Standard Time)","8047.55","8100.55","8028.40","8034.85"
"Thu Dec 29 2016 00:00:00 GMT+0530 (India Standard Time)","8030.60","8111.10","8020.80","8103.60"
"Fri Dec 30 2016 00:00:00 GMT+0530 (India Standard Time)","8119.65","8197.00","8114.75","8185.80"
"Mon Jan 02 2017 00:00:00 GMT+0530 (India Standard Time)","8210.10","8212.00","8133.80","8179.50"
"Tue Jan 03 2017 00:00:00 GMT+0530 (India Standard Time)","8196.04","8219.10","8148.60","8192.25"
"Wed Jan 04 2017 00:00:00 GMT+0530 (India Standard Time)","8202.65","8218.50","8180.90","8190.50"
"Thu Jan 05 2017 00:00:00 GMT+0530 (India Standard Time)","8226.65","8282.65","8223.70","8273.80"
"Fri Jan 06 2017 00:00:00 GMT+0530 (India Standard Time)","8281.85","8306.85","8233.25","8243.80"
"Mon Jan 09 2017 00:00:00 GMT+0530 (India Standard Time)","8259.35","8263.00","8227.75","8236.05"
"Tue Jan 10 2017 00:00:00 GMT+0530 (India Standard Time)","8262.70","8293.80","8261.00","8288.60"
"Wed Jan 11 2017 00:00:00 GMT+0530 (India Standard Time)","8327.79","8389.00","8322.25","8380.65"
"Thu Jan 12 2017 00:00:00 GMT+0530 (India Standard Time)","8391.04","8417.20","8382.29","8407.20"
"Fri Jan 13 2017 00:00:00 GMT+0530 (India Standard Time)","8457.65","8461.05","8373.15","8400.35"
"Mon Jan 16 2017 00:00:00 GMT+0530 (India Standard Time)","8390.95","8426.70","8374.40","8412.80"
"Tue Jan 17 2017 00:00:00 GMT+0530 (India Standard Time)","8415.04","8440.90","8378.29","8398.00"
"Wed Jan 18 2017 00:00:00 GMT+0530 (India Standard Time)","8403.85","8460.30","8397.40","8417.00"
"Thu Jan 19 2017 00:00:00 GMT+0530 (India Standard Time)","8418.40","8445.15","8404.04","8435.10"
"Fri Jan 20 2017 00:00:00 GMT+0530 (India Standard Time)","8404.35","8423.65","8340.95","8349.35"
"Mon Jan 23 2017 00:00:00 GMT+0530 (India Standard Time)","8329.60","8404.15","8327.20","8391.50"
"Tue Jan 24 2017 00:00:00 GMT+0530 (India Standard Time)","8407.04","8480.95","8398.15","8475.80"
"Wed Jan 25 2017 00:00:00 GMT+0530 (India Standard Time)","8499.45","8612.60","8493.95","8602.75"
"Fri Jan 27 2017 00:00:00 GMT+0530 (India Standard Time)","8610.50","8672.70","8606.90","8641.25"
"Mon Jan 30 2017 00:00:00 GMT+0530 (India Standard Time)","8635.54","8662.60","8617.75","8632.75"
"Tue Jan 31 2017 00:00:00 GMT+0530 (India Standard Time)","8629.45","8631.75","8552.40","8561.30"
"Wed Feb 01 2017 00:00:00 GMT+0530 (India Standard Time)","8570.35","8722.40","8537.50","8716.40"
"Thu Feb 02 2017 00:00:00 GMT+0530 (India Standard Time)","8724.75","8757.60","8685.79","8734.25"
"Fri Feb 03 2017 00:00:00 GMT+0530 (India Standard Time)","8735.15","8748.25","8707.75","8740.95"
"Mon Feb 06 2017 00:00:00 GMT+0530 (India Standard Time)","8785.45","8814.10","8770.20","8801.05"
"Tue Feb 07 2017 00:00:00 GMT+0530 (India Standard Time)","8805.70","8809.30","8741.04","8768.30"
"Wed Feb 08 2017 00:00:00 GMT+0530 (India Standard Time)","8774.54","8791.25","8715.00","8769.05"
"Thu Feb 09 2017 00:00:00 GMT+0530 (India Standard Time)","8795.54","8821.40","8724.10","8778.40"
"Fri Feb 10 2017 00:00:00 GMT+0530 (India Standard Time)","8812.35","8822.10","8771.20","8793.55"
"Mon Feb 13 2017 00:00:00 GMT+0530 (India Standard Time)","8819.79","8826.90","8754.20","8805.05"
"Tue Feb 14 2017 00:00:00 GMT+0530 (India Standard Time)","8819.90","8820.45","8772.50","8792.30"
"Wed Feb 15 2017 00:00:00 GMT+0530 (India Standard Time)","8778.95","8807.90","8712.85","8724.70"
"Thu Feb 16 2017 00:00:00 GMT+0530 (India Standard Time)","8739.00","8783.95","8719.60","8778.00"
"Fri Feb 17 2017 00:00:00 GMT+0530 (India Standard Time)","8883.70","8896.45","8804.25","8821.70"
"Mon Feb 20 2017 00:00:00 GMT+0530 (India Standard Time)","8818.54","8886.25","8809.79","8879.20"
"Tue Feb 21 2017 00:00:00 GMT+0530 (India Standard Time)","8890.75","8920.80","8860.95","8907.85"
"Wed Feb 22 2017 00:00:00 GMT+0530 (India Standard Time)","8931.60","8960.75","8905.25","8926.90"
"Thu Feb 23 2017 00:00:00 GMT+0530 (India Standard Time)","8956.40","8982.15","8927.54","8939.50"
"Mon Feb 27 2017 00:00:00 GMT+0530 (India Standard Time)","8943.70","8951.80","8888.65","8896.70"
"Tue Feb 28 2017 00:00:00 GMT+0530 (India Standard Time)","8898.95","8914.75","8867.60","8879.60"
"Wed Mar 01 2017 00:00:00 GMT+0530 (India Standard Time)","8904.40","8960.80","8898.60","8945.80"
"Thu Mar 02 2017 00:00:00 GMT+0530 (India Standard Time)","8982.85","8992.50","8879.79","8899.75"
"Fri Mar 03 2017 00:00:00 GMT+0530 (India Standard Time)","8883.50","8907.10","8860.10","8897.55"
"Mon Mar 06 2017 00:00:00 GMT+0530 (India Standard Time)","8915.10","8967.80","8914.00","8963.45"
"Tue Mar 07 2017 00:00:00 GMT+0530 (India Standard Time)","8977.75","8977.85","8932.79","8946.90"
"Wed Mar 08 2017 00:00:00 GMT+0530 (India Standard Time)","8950.70","8957.05","8891.95","8924.30"
"Thu Mar 09 2017 00:00:00 GMT+0530 (India Standard Time)","8914.50","8945.80","8899.50","8927.00"
"Fri Mar 10 2017 00:00:00 GMT+0530 (India Standard Time)","8953.70","8975.70","8903.95","8934.55"
"Tue Mar 14 2017 00:00:00 GMT+0530 (India Standard Time)","9091.65","9122.75","9060.50","9087.00"
"Wed Mar 15 2017 00:00:00 GMT+0530 (India Standard Time)","9086.85","9106.55","9075.50","9084.80"
"Thu Mar 16 2017 00:00:00 GMT+0530 (India Standard Time)","9129.65","9158.45","9128.54","9153.70"
"Fri Mar 17 2017 00:00:00 GMT+0530 (India Standard Time)","9207.79","9218.40","9147.60","9160.05"
"Mon Mar 20 2017 00:00:00 GMT+0530 (India Standard Time)","9166.95","9167.60","9116.29","9126.85"
"Tue Mar 21 2017 00:00:00 GMT+0530 (India Standard Time)","9133.95","9147.75","9087.20","9121.50"
"Wed Mar 22 2017 00:00:00 GMT+0530 (India Standard Time)","9047.20","9072.90","9019.29","9030.45"
"Thu Mar 23 2017 00:00:00 GMT+0530 (India Standard Time)","9048.75","9099.05","9048.60","9086.30"
"Fri Mar 24 2017 00:00:00 GMT+0530 (India Standard Time)","9104.00","9133.55","9089.40","9108.00"
"Mon Mar 27 2017 00:00:00 GMT+0530 (India Standard Time)","9093.45","9094.85","9024.65","9045.20"
"Tue Mar 28 2017 00:00:00 GMT+0530 (India Standard Time)","9081.50","9110.40","9079.79","9100.80"
"Wed Mar 29 2017 00:00:00 GMT+0530 (India Standard Time)","9128.70","9153.15","9109.10","9143.80"
"Thu Mar 30 2017 00:00:00 GMT+0530 (India Standard Time)","9142.60","9183.15","9136.35","9173.75"
"Fri Mar 31 2017 00:00:00 GMT+0530 (India Standard Time)","9158.90","9191.70","9152.10","9173.75"
"Mon Apr 03 2017 00:00:00 GMT+0530 (India Standard Time)","9220.60","9245.35","9192.40","9237.85"
"Wed Apr 05 2017 00:00:00 GMT+0530 (India Standard Time)","9264.40","9273.90","9215.40","9265.15"
"Thu Apr 06 2017 00:00:00 GMT+0530 (India Standard Time)","9245.79","9267.95","9218.85","9261.95"
"Fri Apr 07 2017 00:00:00 GMT+0530 (India Standard Time)","9223.70","9250.50","9188.10","9198.30"
"Mon Apr 10 2017 00:00:00 GMT+0530 (India Standard Time)","9225.60","9225.65","9174.85","9181.45"
"Tue Apr 11 2017 00:00:00 GMT+0530 (India Standard Time)","9184.54","9242.70","9172.85","9237.00"
"Wed Apr 12 2017 00:00:00 GMT+0530 (India Standard Time)","9242.50","9246.40","9161.79","9203.45"
"Thu Apr 13 2017 00:00:00 GMT+0530 (India Standard Time)","9202.50","9202.65","9144.95","9150.80"
"Mon Apr 17 2017 00:00:00 GMT+0530 (India Standard Time)","9144.75","9160.00","9120.25","9139.30"
"Tue Apr 18 2017 00:00:00 GMT+0530 (India Standard Time)","9163.00","9217.90","9095.45","9105.15"
"Wed Apr 19 2017 00:00:00 GMT+0530 (India Standard Time)","9112.20","9120.50","9075.15","9103.50"
"Thu Apr 20 2017 00:00:00 GMT+0530 (India Standard Time)","9108.10","9143.90","9102.65","9136.40"
"Fri Apr 21 2017 00:00:00 GMT+0530 (India Standard Time)","9179.10","9183.65","9088.75","9119.40"
"Mon Apr 24 2017 00:00:00 GMT+0530 (India Standard Time)","9135.35","9225.40","9130.54","9217.95"
"Tue Apr 25 2017 00:00:00 GMT+0530 (India Standard Time)","9273.04","9309.20","9250.35","9306.60"
"Wed Apr 26 2017 00:00:00 GMT+0530 (India Standard Time)","9336.20","9367.00","9301.35","9351.85"
"Thu Apr 27 2017 00:00:00 GMT+0530 (India Standard Time)","9359.15","9367.15","9322.65","9342.15"
"Fri Apr 28 2017 00:00:00 GMT+0530 (India Standard Time)","9340.95","9342.65","9282.25","9304.05"
"Tue May 02 2017 00:00:00 GMT+0530 (India Standard Time)","9339.85","9352.55","9269.90","9313.80"
"Wed May 03 2017 00:00:00 GMT+0530 (India Standard Time)","9344.70","9346.30","9298.40","9311.95"
"Thu May 04 2017 00:00:00 GMT+0530 (India Standard Time)","9360.95","9365.65","9323.25","9359.90"
"Fri May 05 2017 00:00:00 GMT+0530 (India Standard Time)","9374.54","9377.10","9272.00","9285.30"
"Mon May 08 2017 00:00:00 GMT+0530 (India Standard Time)","9311.45","9338.70","9297.95","9314.05"
"Tue May 09 2017 00:00:00 GMT+0530 (India Standard Time)","9337.35","9338.95","9307.70","9316.85"
"Wed May 10 2017 00:00:00 GMT+0530 (India Standard Time)","9339.65","9414.75","9336.00","9407.30"
"Thu May 11 2017 00:00:00 GMT+0530 (India Standard Time)","9448.60","9450.65","9411.29","9422.40"
"Fri May 12 2017 00:00:00 GMT+0530 (India Standard Time)","9436.65","9437.75","9372.54","9400.90"
"Mon May 15 2017 00:00:00 GMT+0530 (India Standard Time)","9433.54","9449.25","9423.10","9445.40"
"Tue May 16 2017 00:00:00 GMT+0530 (India Standard Time)","9461.00","9517.20","9456.35","9512.25"
"Wed May 17 2017 00:00:00 GMT+0530 (India Standard Time)","9517.60","9532.60","9486.10","9525.75"
"Thu May 18 2017 00:00:00 GMT+0530 (India Standard Time)","9453.20","9489.10","9418.10","9429.45"
"Fri May 19 2017 00:00:00 GMT+0530 (India Standard Time)","9469.90","9505.75","9390.75","9427.90"
"Mon May 22 2017 00:00:00 GMT+0530 (India Standard Time)","9480.25","9498.65","9427.90","9438.25"
"Tue May 23 2017 00:00:00 GMT+0530 (India Standard Time)","9445.04","9448.05","9370.00","9386.15"
"Wed May 24 2017 00:00:00 GMT+0530 (India Standard Time)","9410.90","9431.90","9341.65","9360.55"
"Thu May 25 2017 00:00:00 GMT+0530 (India Standard Time)","9384.04","9523.30","9379.20","9509.75"
"Fri May 26 2017 00:00:00 GMT+0530 (India Standard Time)","9507.75","9604.90","9495.40","9595.10"
"Mon May 29 2017 00:00:00 GMT+0530 (India Standard Time)","9560.04","9637.75","9547.70","9604.90"
"Tue May 30 2017 00:00:00 GMT+0530 (India Standard Time)","9590.65","9635.30","9581.20","9624.55"
"Wed May 31 2017 00:00:00 GMT+0530 (India Standard Time)","9636.54","9649.60","9609.25","9621.25"
"Thu Jun 01 2017 00:00:00 GMT+0530 (India Standard Time)","9603.54","9634.65","9589.90","9616.10"
"Fri Jun 02 2017 00:00:00 GMT+0530 (India Standard Time)","9657.15","9673.50","9637.45","9653.50"
"Mon Jun 05 2017 00:00:00 GMT+0530 (India Standard Time)","9656.29","9687.20","9640.70","9675.10"
"Tue Jun 06 2017 00:00:00 GMT+0530 (India Standard Time)","9704.25","9709.30","9630.20","9637.15"
"Wed Jun 07 2017 00:00:00 GMT+0530 (India Standard Time)","9663.95","9678.55","9630.54","9663.90"
"Thu Jun 08 2017 00:00:00 GMT+0530 (India Standard Time)","9682.40","9688.70","9641.50","9647.25"
"Fri Jun 09 2017 00:00:00 GMT+0530 (India Standard Time)","9638.54","9676.25","9608.15","9668.25"
"Mon Jun 12 2017 00:00:00 GMT+0530 (India Standard Time)","9646.70","9647.05","9598.50","9616.40"
"Tue Jun 13 2017 00:00:00 GMT+0530 (India Standard Time)","9615.54","9654.15","9595.40","9606.90"
"Wed Jun 14 2017 00:00:00 GMT+0530 (India Standard Time)","9621.54","9627.40","9580.45","9618.15"
"Thu Jun 15 2017 00:00:00 GMT+0530 (India Standard Time)","9617.90","9621.40","9560.79","9578.05"
"Fri Jun 16 2017 00:00:00 GMT+0530 (India Standard Time)","9595.45","9615.85","9565.50","9588.05"
"Mon Jun 19 2017 00:00:00 GMT+0530 (India Standard Time)","9626.40","9673.30","9614.90","9657.55"
"Tue Jun 20 2017 00:00:00 GMT+0530 (India Standard Time)","9670.50","9676.50","9643.75","9653.50"
"Wed Jun 21 2017 00:00:00 GMT+0530 (India Standard Time)","9648.10","9650.45","9608.60","9633.60"
"Thu Jun 22 2017 00:00:00 GMT+0530 (India Standard Time)","9642.65","9698.85","9617.75","9630.00"
"Fri Jun 23 2017 00:00:00 GMT+0530 (India Standard Time)","9643.25","9647.65","9565.29","9574.95"
"Tue Jun 27 2017 00:00:00 GMT+0530 (India Standard Time)","9594.04","9615.40","9473.45","9511.40"
"Wed Jun 28 2017 00:00:00 GMT+0530 (India Standard Time)","9520.20","9522.50","9474.35","9491.25"
"Thu Jun 29 2017 00:00:00 GMT+0530 (India Standard Time)","9522.95","9575.80","9493.79","9504.10"
"Fri Jun 30 2017 00:00:00 GMT+0530 (India Standard Time)","9478.50","9535.80","9448.75","9520.90"
"Mon Jul 03 2017 00:00:00 GMT+0530 (India Standard Time)","9587.95","9624.00","9543.54","9615.00"
"Tue Jul 04 2017 00:00:00 GMT+0530 (India Standard Time)","9645.90","9650.65","9595.50","9613.30"
"Wed Jul 05 2017 00:00:00 GMT+0530 (India Standard Time)","9619.75","9643.65","9607.35","9637.60"
"Thu Jul 06 2017 00:00:00 GMT+0530 (India Standard Time)","9653.60","9700.70","9639.95","9674.55"
"Fri Jul 07 2017 00:00:00 GMT+0530 (India Standard Time)","9670.35","9684.25","9642.65","9665.80"
"Mon Jul 10 2017 00:00:00 GMT+0530 (India Standard Time)","9719.29","9782.15","9646.45","9771.05"
"Tue Jul 11 2017 00:00:00 GMT+0530 (India Standard Time)","9797.45","9830.05","9778.85","9786.05"
"Wed Jul 12 2017 00:00:00 GMT+0530 (India Standard Time)","9807.29","9824.95","9787.70","9816.10"
"Thu Jul 13 2017 00:00:00 GMT+0530 (India Standard Time)","9855.79","9897.25","9853.45","9891.70"
"Fri Jul 14 2017 00:00:00 GMT+0530 (India Standard Time)","9913.29","9913.30","9845.45","9886.35"
"Mon Jul 17 2017 00:00:00 GMT+0530 (India Standard Time)","9908.15","9928.20","9894.70","9915.95"
"Tue Jul 18 2017 00:00:00 GMT+0530 (India Standard Time)","9832.70","9885.35","9792.04","9827.15"
"Wed Jul 19 2017 00:00:00 GMT+0530 (India Standard Time)","9855.95","9905.05","9851.65","9899.60"
"Thu Jul 20 2017 00:00:00 GMT+0530 (India Standard Time)","9920.20","9922.55","9863.45","9873.30"
"Fri Jul 21 2017 00:00:00 GMT+0530 (India Standard Time)","9899.60","9924.70","9838.00","9915.25"
"Mon Jul 24 2017 00:00:00 GMT+0530 (India Standard Time)","9936.79","9982.05","9919.60","9966.40"
"Tue Jul 25 2017 00:00:00 GMT+0530 (India Standard Time)","10010.54","10011.30","9949.10","9964.55"
"Wed Jul 26 2017 00:00:00 GMT+0530 (India Standard Time)","9983.65","10025.95","9965.95","10020.65"
"Thu Jul 27 2017 00:00:00 GMT+0530 (India Standard Time)","10063.25","10114.85","10005.50","10020.55"
"Fri Jul 28 2017 00:00:00 GMT+0530 (India Standard Time)","9996.54","10026.05","9944.50","10014.50"
"Mon Jul 31 2017 00:00:00 GMT+0530 (India Standard Time)","10034.70","10085.90","10016.95","10077.10"
"Tue Aug 01 2017 00:00:00 GMT+0530 (India Standard Time)","10101.04","10128.60","10065.75","10114.65"
"Wed Aug 02 2017 00:00:00 GMT+0530 (India Standard Time)","10136.29","10137.85","10054.20","10081.50"
"Thu Aug 03 2017 00:00:00 GMT+0530 (India Standard Time)","10081.15","10081.15","9998.25","10013.65"
"Fri Aug 04 2017 00:00:00 GMT+0530 (India Standard Time)","10008.60","10075.25","9988.35","10066.40"
"Mon Aug 07 2017 00:00:00 GMT+0530 (India Standard Time)","10074.79","10088.10","10046.35","10057.40"
"Tue Aug 08 2017 00:00:00 GMT+0530 (India Standard Time)","10068.35","10083.80","9947.00","9978.55"
"Wed Aug 09 2017 00:00:00 GMT+0530 (India Standard Time)","9961.15","9969.80","9893.04","9908.05"
"Thu Aug 10 2017 00:00:00 GMT+0530 (India Standard Time)","9872.85","9892.65","9776.20","9820.25"
"Fri Aug 11 2017 00:00:00 GMT+0530 (India Standard Time)","9712.15","9771.65","9685.54","9710.80"
"Mon Aug 14 2017 00:00:00 GMT+0530 (India Standard Time)","9755.75","9818.30","9752.10","9794.15"
"Wed Aug 16 2017 00:00:00 GMT+0530 (India Standard Time)","9825.85","9903.95","9773.85","9897.30"
"Thu Aug 17 2017 00:00:00 GMT+0530 (India Standard Time)","9945.54","9947.80","9883.75","9904.15"
"Fri Aug 18 2017 00:00:00 GMT+0530 (India Standard Time)","9865.95","9865.95","9783.65","9837.40"
"Mon Aug 21 2017 00:00:00 GMT+0530 (India Standard Time)","9864.25","9884.35","9740.10","9754.35"
"Tue Aug 22 2017 00:00:00 GMT+0530 (India Standard Time)","9815.75","9828.45","9752.60","9765.55"
"Wed Aug 23 2017 00:00:00 GMT+0530 (India Standard Time)","9803.04","9857.90","9786.75","9852.50"
"Thu Aug 24 2017 00:00:00 GMT+0530 (India Standard Time)","9881.20","9881.50","9848.85","9857.05"
"Mon Aug 28 2017 00:00:00 GMT+0530 (India Standard Time)","9907.15","9925.75","9882.00","9912.80"
"Tue Aug 29 2017 00:00:00 GMT+0530 (India Standard Time)","9886.40","9887.35","9783.75","9796.05"
"Wed Aug 30 2017 00:00:00 GMT+0530 (India Standard Time)","9859.50","9909.45","9850.79","9884.40"
"Thu Aug 31 2017 00:00:00 GMT+0530 (India Standard Time)","9905.70","9925.10","9856.95","9917.90"
"Fri Sep 01 2017 00:00:00 GMT+0530 (India Standard Time)","9937.65","9983.45","9909.85","9974.40"
"Mon Sep 04 2017 00:00:00 GMT+0530 (India Standard Time)","9984.15","9988.40","9861.00","9912.85"
"Tue Sep 05 2017 00:00:00 GMT+0530 (India Standard Time)","9933.25","9963.10","9901.04","9952.20"
"Wed Sep 06 2017 00:00:00 GMT+0530 (India Standard Time)","9899.25","9931.55","9882.54","9916.20"
"Thu Sep 07 2017 00:00:00 GMT+0530 (India Standard Time)","9945.85","9964.85","9917.20","9929.90"
"Fri Sep 08 2017 00:00:00 GMT+0530 (India Standard Time)","9958.65","9963.60","9913.29","9934.80"
"Mon Sep 11 2017 00:00:00 GMT+0530 (India Standard Time)","9971.75","10028.65","9968.79","10006.05"
"Tue Sep 12 2017 00:00:00 GMT+0530 (India Standard Time)","10056.85","10097.55","10028.04","10093.05"
"Wed Sep 13 2017 00:00:00 GMT+0530 (India Standard Time)","10099.25","10131.95","10063.15","10079.30"
"Thu Sep 14 2017 00:00:00 GMT+0530 (India Standard Time)","10107.40","10126.50","10070.35","10086.60"
"Fri Sep 15 2017 00:00:00 GMT+0530 (India Standard Time)","10062.35","10115.15","10043.65","10085.40"
"Mon Sep 18 2017 00:00:00 GMT+0530 (India Standard Time)","10133.10","10171.70","10131.29","10153.10"
"Tue Sep 19 2017 00:00:00 GMT+0530 (India Standard Time)","10175.60","10178.95","10129.95","10147.55"
"Wed Sep 20 2017 00:00:00 GMT+0530 (India Standard Time)","10160.95","10171.05","10134.20","10141.15"
"Thu Sep 21 2017 00:00:00 GMT+0530 (India Standard Time)","10139.60","10158.90","10058.60","10121.90"
"Fri Sep 22 2017 00:00:00 GMT+0530 (India Standard Time)","10094.35","10095.05","9952.79","9964.40"
"Mon Sep 25 2017 00:00:00 GMT+0530 (India Standard Time)","9960.10","9960.50","9816.04","9872.60"
"Tue Sep 26 2017 00:00:00 GMT+0530 (India Standard Time)","9875.25","9891.35","9813.00","9871.50"
"Wed Sep 27 2017 00:00:00 GMT+0530 (India Standard Time)","9920.60","9921.05","9714.40","9735.75"
"Thu Sep 28 2017 00:00:00 GMT+0530 (India Standard Time)","9736.40","9789.20","9687.54","9768.95"
"Fri Sep 29 2017 00:00:00 GMT+0530 (India Standard Time)","9814.29","9854.00","9775.35","9788.60"
"Tue Oct 03 2017 00:00:00 GMT+0530 (India Standard Time)","9893.29","9895.40","9831.04","9859.50"
"Wed Oct 04 2017 00:00:00 GMT+0530 (India Standard Time)","9884.35","9938.30","9850.65","9914.90"
"Thu Oct 05 2017 00:00:00 GMT+0530 (India Standard Time)","9927.00","9945.95","9881.85","9888.70"
"Fri Oct 06 2017 00:00:00 GMT+0530 (India Standard Time)","9908.15","9989.35","9906.60","9979.70"
"Mon Oct 09 2017 00:00:00 GMT+0530 (India Standard Time)","9988.20","10015.75","9959.45","9988.75"
"Tue Oct 10 2017 00:00:00 GMT+0530 (India Standard Time)","10013.70","10034.00","10002.29","10016.95"
"Wed Oct 11 2017 00:00:00 GMT+0530 (India Standard Time)","10042.60","10067.25","9955.79","9984.80"
"Thu Oct 12 2017 00:00:00 GMT+0530 (India Standard Time)","10011.20","10104.45","9977.10","10096.40"
"Fri Oct 13 2017 00:00:00 GMT+0530 (India Standard Time)","10123.70","10191.90","10120.10","10167.45"
"Mon Oct 16 2017 00:00:00 GMT+0530 (India Standard Time)","10207.40","10242.95","10175.10","10230.85"
"Tue Oct 17 2017 00:00:00 GMT+0530 (India Standard Time)","10227.65","10251.85","10212.60","10234.45"
"Wed Oct 18 2017 00:00:00 GMT+0530 (India Standard Time)","10209.40","10236.45","10175.75","10210.85"
"Thu Oct 19 2017 00:00:00 GMT+0530 (India Standard Time)","10210.35","10211.95","10123.35","10146.55"
"Mon Oct 23 2017 00:00:00 GMT+0530 (India Standard Time)","10176.65","10224.15","10124.50","10184.85"
"Tue Oct 24 2017 00:00:00 GMT+0530 (India Standard Time)","10218.54","10237.75","10182.40","10207.70"
"Wed Oct 25 2017 00:00:00 GMT+0530 (India Standard Time)","10321.15","10340.55","10240.90","10295.35"
"Thu Oct 26 2017 00:00:00 GMT+0530 (India Standard Time)","10291.79","10355.65","10271.85","10343.80"
"Fri Oct 27 2017 00:00:00 GMT+0530 (India Standard Time)","10362.29","10366.15","10311.29","10323.05"
"Mon Oct 30 2017 00:00:00 GMT+0530 (India Standard Time)","10353.85","10384.50","10344.29","10363.65"
"Tue Oct 31 2017 00:00:00 GMT+0530 (India Standard Time)","10364.90","10367.70","10323.95","10335.30"
"Wed Nov 01 2017 00:00:00 GMT+0530 (India Standard Time)","10390.35","10451.65","10383.04","10440.50"
"Thu Nov 02 2017 00:00:00 GMT+0530 (India Standard Time)","10440.50","10453.00","10412.54","10423.80"
"Fri Nov 03 2017 00:00:00 GMT+0530 (India Standard Time)","10461.54","10461.70","10403.60","10452.50"
"Mon Nov 06 2017 00:00:00 GMT+0530 (India Standard Time)","10431.75","10490.45","10413.75","10451.80"
"Tue Nov 07 2017 00:00:00 GMT+0530 (India Standard Time)","10477.15","10485.75","10340.79","10350.15"
"Wed Nov 08 2017 00:00:00 GMT+0530 (India Standard Time)","10361.95","10384.25","10285.50","10303.15"
"Thu Nov 09 2017 00:00:00 GMT+0530 (India Standard Time)","10358.65","10368.45","10266.95","10308.95"
"Fri Nov 10 2017 00:00:00 GMT+0530 (India Standard Time)","10304.35","10344.95","10254.10","10321.75"
"Mon Nov 13 2017 00:00:00 GMT+0530 (India Standard Time)","10322.00","10334.15","10216.25","10224.95"
"Tue Nov 14 2017 00:00:00 GMT+0530 (India Standard Time)","10223.40","10248.00","10175.54","10186.60"
"Wed Nov 15 2017 00:00:00 GMT+0530 (India Standard Time)","10171.95","10175.45","10094.00","10118.05"
"Thu Nov 16 2017 00:00:00 GMT+0530 (India Standard Time)","10152.90","10232.25","10139.20","10214.75"
"Fri Nov 17 2017 00:00:00 GMT+0530 (India Standard Time)","10324.54","10343.60","10268.04","10283.60"
"Mon Nov 20 2017 00:00:00 GMT+0530 (India Standard Time)","10287.20","10309.85","10261.50","10298.75"
"Tue Nov 21 2017 00:00:00 GMT+0530 (India Standard Time)","10329.25","10358.70","10315.04","10326.90"
"Wed Nov 22 2017 00:00:00 GMT+0530 (India Standard Time)","10350.79","10368.70","10309.54","10342.30"
"Thu Nov 23 2017 00:00:00 GMT+0530 (India Standard Time)","10358.45","10374.30","10307.29","10348.75"
"Fri Nov 24 2017 00:00:00 GMT+0530 (India Standard Time)","10366.79","10404.50","10362.25","10389.70"
"Mon Nov 27 2017 00:00:00 GMT+0530 (India Standard Time)","10361.04","10407.15","10340.20","10399.55"
"Tue Nov 28 2017 00:00:00 GMT+0530 (India Standard Time)","10387.90","10409.55","10355.20","10370.25"
"Wed Nov 29 2017 00:00:00 GMT+0530 (India Standard Time)","10376.65","10392.95","10345.90","10361.30"
"Thu Nov 30 2017 00:00:00 GMT+0530 (India Standard Time)","10332.70","10332.70","10211.25","10226.55"
"Fri Dec 01 2017 00:00:00 GMT+0530 (India Standard Time)","10263.70","10272.70","10108.54","10121.80"
"Mon Dec 04 2017 00:00:00 GMT+0530 (India Standard Time)","10175.04","10179.20","10095.70","10127.75"
"Tue Dec 05 2017 00:00:00 GMT+0530 (India Standard Time)","10118.25","10147.95","10069.10","10118.25"
"Wed Dec 06 2017 00:00:00 GMT+0530 (India Standard Time)","10088.79","10104.20","10033.35","10044.10"
"Thu Dec 07 2017 00:00:00 GMT+0530 (India Standard Time)","10063.45","10182.65","10061.90","10166.70"
"Fri Dec 08 2017 00:00:00 GMT+0530 (India Standard Time)","10198.45","10270.85","10195.25","10265.65"
"Mon Dec 11 2017 00:00:00 GMT+0530 (India Standard Time)","10310.50","10329.20","10282.04","10322.25"
"Tue Dec 12 2017 00:00:00 GMT+0530 (India Standard Time)","10324.90","10326.10","10230.20","10240.15"
"Wed Dec 13 2017 00:00:00 GMT+0530 (India Standard Time)","10236.60","10296.55","10169.85","10192.95"
"Thu Dec 14 2017 00:00:00 GMT+0530 (India Standard Time)","10229.29","10276.10","10141.54","10252.10"
"Fri Dec 15 2017 00:00:00 GMT+0530 (India Standard Time)","10345.65","10373.10","10319.65","10333.25"
"Mon Dec 18 2017 00:00:00 GMT+0530 (India Standard Time)","10263.10","10443.55","10074.79","10388.75"
"Tue Dec 19 2017 00:00:00 GMT+0530 (India Standard Time)","10414.79","10472.20","10406.00","10463.20"
"Wed Dec 20 2017 00:00:00 GMT+0530 (India Standard Time)","10494.40","10494.45","10437.15","10444.20"
"Thu Dec 21 2017 00:00:00 GMT+0530 (India Standard Time)","10473.95","10473.95","10426.90","10440.30"
"Fri Dec 22 2017 00:00:00 GMT+0530 (India Standard Time)","10457.29","10501.10","10448.25","10493.00"
"Tue Dec 26 2017 00:00:00 GMT+0530 (India Standard Time)","10512.30","10545.45","10477.95","10531.50"
"Wed Dec 27 2017 00:00:00 GMT+0530 (India Standard Time)","10531.05","10552.40","10469.25","10490.75"
"Thu Dec 28 2017 00:00:00 GMT+0530 (India Standard Time)","10498.20","10534.55","10460.45","10477.90"
"Fri Dec 29 2017 00:00:00 GMT+0530 (India Standard Time)","10492.35","10538.70","10488.65","10530.70"
"Mon Jan 01 2018 00:00:00 GMT+0530 (India Standard Time)","10531.70","10537.85","10423.10","10435.55"
"Tue Jan 02 2018 00:00:00 GMT+0530 (India Standard Time)","10477.54","10495.20","10404.65","10442.20"
"Wed Jan 03 2018 00:00:00 GMT+0530 (India Standard Time)","10482.65","10503.60","10429.54","10443.20"
"Thu Jan 04 2018 00:00:00 GMT+0530 (India Standard Time)","10469.40","10513.00","10441.45","10504.80"
"Fri Jan 05 2018 00:00:00 GMT+0530 (India Standard Time)","10534.25","10566.10","10520.10","10558.85"
"Mon Jan 08 2018 00:00:00 GMT+0530 (India Standard Time)","10591.70","10631.20","10588.55","10623.60"
"Tue Jan 09 2018 00:00:00 GMT+0530 (India Standard Time)","10645.10","10659.15","10603.60","10637.00"
"Wed Jan 10 2018 00:00:00 GMT+0530 (India Standard Time)","10652.05","10655.50","10592.70","10632.20"
"Thu Jan 11 2018 00:00:00 GMT+0530 (India Standard Time)","10637.05","10664.60","10612.35","10651.20"
"Fri Jan 12 2018 00:00:00 GMT+0530 (India Standard Time)","10682.55","10690.40","10597.10","10681.25"
"Mon Jan 15 2018 00:00:00 GMT+0530 (India Standard Time)","10718.50","10782.65","10713.80","10741.55"
"Tue Jan 16 2018 00:00:00 GMT+0530 (India Standard Time)","10761.50","10762.35","10687.85","10700.45"
"Wed Jan 17 2018 00:00:00 GMT+0530 (India Standard Time)","10702.45","10803.00","10666.75","10788.55"
"Thu Jan 18 2018 00:00:00 GMT+0530 (India Standard Time)","10873.40","10887.50","10782.40","10817.00"
"Fri Jan 19 2018 00:00:00 GMT+0530 (India Standard Time)","10829.20","10906.85","10793.90","10894.70"
"Mon Jan 22 2018 00:00:00 GMT+0530 (India Standard Time)","10883.20","10975.10","10881.40","10966.20"
"Tue Jan 23 2018 00:00:00 GMT+0530 (India Standard Time)","10997.40","11092.90","10994.55","11083.70"
"Wed Jan 24 2018 00:00:00 GMT+0530 (India Standard Time)","11069.35","11110.10","11046.15","11086.00"
"Thu Jan 25 2018 00:00:00 GMT+0530 (India Standard Time)","11095.60","11095.60","11009.20","11069.65"
"Mon Jan 29 2018 00:00:00 GMT+0530 (India Standard Time)","11079.35","11171.55","11075.95","11130.40"
"Tue Jan 30 2018 00:00:00 GMT+0530 (India Standard Time)","11120.85","11121.10","11033.90","11049.65"
"Wed Jan 31 2018 00:00:00 GMT+0530 (India Standard Time)","11018.80","11058.50","10979.30","11027.70"
"Thu Feb 01 2018 00:00:00 GMT+0530 (India Standard Time)","11044.55","11117.35","10878.80","11016.90"
"Fri Feb 02 2018 00:00:00 GMT+0530 (India Standard Time)","10938.20","10954.95","10736.10","10760.60"
"Mon Feb 05 2018 00:00:00 GMT+0530 (India Standard Time)","10604.30","10702.75","10586.80","10666.55"
"Tue Feb 06 2018 00:00:00 GMT+0530 (India Standard Time)","10295.15","10594.15","10276.29","10498.25"
"Wed Feb 07 2018 00:00:00 GMT+0530 (India Standard Time)","10607.20","10614.00","10446.40","10476.70"
"Thu Feb 08 2018 00:00:00 GMT+0530 (India Standard Time)","10518.50","10637.80","10479.54","10576.85"
"Fri Feb 09 2018 00:00:00 GMT+0530 (India Standard Time)","10416.50","10480.20","10398.20","10454.95"
"Mon Feb 12 2018 00:00:00 GMT+0530 (India Standard Time)","10518.20","10555.50","10485.40","10539.75"
"Wed Feb 14 2018 00:00:00 GMT+0530 (India Standard Time)","10585.75","10590.55","10456.65","10500.90"
"Thu Feb 15 2018 00:00:00 GMT+0530 (India Standard Time)","10537.90","10618.10","10511.05","10545.50"
"Fri Feb 16 2018 00:00:00 GMT+0530 (India Standard Time)","10596.20","10612.90","10434.04","10452.30"
"Mon Feb 19 2018 00:00:00 GMT+0530 (India Standard Time)","10488.90","10489.35","10302.75","10378.40"
"Tue Feb 20 2018 00:00:00 GMT+0530 (India Standard Time)","10391.00","10429.35","10347.65","10360.40"
"Wed Feb 21 2018 00:00:00 GMT+0530 (India Standard Time)","10426.00","10426.10","10349.60","10397.45"
"Thu Feb 22 2018 00:00:00 GMT+0530 (India Standard Time)","10354.35","10397.55","10340.65","10382.70"
"Fri Feb 23 2018 00:00:00 GMT+0530 (India Standard Time)","10408.10","10499.10","10396.65","10491.05"
"Mon Feb 26 2018 00:00:00 GMT+0530 (India Standard Time)","10526.55","10592.95","10520.20","10582.60"
"Tue Feb 27 2018 00:00:00 GMT+0530 (India Standard Time)","10615.20","10631.65","10537.25","10554.30"
"Wed Feb 28 2018 00:00:00 GMT+0530 (India Standard Time)","10488.95","10535.50","10461.54","10492.85"
"Thu Mar 01 2018 00:00:00 GMT+0530 (India Standard Time)","10479.95","10525.50","10447.15","10458.35"
"Mon Mar 05 2018 00:00:00 GMT+0530 (India Standard Time)","10428.29","10428.70","10323.90","10358.85"
"Tue Mar 06 2018 00:00:00 GMT+0530 (India Standard Time)","10420.50","10441.35","10215.90","10249.25"
"Wed Mar 07 2018 00:00:00 GMT+0530 (India Standard Time)","10232.95","10243.35","10141.54","10154.20"
"Thu Mar 08 2018 00:00:00 GMT+0530 (India Standard Time)","10216.25","10270.35","10146.40","10242.65"
"Fri Mar 09 2018 00:00:00 GMT+0530 (India Standard Time)","10271.29","10296.70","10211.90","10226.85"
"Mon Mar 12 2018 00:00:00 GMT+0530 (India Standard Time)","10301.60","10433.65","10295.45","10421.40"
"Tue Mar 13 2018 00:00:00 GMT+0530 (India Standard Time)","10389.50","10478.60","10377.85","10426.85"
"Wed Mar 14 2018 00:00:00 GMT+0530 (India Standard Time)","10393.04","10420.35","10336.29","10410.90"
"Thu Mar 15 2018 00:00:00 GMT+0530 (India Standard Time)","10405.45","10420.00","10346.20","10360.15"
"Fri Mar 16 2018 00:00:00 GMT+0530 (India Standard Time)","10345.15","10346.30","10180.25","10195.15"
"Mon Mar 19 2018 00:00:00 GMT+0530 (India Standard Time)","10215.35","10224.55","10075.29","10094.25"
"Tue Mar 20 2018 00:00:00 GMT+0530 (India Standard Time)","10051.54","10155.65","10049.10","10124.35"
"Wed Mar 21 2018 00:00:00 GMT+0530 (India Standard Time)","10181.95","10227.30","10132.95","10155.25"
"Thu Mar 22 2018 00:00:00 GMT+0530 (India Standard Time)","10167.50","10207.85","10105.40","10114.75"
"Fri Mar 23 2018 00:00:00 GMT+0530 (India Standard Time)","9968.79","10027.70","9951.90","9998.05"
"Mon Mar 26 2018 00:00:00 GMT+0530 (India Standard Time)","9989.15","10143.50","9958.54","10130.65"
"Tue Mar 27 2018 00:00:00 GMT+0530 (India Standard Time)","10188.00","10207.90","10139.65","10184.15"
"Wed Mar 28 2018 00:00:00 GMT+0530 (India Standard Time)","10143.60","10158.35","10096.90","10113.70"
"Mon Apr 02 2018 00:00:00 GMT+0530 (India Standard Time)","10151.65","10220.10","10127.75","10211.80"
"Tue Apr 03 2018 00:00:00 GMT+0530 (India Standard Time)","10186.85","10255.35","10171.04","10245.00"
"Wed Apr 04 2018 00:00:00 GMT+0530 (India Standard Time)","10274.60","10279.85","10111.29","10128.40"
"Thu Apr 05 2018 00:00:00 GMT+0530 (India Standard Time)","10228.45","10331.80","10227.45","10325.15"
"Fri Apr 06 2018 00:00:00 GMT+0530 (India Standard Time)","10322.75","10350.45","10290.85","10331.60"
"Mon Apr 09 2018 00:00:00 GMT+0530 (India Standard Time)","10333.70","10397.70","10328.50","10379.35"
"Tue Apr 10 2018 00:00:00 GMT+0530 (India Standard Time)","10412.90","10424.85","10381.50","10402.25"
"Wed Apr 11 2018 00:00:00 GMT+0530 (India Standard Time)","10428.15","10428.15","10355.60","10417.15"
"Thu Apr 12 2018 00:00:00 GMT+0530 (India Standard Time)","10410.65","10469.90","10395.25","10458.65"
"Fri Apr 13 2018 00:00:00 GMT+0530 (India Standard Time)","10495.30","10519.90","10451.45","10480.60"
"Mon Apr 16 2018 00:00:00 GMT+0530 (India Standard Time)","10398.29","10540.15","10396.35","10528.35"
"Tue Apr 17 2018 00:00:00 GMT+0530 (India Standard Time)","10557.30","10560.45","10495.65","10548.70"
"Wed Apr 18 2018 00:00:00 GMT+0530 (India Standard Time)","10578.90","10594.20","10509.70","10526.20"
"Thu Apr 19 2018 00:00:00 GMT+0530 (India Standard Time)","10563.65","10572.20","10546.20","10565.30"
"Fri Apr 20 2018 00:00:00 GMT+0530 (India Standard Time)","10560.35","10582.35","10527.45","10564.05"
"Mon Apr 23 2018 00:00:00 GMT+0530 (India Standard Time)","10592.80","10638.35","10514.95","10584.70"