"Date","Open","High","Low","Close"
"Tue Dec 14 2021 00:00:00 GMT+0530 (India Standard Time)","17283.20","17376.20","17225.80","17324.90"
"Wed Dec 15 2021 00:00:00 GMT+0530 (India Standard Time)","17323.65","17351.20","17192.20","17221.40"
"Thu Dec 16 2021 00:00:00 GMT+0530 (India Standard Time)","17373.00","17379.34","17184.95","17248.40"
"Fri Dec 17 2021 00:00:00 GMT+0530 (India Standard Time)","17276.00","17298.15","16966.45","16985.20"
"Mon Dec 20 2021 00:00:00 GMT+0530 (India Standard Time)","16824.25","16840.09","16410.20","16614.20"
"Tue Dec 21 2021 00:00:00 GMT+0530 (India Standard Time)","16773.15","16936.40","16688.25","16770.84"
"Wed Dec 22 2021 00:00:00 GMT+0530 (India Standard Time)","16865.55","16971.00","16819.50","16955.45"
"Thu Dec 23 2021 00:00:00 GMT+0530 (India Standard Time)","17066.80","17118.65","17015.55","17072.59"
"Fri Dec 24 2021 00:00:00 GMT+0530 (India Standard Time)","17149.50","17155.59","16909.59","17003.75"
"Mon Dec 27 2021 00:00:00 GMT+0530 (India Standard Time)","16937.75","17112.05","16833.20","17086.25"
"Tue Dec 28 2021 00:00:00 GMT+0530 (India Standard Time)","17177.59","17250.25","17161.15","17233.25"
"Wed Dec 29 2021 00:00:00 GMT+0530 (India Standard Time)","17220.09","17285.95","17176.65","17213.59"
"Thu Dec 30 2021 00:00:00 GMT+0530 (India Standard Time)","17201.45","17264.05","17146.34","17203.95"
"Fri Dec 31 2021 00:00:00 GMT+0530 (India Standard Time)","17244.50","17400.80","17238.50","17354.05"
"Mon Jan 03 2022 00:00:00 GMT+0530 (India Standard Time)","17387.15","17646.65","17383.30","17625.70"
"Tue Jan 04 2022 00:00:00 GMT+0530 (India Standard Time)","17681.40","17827.59","17593.55","17805.25"
"Wed Jan 05 2022 00:00:00 GMT+0530 (India Standard Time)","17820.09","17944.70","17748.84","17925.25"
"Thu Jan 06 2022 00:00:00 GMT+0530 (India Standard Time)","17768.50","17797.95","17655.55","17745.90"
"Fri Jan 07 2022 00:00:00 GMT+0530 (India Standard Time)","17797.59","17905.00","17704.55","17812.70"
"Mon Jan 10 2022 00:00:00 GMT+0530 (India Standard Time)","17913.30","18017.45","17879.15","18003.30"
"Tue Jan 11 2022 00:00:00 GMT+0530 (India Standard Time)","17997.75","18081.25","17964.40","18055.75"
"Wed Jan 12 2022 00:00:00 GMT+0530 (India Standard Time)","18170.40","18227.95","18128.80","18212.34"
"Thu Jan 13 2022 00:00:00 GMT+0530 (India Standard Time)","18257.00","18272.25","18163.80","18257.80"
"Fri Jan 14 2022 00:00:00 GMT+0530 (India Standard Time)","18185.00","18286.95","18119.65","18255.75"
"Mon Jan 17 2022 00:00:00 GMT+0530 (India Standard Time)","18235.65","18321.55","18228.75","18308.09"
"Tue Jan 18 2022 00:00:00 GMT+0530 (India Standard Time)","18337.20","18350.95","18085.90","18113.05"
"Wed Jan 19 2022 00:00:00 GMT+0530 (India Standard Time)","18129.20","18129.20","17884.90","17938.40"
"Thu Jan 20 2022 00:00:00 GMT+0530 (India Standard Time)","17921.00","17943.70","17648.45","17757.00"
"Fri Jan 21 2022 00:00:00 GMT+0530 (India Standard Time)","17613.70","17707.59","17485.84","17617.15"
"Mon Jan 24 2022 00:00:00 GMT+0530 (India Standard Time)","17575.15","17599.40","16997.84","17149.09"
"Tue Jan 25 2022 00:00:00 GMT+0530 (India Standard Time)","17001.55","17309.15","16836.80","17277.95"
"Thu Jan 27 2022 00:00:00 GMT+0530 (India Standard Time)","17062.00","17182.50","16866.75","17110.15"
"Fri Jan 28 2022 00:00:00 GMT+0530 (India Standard Time)","17208.30","17373.50","17077.09","17101.95"
"Mon Jan 31 2022 00:00:00 GMT+0530 (India Standard Time)","17301.05","17410.00","17264.15","17339.84"
"Tue Feb 01 2022 00:00:00 GMT+0530 (India Standard Time)","17529.45","17622.40","17244.55","17576.84"
"Wed Feb 02 2022 00:00:00 GMT+0530 (India Standard Time)","17706.20","17794.59","17674.80","17780.00"
"Thu Feb 03 2022 00:00:00 GMT+0530 (India Standard Time)","17767.75","17781.15","17511.15","17560.20"
"Fri Feb 04 2022 00:00:00 GMT+0530 (India Standard Time)","17590.20","17617.80","17462.55","17516.30"
"Mon Feb 07 2022 00:00:00 GMT+0530 (India Standard Time)","17456.30","17536.75","17119.40","17213.59"
"Tue Feb 08 2022 00:00:00 GMT+0530 (India Standard Time)","17279.84","17306.45","17043.65","17266.75"
"Wed Feb 09 2022 00:00:00 GMT+0530 (India Standard Time)","17370.09","17477.15","17339.00","17463.80"
"Thu Feb 10 2022 00:00:00 GMT+0530 (India Standard Time)","17554.10","17639.45","17427.15","17605.85"
"Fri Feb 11 2022 00:00:00 GMT+0530 (India Standard Time)","17451.00","17454.75","17303.00","17374.75"
"Mon Feb 14 2022 00:00:00 GMT+0530 (India Standard Time)","17076.15","17099.50","16809.65","16842.80"
"Tue Feb 15 2022 00:00:00 GMT+0530 (India Standard Time)","16933.25","17375.00","16839.25","17352.45"
"Wed Feb 16 2022 00:00:00 GMT+0530 (India Standard Time)","17408.45","17490.60","17257.70","17322.20"
"Thu Feb 17 2022 00:00:00 GMT+0530 (India Standard Time)","17396.55","17442.90","17235.85","17304.60"
"Fri Feb 18 2022 00:00:00 GMT+0530 (India Standard Time)","17236.05","17380.80","17219.20","17276.30"
"Mon Feb 21 2022 00:00:00 GMT+0530 (India Standard Time)","17192.25","17351.05","17070.70","17206.65"
"Tue Feb 22 2022 00:00:00 GMT+0530 (India Standard Time)","16847.95","17148.55","16843.80","17092.20"
"Wed Feb 23 2022 00:00:00 GMT+0530 (India Standard Time)","17194.50","17220.70","17027.85","17063.25"
"Thu Feb 24 2022 00:00:00 GMT+0530 (India Standard Time)","16548.90","16705.25","16203.25","16247.95"
"Fri Feb 25 2022 00:00:00 GMT+0530 (India Standard Time)","16515.65","16748.80","16478.30","16658.40"
"Mon Feb 28 2022 00:00:00 GMT+0530 (India Standard Time)","16481.60","16815.90","16356.30","16793.90"
"Wed Mar 02 2022 00:00:00 GMT+0530 (India Standard Time)","16593.10","16678.50","16478.65","16605.95"
"Thu Mar 03 2022 00:00:00 GMT+0530 (India Standard Time)","16723.20","16768.95","16442.95","16498.05"
"Fri Mar 04 2022 00:00:00 GMT+0530 (India Standard Time)","16339.45","16456.00","16133.80","16245.35"
"Mon Mar 07 2022 00:00:00 GMT+0530 (India Standard Time)","15867.95","15944.60","15711.45","15863.15"
"Tue Mar 08 2022 00:00:00 GMT+0530 (India Standard Time)","15747.75","16028.75","15671.45","16013.45"
"Wed Mar 09 2022 00:00:00 GMT+0530 (India Standard Time)","16078.00","16418.05","15990.00","16345.35"
"Thu Mar 10 2022 00:00:00 GMT+0530 (India Standard Time)","16757.10","16757.30","16447.90","16594.90"
"Fri Mar 11 2022 00:00:00 GMT+0530 (India Standard Time)","16528.80","16694.40","16470.90","16630.45"
"Mon Mar 14 2022 00:00:00 GMT+0530 (India Standard Time)","16633.70","16887.95","16606.50","16871.30"
"Tue Mar 15 2022 00:00:00 GMT+0530 (India Standard Time)","16900.65","16927.75","16555.00","16663.00"
"Wed Mar 16 2022 00:00:00 GMT+0530 (India Standard Time)","16876.65","16987.90","16837.85","16975.35"
"Thu Mar 17 2022 00:00:00 GMT+0530 (India Standard Time)","17202.90","17344.60","17175.75","17287.05"
"Mon Mar 21 2022 00:00:00 GMT+0530 (India Standard Time)","17329.50","17353.35","17096.40","17117.60"
"Tue Mar 22 2022 00:00:00 GMT+0530 (India Standard Time)","17120.40","17334.40","17006.30","17315.50"
"Wed Mar 23 2022 00:00:00 GMT+0530 (India Standard Time)","17405.05","17442.40","17199.60","17245.65"
"Thu Mar 24 2022 00:00:00 GMT+0530 (India Standard Time)","17094.95","17291.75","17091.15","17222.75"
"Fri Mar 25 2022 00:00:00 GMT+0530 (India Standard Time)","17289.00","17294.90","17076.55","17153.00"
"Mon Mar 28 2022 00:00:00 GMT+0530 (India Standard Time)","17181.85","17235.10","17003.90","17222.00"
"Tue Mar 29 2022 00:00:00 GMT+0530 (India Standard Time)","17297.20","17343.65","17235.70","17325.30"
"Wed Mar 30 2022 00:00:00 GMT+0530 (India Standard Time)","17468.15","17522.50","17387.20","17498.25"
"Thu Mar 31 2022 00:00:00 GMT+0530 (India Standard Time)","17519.20","17559.80","17435.20","17464.75"
"Fri Apr 01 2022 00:00:00 GMT+0530 (India Standard Time)","17436.90","17703.70","17422.70","17670.45"
"Mon Apr 04 2022 00:00:00 GMT+0530 (India Standard Time)","17809.10","18114.65","17791.40","18053.40"
"Tue Apr 05 2022 00:00:00 GMT+0530 (India Standard Time)","18080.60","18095.45","17921.55","17957.40"
"Wed Apr 06 2022 00:00:00 GMT+0530 (India Standard Time)","17842.75","17901.00","17779.85","17807.65"
"Thu Apr 07 2022 00:00:00 GMT+0530 (India Standard Time)","17723.30","17787.50","17623.70","17639.55"
"Fri Apr 08 2022 00:00:00 GMT+0530 (India Standard Time)","17698.15","17842.75","17600.55","17784.35"
"Mon Apr 11 2022 00:00:00 GMT+0530 (India Standard Time)","17740.90","17779.05","17650.95","17674.95"
"Tue Apr 12 2022 00:00:00 GMT+0530 (India Standard Time)","17584.85","17595.30","17442.35","17530.30"
"Wed Apr 13 2022 00:00:00 GMT+0530 (India Standard Time)","17599.90","17663.65","17457.40","17475.65"
"Mon Apr 18 2022 00:00:00 GMT+0530 (India Standard Time)","17183.45","17237.75","17067.85","17173.65"
"Tue Apr 19 2022 00:00:00 GMT+0530 (India Standard Time)","17258.95","17275.65","16824.70","16958.65"
"Wed Apr 20 2022 00:00:00 GMT+0530 (India Standard Time)","17045.25","17186.90","16978.95","17136.55"
"Thu Apr 21 2022 00:00:00 GMT+0530 (India Standard Time)","17234.60","17414.70","17215.50","17392.60"
"Fri Apr 22 2022 00:00:00 GMT+0530 (India Standard Time)","17242.75","17315.30","17149.20","17171.95"
"Mon Apr 25 2022 00:00:00 GMT+0530 (India Standard Time)","17009.05","17054.30","16888.70","16953.95"
"Tue Apr 26 2022 00:00:00 GMT+0530 (India Standard Time)","17121.30","17223.85","17064.45","17200.80"
"Wed Apr 27 2022 00:00:00 GMT+0530 (India Standard Time)","17073.35","17110.70","16958.45","17038.40"
"Thu Apr 28 2022 00:00:00 GMT+0530 (India Standard Time)","17189.50","17322.50","17071.05","17245.05"
"Fri Apr 29 2022 00:00:00 GMT+0530 (India Standard Time)","17329.25","17377.65","17053.25","17102.55"
"Mon May 02 2022 00:00:00 GMT+0530 (India Standard Time)","16924.45","17092.25","16917.25","17069.10"
"Wed May 04 2022 00:00:00 GMT+0530 (India Standard Time)","17096.60","17132.85","16623.95","16677.60"
"Thu May 05 2022 00:00:00 GMT+0530 (India Standard Time)","16854.75","16945.70","16651.85","16682.65"
"Fri May 06 2022 00:00:00 GMT+0530 (India Standard Time)","16415.55","16484.20","16340.90","16411.25"
"Mon May 09 2022 00:00:00 GMT+0530 (India Standard Time)","16227.70","16403.70","16142.10","16301.85"
"Tue May 10 2022 00:00:00 GMT+0530 (India Standard Time)","16248.90","16404.55","16197.30","16240.05"
"Wed May 11 2022 00:00:00 GMT+0530 (India Standard Time)","16270.05","16318.75","15992.60","16167.10"
"Thu May 12 2022 00:00:00 GMT+0530 (India Standard Time)","16021.10","16041.95","15735.75","15808.00"
"Fri May 13 2022 00:00:00 GMT+0530 (India Standard Time)","15977.00","16083.60","15740.85","15782.15"
"Mon May 16 2022 00:00:00 GMT+0530 (India Standard Time)","15845.10","15977.95","15739.65","15842.30"
"Tue May 17 2022 00:00:00 GMT+0530 (India Standard Time)","15912.60","16284.25","15900.80","16259.30"
"Wed May 18 2022 00:00:00 GMT+0530 (India Standard Time)","16318.15","16399.80","16211.20","16240.30"
"Thu May 19 2022 00:00:00 GMT+0530 (India Standard Time)","15917.40","15984.75","15775.20","15809.40"
"Fri May 20 2022 00:00:00 GMT+0530 (India Standard Time)","16043.80","16283.05","16003.85","16266.15"
"Mon May 23 2022 00:00:00 GMT+0530 (India Standard Time)","16290.95","16414.70","16185.75","16214.70"
"Tue May 24 2022 00:00:00 GMT+0530 (India Standard Time)","16225.55","16262.80","16078.60","16125.15"
"Wed May 25 2022 00:00:00 GMT+0530 (India Standard Time)","16196.35","16223.35","16006.95","16025.80"
"Thu May 26 2022 00:00:00 GMT+0530 (India Standard Time)","16105.00","16204.45","15903.70","16170.15"
"Fri May 27 2022 00:00:00 GMT+0530 (India Standard Time)","16296.60","16370.60","16221.95","16352.45"
"Mon May 30 2022 00:00:00 GMT+0530 (India Standard Time)","16527.90","16695.50","16506.15","16661.40"
"Tue May 31 2022 00:00:00 GMT+0530 (India Standard Time)","16578.45","16690.75","16521.90","16584.55"
"Wed Jun 01 2022 00:00:00 GMT+0530 (India Standard Time)","16594.40","16649.20","16438.85","16522.75"
"Thu Jun 02 2022 00:00:00 GMT+0530 (India Standard Time)","16481.65","16646.40","16443.05","16628.00"
"Fri Jun 03 2022 00:00:00 GMT+0530 (India Standard Time)","16761.65","16793.85","16567.90","16584.30"
"Mon Jun 06 2022 00:00:00 GMT+0530 (India Standard Time)","16530.70","16610.95","16444.55","16569.55"
"Tue Jun 07 2022 00:00:00 GMT+0530 (India Standard Time)","16469.60","16487.25","16347.10","16416.35"
"Wed Jun 08 2022 00:00:00 GMT+0530 (India Standard Time)","16474.95","16514.30","16293.35","16356.25"
"Thu Jun 09 2022 00:00:00 GMT+0530 (India Standard Time)","16263.85","16492.80","16243.85","16478.10"
"Fri Jun 10 2022 00:00:00 GMT+0530 (India Standard Time)","16283.95","16324.70","16172.60","16201.80"
"Mon Jun 13 2022 00:00:00 GMT+0530 (India Standard Time)","15877.55","15886.15","15684.00","15774.40"
"Tue Jun 14 2022 00:00:00 GMT+0530 (India Standard Time)","15674.25","15858.00","15659.45","15732.10"
"Wed Jun 15 2022 00:00:00 GMT+0530 (India Standard Time)","15729.25","15783.65","15678.90","15692.15"
"Thu Jun 16 2022 00:00:00 GMT+0530 (India Standard Time)","15832.25","15863.15","15335.10","15360.60"
"Fri Jun 17 2022 00:00:00 GMT+0530 (India Standard Time)","15272.65","15400.40","15183.40","15293.50"
"Mon Jun 20 2022 00:00:00 GMT+0530 (India Standard Time)","15334.50","15382.50","15191.10","15350.15"
"Tue Jun 21 2022 00:00:00 GMT+0530 (India Standard Time)","15455.95","15707.25","15419.85","15638.80"
"Wed Jun 22 2022 00:00:00 GMT+0530 (India Standard Time)","15545.65","15565.40","15385.95","15413.30"
"Thu Jun 23 2022 00:00:00 GMT+0530 (India Standard Time)","15451.55","15628.45","15367.50","15556.65"
"Fri Jun 24 2022 00:00:00 GMT+0530 (India Standard Time)","15657.40","15749.25","15619.45","15699.25"
"Mon Jun 27 2022 00:00:00 GMT+0530 (India Standard Time)","15926.20","15927.45","15815.50","15832.05"
"Tue Jun 28 2022 00:00:00 GMT+0530 (India Standard Time)","15757.45","15892.10","15710.15","15850.20"
"Wed Jun 29 2022 00:00:00 GMT+0530 (India Standard Time)","15701.70","15861.60","15687.80","15799.10"
"Thu Jun 30 2022 00:00:00 GMT+0530 (India Standard Time)","15774.50","15890.00","15728.85","15780.25"
"Fri Jul 01 2022 00:00:00 GMT+0530 (India Standard Time)","15703.70","15793.95","15511.05","15752.05"
"Mon Jul 04 2022 00:00:00 GMT+0530 (India Standard Time)","15710.50","15852.35","15661.80","15835.35"
"Tue Jul 05 2022 00:00:00 GMT+0530 (India Standard Time)","15909.15","16025.75","15785.45","15810.85"
"Wed Jul 06 2022 00:00:00 GMT+0530 (India Standard Time)","15818.20","16011.35","15800.90","15989.80"
"Thu Jul 07 2022 00:00:00 GMT+0530 (India Standard Time)","16113.75","16150.50","16045.95","16132.90"
"Fri Jul 08 2022 00:00:00 GMT+0530 (India Standard Time)","16273.65","16275.50","16157.90","16220.60"
"Mon Jul 11 2022 00:00:00 GMT+0530 (India Standard Time)","16136.15","16248.55","16115.50","16216.00"
"Tue Jul 12 2022 00:00:00 GMT+0530 (India Standard Time)","16126.20","16158.75","16031.15","16058.30"
"Wed Jul 13 2022 00:00:00 GMT+0530 (India Standard Time)","16128.20","16140.00","15950.15","15966.65"
"Thu Jul 14 2022 00:00:00 GMT+0530 (India Standard Time)","16018.85","16070.85","15858.20","15938.65"
"Fri Jul 15 2022 00:00:00 GMT+0530 (India Standard Time)","16010.80","16066.95","15927.30","16049.20"
"Mon Jul 18 2022 00:00:00 GMT+0530 (India Standard Time)","16151.40","16287.95","16142.20","16278.50"
"Tue Jul 19 2022 00:00:00 GMT+0530 (India Standard Time)","16187.05","16359.50","16187.05","16340.55"
"Wed Jul 20 2022 00:00:00 GMT+0530 (India Standard Time)","16562.80","16588.00","16490.95","16520.85"
"Thu Jul 21 2022 00:00:00 GMT+0530 (India Standard Time)","16523.55","16626.95","16483.90","16605.25"
"Fri Jul 22 2022 00:00:00 GMT+0530 (India Standard Time)","16661.25","16752.25","16610.90","16719.45"
"Mon Jul 25 2022 00:00:00 GMT+0530 (India Standard Time)","16662.55","16706.05","16564.25","16631.00"
"Tue Jul 26 2022 00:00:00 GMT+0530 (India Standard Time)","16632.90","16636.10","16463.30","16483.85"
"Wed Jul 27 2022 00:00:00 GMT+0530 (India Standard Time)","16475.35","16653.45","16438.75","16641.80"
"Thu Jul 28 2022 00:00:00 GMT+0530 (India Standard Time)","16774.85","16947.65","16746.25","16929.60"
"Fri Jul 29 2022 00:00:00 GMT+0530 (India Standard Time)","17079.50","17172.80","17018.15","17158.25"
"Mon Aug 01 2022 00:00:00 GMT+0530 (India Standard Time)","17243.20","17356.25","17154.80","17340.05"
"Tue Aug 02 2022 00:00:00 GMT+0530 (India Standard Time)","17310.15","17390.15","17215.85","17345.45"
"Wed Aug 03 2022 00:00:00 GMT+0530 (India Standard Time)","17349.25","17407.50","17225.85","17388.15"
"Thu Aug 04 2022 00:00:00 GMT+0530 (India Standard Time)","17463.10","17490.70","17161.25","17382.00"
"Fri Aug 05 2022 00:00:00 GMT+0530 (India Standard Time)","17423.65","17474.40","17348.75","17397.50"
"Mon Aug 08 2022 00:00:00 GMT+0530 (India Standard Time)","17401.50","17548.80","17359.75","17525.10"
"Wed Aug 10 2022 00:00:00 GMT+0530 (India Standard Time)","17566.10","17566.10","17442.80","17534.75"
"Thu Aug 11 2022 00:00:00 GMT+0530 (India Standard Time)","17711.65","17719.30","17631.95","17659.00"
"Fri Aug 12 2022 00:00:00 GMT+0530 (India Standard Time)","17659.65","17724.65","17597.85","17698.15"
"Tue Aug 16 2022 00:00:00 GMT+0530 (India Standard Time)","17797.20","17839.10","17764.05","17825.25"
"Wed Aug 17 2022 00:00:00 GMT+0530 (India Standard Time)","17868.15","17965.95","17833.35","17944.25"
"Thu Aug 18 2022 00:00:00 GMT+0530 (India Standard Time)","17898.65","17968.45","17852.05","17956.50"
"Fri Aug 19 2022 00:00:00 GMT+0530 (India Standard Time)","17966.55","17992.20","17710.75","17758.45"
"Mon Aug 22 2022 00:00:00 GMT+0530 (India Standard Time)","17682.90","17690.05","17467.35","17490.70"
"Tue Aug 23 2022 00:00:00 GMT+0530 (India Standard Time)","17357.35","17625.55","17345.20","17577.50"
"Wed Aug 24 2022 00:00:00 GMT+0530 (India Standard Time)","17525.45","17623.65","17499.25","17604.95"
"Thu Aug 25 2022 00:00:00 GMT+0530 (India Standard Time)","17679.00","17726.50","17487.45","17522.45"
"Fri Aug 26 2022 00:00:00 GMT+0530 (India Standard Time)","17619.30","17685.85","17519.35","17558.90"
"Mon Aug 29 2022 00:00:00 GMT+0530 (India Standard Time)","17188.65","17380.15","17166.20","17312.90"
"Tue Aug 30 2022 00:00:00 GMT+0530 (India Standard Time)","17414.95","17777.65","17401.50","17759.30"
"Thu Sep 01 2022 00:00:00 GMT+0530 (India Standard Time)","17485.70","17695.60","17468.45","17542.80"
"Fri Sep 02 2022 00:00:00 GMT+0530 (India Standard Time)","17598.40","17643.85","17476.45","17539.45"
"Mon Sep 05 2022 00:00:00 GMT+0530 (India Standard Time)","17546.45","17683.15","17540.35","17665.80"
"Tue Sep 06 2022 00:00:00 GMT+0530 (India Standard Time)","17695.70","17764.65","17587.65","17655.60"
"Wed Sep 07 2022 00:00:00 GMT+0530 (India Standard Time)","17519.40","17650.75","17484.30","17624.40"
"Thu Sep 08 2022 00:00:00 GMT+0530 (India Standard Time)","17748.15","17807.65","17691.95","17798.75"
"Fri Sep 09 2022 00:00:00 GMT+0530 (India Standard Time)","17923.35","17925.95","17786.00","17833.35"
"Mon Sep 12 2022 00:00:00 GMT+0530 (India Standard Time)","17890.85","17980.55","17889.15","17936.35"
"Tue Sep 13 2022 00:00:00 GMT+0530 (India Standard Time)","18044.45","18088.30","18015.45","18070.05"
"Wed Sep 14 2022 00:00:00 GMT+0530 (India Standard Time)","17771.15","18091.55","17771.15","18003.75"
"Thu Sep 15 2022 00:00:00 GMT+0530 (India Standard Time)","18046.35","18096.15","17861.50","17877.40"
"Fri Sep 16 2022 00:00:00 GMT+0530 (India Standard Time)","17796.80","17820.05","17497.25","17530.85"
"Mon Sep 19 2022 00:00:00 GMT+0530 (India Standard Time)","17540.65","17667.20","17429.70","17622.25"
"Tue Sep 20 2022 00:00:00 GMT+0530 (India Standard Time)","17770.40","17919.30","17744.40","17816.25"
"Wed Sep 21 2022 00:00:00 GMT+0530 (India Standard Time)","17766.35","17838.70","17663.60","17718.35"
"Thu Sep 22 2022 00:00:00 GMT+0530 (India Standard Time)","17609.65","17722.75","17532.45","17629.80"
"Fri Sep 23 2022 00:00:00 GMT+0530 (India Standard Time)","17593.85","17642.15","17291.65","17327.35"
"Mon Sep 26 2022 00:00:00 GMT+0530 (India Standard Time)","17156.30","17196.40","16978.30","17016.30"
"Tue Sep 27 2022 00:00:00 GMT+0530 (India Standard Time)","17110.90","17176.45","16942.35","17007.40"
"Wed Sep 28 2022 00:00:00 GMT+0530 (India Standard Time)","16870.55","17037.60","16820.40","16858.60"
"Thu Sep 29 2022 00:00:00 GMT+0530 (India Standard Time)","16993.60","17026.05","16788.60","16818.10"
"Fri Sep 30 2022 00:00:00 GMT+0530 (India Standard Time)","16798.05","17187.10","16747.70","17094.35"
"Mon Oct 03 2022 00:00:00 GMT+0530 (India Standard Time)","17102.10","17114.65","16855.55","16887.35"
"Tue Oct 04 2022 00:00:00 GMT+0530 (India Standard Time)","17147.45","17287.30","17117.30","17274.30"
"Thu Oct 06 2022 00:00:00 GMT+0530 (India Standard Time)","17379.25","17428.80","17315.65","17331.80"
"Fri Oct 07 2022 00:00:00 GMT+0530 (India Standard Time)","17287.20","17337.35","17216.95","17314.65"
"Mon Oct 10 2022 00:00:00 GMT+0530 (India Standard Time)","17094.35","17280.15","17064.70","17241.00"
"Tue Oct 11 2022 00:00:00 GMT+0530 (India Standard Time)","17256.05","17261.80","16950.30","16983.55"
"Wed Oct 12 2022 00:00:00 GMT+0530 (India Standard Time)","17025.55","17142.35","16960.05","17123.60"
"Thu Oct 13 2022 00:00:00 GMT+0530 (India Standard Time)","17087.35","17112.35","16956.95","17014.35"
"Fri Oct 14 2022 00:00:00 GMT+0530 (India Standard Time)","17322.30","17348.55","17169.75","17185.70"
"Mon Oct 17 2022 00:00:00 GMT+0530 (India Standard Time)","17144.80","17328.55","17098.55","17311.80"
"Tue Oct 18 2022 00:00:00 GMT+0530 (India Standard Time)","17438.75","17527.80","17434.05","17486.95"
"Wed Oct 19 2022 00:00:00 GMT+0530 (India Standard Time)","17568.15","17607.60","17472.85","17512.25"
"Thu Oct 20 2022 00:00:00 GMT+0530 (India Standard Time)","17423.10","17584.15","17421.00","17563.95"
"Fri Oct 21 2022 00:00:00 GMT+0530 (India Standard Time)","17622.85","17670.15","17520.75","17576.30"
"Mon Oct 24 2022 00:00:00 GMT+0530 (India Standard Time)","17736.35","17777.55","17707.40","17730.75"
"Tue Oct 25 2022 00:00:00 GMT+0530 (India Standard Time)","17808.30","17811.50","17637.00","17656.35"
"Thu Oct 27 2022 00:00:00 GMT+0530 (India Standard Time)","17771.40","17783.90","17654.50","17736.95"
"Fri Oct 28 2022 00:00:00 GMT+0530 (India Standard Time)","17756.40","17838.90","17723.70","17786.80"
"Mon Oct 31 2022 00:00:00 GMT+0530 (India Standard Time)","17910.20","18022.80","17899.90","18012.20"
"Tue Nov 01 2022 00:00:00 GMT+0530 (India Standard Time)","18130.70","18175.80","18060.15","18145.40"
"Wed Nov 02 2022 00:00:00 GMT+0530 (India Standard Time)","18177.90","18178.75","18048.65","18082.85"
"Thu Nov 03 2022 00:00:00 GMT+0530 (India Standard Time)","17968.35","18106.30","17959.20","18052.70"
"Fri Nov 04 2022 00:00:00 GMT+0530 (India Standard Time)","18053.40","18135.10","18017.15","18117.15"
"Mon Nov 07 2022 00:00:00 GMT+0530 (India Standard Time)","18211.75","18255.50","18064.75","18202.80"
"Wed Nov 09 2022 00:00:00 GMT+0530 (India Standard Time)","18288.25","18296.40","18117.50","18157.00"
"Thu Nov 10 2022 00:00:00 GMT+0530 (India Standard Time)","18044.35","18103.10","17969.40","18028.20"
"Fri Nov 11 2022 00:00:00 GMT+0530 (India Standard Time)","18272.35","18362.30","18259.35","18349.70"
"Mon Nov 14 2022 00:00:00 GMT+0530 (India Standard Time)","18376.40","18399.45","18311.40","18329.15"
"Tue Nov 15 2022 00:00:00 GMT+0530 (India Standard Time)","18362.75","18427.95","18282.00","18403.40"
"Wed Nov 16 2022 00:00:00 GMT+0530 (India Standard Time)","18398.25","18442.15","18344.15","18409.65"
"Thu Nov 17 2022 00:00:00 GMT+0530 (India Standard Time)","18358.70","18417.60","18312.95","18343.90"
"Fri Nov 18 2022 00:00:00 GMT+0530 (India Standard Time)","18382.95","18394.60","18209.80","18307.65"
"Mon Nov 21 2022 00:00:00 GMT+0530 (India Standard Time)","18246.40","18262.30","18133.35","18159.95"
"Tue Nov 22 2022 00:00:00 GMT+0530 (India Standard Time)","18179.15","18261.85","18137.70","18244.20"
"Wed Nov 23 2022 00:00:00 GMT+0530 (India Standard Time)","18325.20","18325.40","18246.00","18267.25"
"Thu Nov 24 2022 00:00:00 GMT+0530 (India Standard Time)","18326.10","18529.70","18294.25","18484.10"
"Fri Nov 25 2022 00:00:00 GMT+0530 (India Standard Time)","18528.45","18534.90","18445.10","18512.75"
"Mon Nov 28 2022 00:00:00 GMT+0530 (India Standard Time)","18430.55","18614.25","18365.60","18562.75"
"Tue Nov 29 2022 00:00:00 GMT+0530 (India Standard Time)","18552.45","18678.10","18552.15","18618.05"
"Wed Nov 30 2022 00:00:00 GMT+0530 (India Standard Time)","18625.70","18816.05","18616.55","18758.35"
"Thu Dec 01 2022 00:00:00 GMT+0530 (India Standard Time)","18871.95","18887.60","18778.20","18812.50"
"Fri Dec 02 2022 00:00:00 GMT+0530 (India Standard Time)","18752.40","18781.95","18639.20","18696.10"
"Mon Dec 05 2022 00:00:00 GMT+0530 (India Standard Time)","18719.55","18728.60","18591.35","18701.05"
"Tue Dec 06 2022 00:00:00 GMT+0530 (India Standard Time)","18600.65","18654.90","18577.90","18642.75"
"Wed Dec 07 2022 00:00:00 GMT+0530 (India Standard Time)","18638.85","18668.30","18528.40","18560.50"
"Thu Dec 08 2022 00:00:00 GMT+0530 (India Standard Time)","18570.85","18625.00","18536.95","18609.35"
"Fri Dec 09 2022 00:00:00 GMT+0530 (India Standard Time)","18662.40","18664.70","18410.10","18496.60"
"Mon Dec 12 2022 00:00:00 GMT+0530 (India Standard Time)","18402.15","18521.55","18345.70","18497.15"
"Tue Dec 13 2022 00:00:00 GMT+0530 (India Standard Time)","18524.40","18617.25","18490.20","18608.00"
"Wed Dec 14 2022 00:00:00 GMT+0530 (India Standard Time)","18671.25","18696.10","18632.90","18660.30"
"Thu Dec 15 2022 00:00:00 GMT+0530 (India Standard Time)","18614.40","18652.90","18387.70","18414.90"
"Fri Dec 16 2022 00:00:00 GMT+0530 (India Standard Time)","18319.10","18440.95","18255.15","18269.00"
"Mon Dec 19 2022 00:00:00 GMT+0530 (India Standard Time)","18288.10","18431.65","18244.55","18420.45"
"Tue Dec 20 2022 00:00:00 GMT+0530 (India Standard Time)","18340.30","18404.90","18202.65","18385.30"
"Wed Dec 21 2022 00:00:00 GMT+0530 (India Standard Time)","18435.15","18473.35","18162.75","18199.10"
"Thu Dec 22 2022 00:00:00 GMT+0530 (India Standard Time)","18288.80","18318.75","18068.60","18127.35"
"Fri Dec 23 2022 00:00:00 GMT+0530 (India Standard Time)","17977.65","18050.45","17779.50","17806.80"
"Mon Dec 26 2022 00:00:00 GMT+0530 (India Standard Time)","17830.40","18084.10","17774.25","18014.60"
"Tue Dec 27 2022 00:00:00 GMT+0530 (India Standard Time)","18089.80","18149.25","17967.45","18132.30"
"Wed Dec 28 2022 00:00:00 GMT+0530 (India Standard Time)","18084.75","18173.10","18068.35","18122.50"
"Thu Dec 29 2022 00:00:00 GMT+0530 (India Standard Time)","18045.70","18229.70","17992.80","18191.00"
"Fri Dec 30 2022 00:00:00 GMT+0530 (India Standard Time)","18259.10","18265.25","18080.30","18105.30"
"Mon Jan 02 2023 00:00:00 GMT+0530 (India Standard Time)","18131.70","18215.15","18086.50","18197.45"
"Tue Jan 03 2023 00:00:00 GMT+0530 (India Standard Time)","18163.20","18251.95","18149.80","18232.55"
"Wed Jan 04 2023 00:00:00 GMT+0530 (India Standard Time)","18230.65","18243.00","18020.60","18042.95"
"Thu Jan 05 2023 00:00:00 GMT+0530 (India Standard Time)","18101.95","18120.30","17892.60","17992.15"
"Fri Jan 06 2023 00:00:00 GMT+0530 (India Standard Time)","18008.05","18047.40","17795.55","17859.45"
"Mon Jan 09 2023 00:00:00 GMT+0530 (India Standard Time)","17952.55","18141.40","17936.15","18101.20"
"Tue Jan 10 2023 00:00:00 GMT+0530 (India Standard Time)","18121.30","18127.60","17856.00","17914.15"
"Wed Jan 11 2023 00:00:00 GMT+0530 (India Standard Time)","17924.25","17976.35","17824.35","17895.70"
"Thu Jan 12 2023 00:00:00 GMT+0530 (India Standard Time)","17920.85","17945.80","17761.65","17858.20"
"Fri Jan 13 2023 00:00:00 GMT+0530 (India Standard Time)","17867.50","17999.35","17774.25","17956.60"
"Mon Jan 16 2023 00:00:00 GMT+0530 (India Standard Time)","18033.15","18049.65","17853.65","17894.85"
"Tue Jan 17 2023 00:00:00 GMT+0530 (India Standard Time)","17922.80","18072.05","17886.95","18053.30"
"Wed Jan 18 2023 00:00:00 GMT+0530 (India Standard Time)","18074.30","18183.75","18032.45","18165.35"
"Thu Jan 19 2023 00:00:00 GMT+0530 (India Standard Time)","18119.80","18155.20","18063.75","18107.85"
"Fri Jan 20 2023 00:00:00 GMT+0530 (India Standard Time)","18115.60","18145.45","18016.20","18027.65"
"Mon Jan 23 2023 00:00:00 GMT+0530 (India Standard Time)","18118.45","18162.60","18063.45","18118.55"
"Tue Jan 24 2023 00:00:00 GMT+0530 (India Standard Time)","18183.95","18201.25","18078.65","18118.30"
"Wed Jan 25 2023 00:00:00 GMT+0530 (India Standard Time)","18093.35","18100.60","17846.15","17891.95"
"Fri Jan 27 2023 00:00:00 GMT+0530 (India Standard Time)","17877.20","17884.75","17493.55","17604.35"
"Mon Jan 30 2023 00:00:00 GMT+0530 (India Standard Time)","17541.95","17709.15","17405.55","17648.95"
"Tue Jan 31 2023 00:00:00 GMT+0530 (India Standard Time)","17731.45","17735.70","17537.55","17662.15"
"Wed Feb 01 2023 00:00:00 GMT+0530 (India Standard Time)","17811.60","17972.20","17353.40","17616.30"
"Thu Feb 02 2023 00:00:00 GMT+0530 (India Standard Time)","17517.10","17653.90","17445.95","17610.40"
"Fri Feb 03 2023 00:00:00 GMT+0530 (India Standard Time)","17721.75","17870.30","17584.20","17854.05"
"Mon Feb 06 2023 00:00:00 GMT+0530 (India Standard Time)","17818.55","17823.70","17698.35","17764.60"
"Tue Feb 07 2023 00:00:00 GMT+0530 (India Standard Time)","17790.10","17811.15","17652.55","17721.50"
"Wed Feb 08 2023 00:00:00 GMT+0530 (India Standard Time)","17750.30","17898.70","17744.15","17871.70"
"Thu Feb 09 2023 00:00:00 GMT+0530 (India Standard Time)","17885.50","17916.90","17779.80","17893.45"
"Fri Feb 10 2023 00:00:00 GMT+0530 (India Standard Time)","17847.55","17876.95","17801.00","17856.50"
"Mon Feb 13 2023 00:00:00 GMT+0530 (India Standard Time)","17859.10","17880.70","17719.75","17770.90"
"Tue Feb 14 2023 00:00:00 GMT+0530 (India Standard Time)","17840.35","17954.55","17800.05","17929.85"
"Wed Feb 15 2023 00:00:00 GMT+0530 (India Standard Time)","17896.60","18034.10","17853.80","18015.85"
"Thu Feb 16 2023 00:00:00 GMT+0530 (India Standard Time)","18094.75","18134.75","18000.65","18035.85"
"Fri Feb 17 2023 00:00:00 GMT+0530 (India Standard Time)","17974.85","18034.25","17884.60","17944.20"
"Mon Feb 20 2023 00:00:00 GMT+0530 (India Standard Time)","17965.55","18004.35","17818.40","17844.60"
"Tue Feb 21 2023 00:00:00 GMT+0530 (India Standard Time)","17905.80","17924.90","17800.30","17826.70"
"Wed Feb 22 2023 00:00:00 GMT+0530 (India Standard Time)","17755.35","17772.50","17529.45","17554.30"
"Thu Feb 23 2023 00:00:00 GMT+0530 (India Standard Time)","17574.65","17620.05","17455.40","17511.25"
"Fri Feb 24 2023 00:00:00 GMT+0530 (India Standard Time)","17591.35","17599.75","17421.80","17465.80"
"Mon Feb 27 2023 00:00:00 GMT+0530 (India Standard Time)","17428.60","17451.60","17299.00","17392.70"
"Tue Feb 28 2023 00:00:00 GMT+0530 (India Standard Time)","17383.25","17440.45","17255.20","17303.95"
"Wed Mar 01 2023 00:00:00 GMT+0530 (India Standard Time)","17360.10","17467.75","17345.25","17450.90"
"Thu Mar 02 2023 00:00:00 GMT+0530 (India Standard Time)","17421.50","17445.80","17306.00","17321.90"
"Fri Mar 03 2023 00:00:00 GMT+0530 (India Standard Time)","17451.25","17644.75","17427.70","17594.35"
"Mon Mar 06 2023 00:00:00 GMT+0530 (India Standard Time)","17680.35","17799.95","17671.95","17711.45"
"Wed Mar 08 2023 00:00:00 GMT+0530 (India Standard Time)","17665.75","17766.50","17602.25","17754.40"
"Thu Mar 09 2023 00:00:00 GMT+0530 (India Standard Time)","17772.05","17772.35","17573.60","17589.60"
"Fri Mar 10 2023 00:00:00 GMT+0530 (India Standard Time)","17443.80","17451.50","17324.35","17412.90"
"Mon Mar 13 2023 00:00:00 GMT+0530 (India Standard Time)","17421.90","17529.90","17113.45","17154.30"
"Tue Mar 14 2023 00:00:00 GMT+0530 (India Standard Time)","17160.55","17224.65","16987.10","17043.30"
"Wed Mar 15 2023 00:00:00 GMT+0530 (India Standard Time)","17166.45","17211.35","16938.90","16972.15"
"Thu Mar 16 2023 00:00:00 GMT+0530 (India Standard Time)","16994.65","17062.45","16850.15","16985.60"
"Fri Mar 17 2023 00:00:00 GMT+0530 (India Standard Time)","17111.80","17145.80","16958.15","17100.05"
"Mon Mar 20 2023 00:00:00 GMT+0530 (India Standard Time)","17066.60","17066.60","16828.35","16988.40"
"Tue Mar 21 2023 00:00:00 GMT+0530 (India Standard Time)","17060.40","17127.70","17016.00","17107.50"
"Wed Mar 22 2023 00:00:00 GMT+0530 (India Standard Time)","17177.45","17207.25","17107.85","17151.90"
"Thu Mar 23 2023 00:00:00 GMT+0530 (India Standard Time)","17097.40","17205.40","17045.30","17076.90"
"Fri Mar 24 2023 00:00:00 GMT+0530 (India Standard Time)","17076.20","17109.45","16917.35","16945.05"
"Mon Mar 27 2023 00:00:00 GMT+0530 (India Standard Time)","16984.30","17091.00","16918.55","16985.70"
"Tue Mar 28 2023 00:00:00 GMT+0530 (India Standard Time)","17031.75","17061.75","16913.75","16951.70"
"Wed Mar 29 2023 00:00:00 GMT+0530 (India Standard Time)","16977.30","17126.15","16940.60","17080.70"
"Fri Mar 31 2023 00:00:00 GMT+0530 (India Standard Time)","17210.35","17381.60","17204.65","17359.75"
"Mon Apr 03 2023 00:00:00 GMT+0530 (India Standard Time)","17427.95","17428.05","17312.75","17398.05"
"Wed Apr 05 2023 00:00:00 GMT+0530 (India Standard Time)","17422.30","17570.55","17402.70","17557.05"
"Thu Apr 06 2023 00:00:00 GMT+0530 (India Standard Time)","17533.85","17638.70","17502.85","17599.15"
"Mon Apr 10 2023 00:00:00 GMT+0530 (India Standard Time)","17634.90","17694.10","17597.95","17624.05"
"Tue Apr 11 2023 00:00:00 GMT+0530 (India Standard Time)","17704.80","17748.75","17655.15","17722.30"
"Wed Apr 12 2023 00:00:00 GMT+0530 (India Standard Time)","17759.55","17825.75","17717.25","17812.40"
"Thu Apr 13 2023 00:00:00 GMT+0530 (India Standard Time)","17807.30","17842.15","17729.65","17828.00"
"Mon Apr 17 2023 00:00:00 GMT+0530 (India Standard Time)","17863.00","17863.00","17574.05","17706.85"
"Tue Apr 18 2023 00:00:00 GMT+0530 (India Standard Time)","17766.60","17766.60","17610.20","17660.15"
"Wed Apr 19 2023 00:00:00 GMT+0530 (India Standard Time)","17653.35","17666.15","17579.85","17618.75"
"Thu Apr 20 2023 00:00:00 GMT+0530 (India Standard Time)","17638.60","17684.45","17584.35","17624.45"
"Fri Apr 21 2023 00:00:00 GMT+0530 (India Standard Time)","17639.75","17663.20","17553.95","17624.05"
"Mon Apr 24 2023 00:00:00 GMT+0530 (India Standard Time)","17707.55","17754.50","17612.50","17743.40"
"Tue Apr 25 2023 00:00:00 GMT+0530 (India Standard Time)","17761.55","17807.45","17716.85","17769.25"
"Wed Apr 26 2023 00:00:00 GMT+0530 (India Standard Time)","17767.30","17827.75","17711.20","17813.60"
"Thu Apr 27 2023 00:00:00 GMT+0530 (India Standard Time)","17813.10","17931.60","17797.90","17915.05"
"Fri Apr 28 2023 00:00:00 GMT+0530 (India Standard Time)","17950.40","18089.15","17885.30","18065.00"
"Tue May 02 2023 00:00:00 GMT+0530 (India Standard Time)","18124.80","18180.25","18101.75","18147.65"
"Wed May 03 2023 00:00:00 GMT+0530 (India Standard Time)","18113.80","18116.35","18042.40","18089.85"
"Thu May 04 2023 00:00:00 GMT+0530 (India Standard Time)","18081.00","18267.45","18066.70","18255.80"
"Fri May 05 2023 00:00:00 GMT+0530 (India Standard Time)","18117.30","18216.95","18055.45","18069.00"
"Mon May 08 2023 00:00:00 GMT+0530 (India Standard Time)","18120.60","18286.95","18100.30","18264.40"
"Tue May 09 2023 00:00:00 GMT+0530 (India Standard Time)","18303.40","18344.20","18229.65","18265.95"
"Wed May 10 2023 00:00:00 GMT+0530 (India Standard Time)","18313.60","18326.75","18211.95","18315.10"
"Thu May 11 2023 00:00:00 GMT+0530 (India Standard Time)","18357.80","18389.70","18270.40","18297.00"
"Fri May 12 2023 00:00:00 GMT+0530 (India Standard Time)","18273.75","18342.75","18194.55","18314.80"
"Mon May 15 2023 00:00:00 GMT+0530 (India Standard Time)","18339.30","18458.90","18287.90","18398.85"
"Tue May 16 2023 00:00:00 GMT+0530 (India Standard Time)","18432.35","18432.35","18264.35","18286.50"
"Wed May 17 2023 00:00:00 GMT+0530 (India Standard Time)","18300.45","18309.00","18115.35","18181.75"
"Thu May 18 2023 00:00:00 GMT+0530 (India Standard Time)","18287.50","18297.20","18104.85","18129.95"
"Fri May 19 2023 00:00:00 GMT+0530 (India Standard Time)","18186.15","18218.10","18060.40","18203.40"
"Mon May 22 2023 00:00:00 GMT+0530 (India Standard Time)","18201.10","18335.25","18178.85","18314.40"
"Tue May 23 2023 00:00:00 GMT+0530 (India Standard Time)","18362.90","18419.75","18324.20","18348.00"
"Wed May 24 2023 00:00:00 GMT+0530 (India Standard Time)","18294.80","18392.60","18262.95","18285.40"
"Thu May 25 2023 00:00:00 GMT+0530 (India Standard Time)","18268.90","18338.10","18202.40","18321.15"
"Fri May 26 2023 00:00:00 GMT+0530 (India Standard Time)","18368.35","18508.55","18333.15","18499.35"
"Mon May 29 2023 00:00:00 GMT+0530 (India Standard Time)","18619.15","18641.20","18581.25","18598.65"
"Tue May 30 2023 00:00:00 GMT+0530 (India Standard Time)","18606.65","18662.45","18575.50","18633.85"
"Wed May 31 2023 00:00:00 GMT+0530 (India Standard Time)","18594.20","18603.90","18483.85","18534.40"
"Thu Jun 01 2023 00:00:00 GMT+0530 (India Standard Time)","18579.40","18580.30","18464.55","18487.75"
"Fri Jun 02 2023 00:00:00 GMT+0530 (India Standard Time)","18550.85","18573.70","18478.40","18534.10"
"Mon Jun 05 2023 00:00:00 GMT+0530 (India Standard Time)","18612.00","18640.15","18582.80","18593.85"
"Tue Jun 06 2023 00:00:00 GMT+0530 (India Standard Time)","18600.80","18622.75","18531.60","18599.00"
"Wed Jun 07 2023 00:00:00 GMT+0530 (India Standard Time)","18665.60","18738.95","18636.00","18726.40"
"Thu Jun 08 2023 00:00:00 GMT+0530 (India Standard Time)","18725.35","18777.90","18615.60","18634.55"
"Fri Jun 09 2023 00:00:00 GMT+0530 (India Standard Time)","18655.90","18676.65","18555.40","18563.40"
"Mon Jun 12 2023 00:00:00 GMT+0530 (India Standard Time)","18595.05","18633.60","18559.75","18601.50"
"Tue Jun 13 2023 00:00:00 GMT+0530 (India Standard Time)","18631.80","18728.90","18631.80","18716.15"
"Wed Jun 14 2023 00:00:00 GMT+0530 (India Standard Time)","18744.60","18769.70","18690.00","18755.90"
"Thu Jun 15 2023 00:00:00 GMT+0530 (India Standard Time)","18774.45","18794.10","18669.05","18688.10"
"Fri Jun 16 2023 00:00:00 GMT+0530 (India Standard Time)","18723.30","18864.70","18710.50","18826.00"
"Mon Jun 19 2023 00:00:00 GMT+0530 (India Standard Time)","18873.30","18881.45","18719.15","18755.45"
"Tue Jun 20 2023 00:00:00 GMT+0530 (India Standard Time)","18752.35","18839.70","18660.65","18816.70"
"Wed Jun 21 2023 00:00:00 GMT+0530 (India Standard Time)","18849.40","18875.90","18794.85","18856.85"
"Thu Jun 22 2023 00:00:00 GMT+0530 (India Standard Time)","18853.60","18886.60","18759.50","18771.25"
"Fri Jun 23 2023 00:00:00 GMT+0530 (India Standard Time)","18741.85","18756.40","18647.10","18665.50"
"Mon Jun 26 2023 00:00:00 GMT+0530 (India Standard Time)","18682.35","18722.05","18646.70","18691.20"
"Tue Jun 27 2023 00:00:00 GMT+0530 (India Standard Time)","18748.55","18829.25","18714.25","18817.40"
"Wed Jun 28 2023 00:00:00 GMT+0530 (India Standard Time)","18908.15","19011.25","18861.35","18972.10"
"Fri Jun 30 2023 00:00:00 GMT+0530 (India Standard Time)","19076.85","19201.70","19024.60","19189.05"
"Mon Jul 03 2023 00:00:00 GMT+0530 (India Standard Time)","19246.50","19345.10","19234.40","19322.55"
"Tue Jul 04 2023 00:00:00 GMT+0530 (India Standard Time)","19406.60","19434.15","19300.00","19389.00"
"Wed Jul 05 2023 00:00:00 GMT+0530 (India Standard Time)","19405.95","19421.60","19339.60","19398.50"
"Thu Jul 06 2023 00:00:00 GMT+0530 (India Standard Time)","19385.70","19512.20","19373.00","19497.30"
"Fri Jul 07 2023 00:00:00 GMT+0530 (India Standard Time)","19422.80","19523.60","19303.60","19331.80"
"Mon Jul 10 2023 00:00:00 GMT+0530 (India Standard Time)","19400.35","19435.85","19327.10","19355.90"
"Tue Jul 11 2023 00:00:00 GMT+0530 (India Standard Time)","19427.10","19515.10","19406.45","19439.40"
"Wed Jul 12 2023 00:00:00 GMT+0530 (India Standard Time)","19497.45","19507.70","19361.75","19384.30"
"Thu Jul 13 2023 00:00:00 GMT+0530 (India Standard Time)","19495.20","19567.00","19385.80","19413.75"
"Fri Jul 14 2023 00:00:00 GMT+0530 (India Standard Time)","19493.45","19595.35","19433.50","19564.50"
"Mon Jul 17 2023 00:00:00 GMT+0530 (India Standard Time)","19612.15","19731.85","19562.95","19711.45"
"Tue Jul 18 2023 00:00:00 GMT+0530 (India Standard Time)","19787.50","19819.45","19690.20","19749.25"
"Wed Jul 19 2023 00:00:00 GMT+0530 (India Standard Time)","19802.95","19851.70","19727.45","19833.15"
"Thu Jul 20 2023 00:00:00 GMT+0530 (India Standard Time)","19831.70","19991.85","19758.40","19979.15"
"Fri Jul 21 2023 00:00:00 GMT+0530 (India Standard Time)","19800.45","19887.40","19700.00","19745.00"
"Mon Jul 24 2023 00:00:00 GMT+0530 (India Standard Time)","19748.45","19782.75","19658.30","19672.35"
"Tue Jul 25 2023 00:00:00 GMT+0530 (India Standard Time)","19729.35","19729.35","19615.95","19680.60"
"Wed Jul 26 2023 00:00:00 GMT+0530 (India Standard Time)","19733.35","19825.60","19716.70","19778.30"
"Thu Jul 27 2023 00:00:00 GMT+0530 (India Standard Time)","19850.90","19867.55","19603.55","19659.90"
"Fri Jul 28 2023 00:00:00 GMT+0530 (India Standard Time)","19659.75","19695.90","19563.10","19646.05"
"Mon Jul 31 2023 00:00:00 GMT+0530 (India Standard Time)","19666.35","19772.75","19597.60","19753.80"
"Tue Aug 01 2023 00:00:00 GMT+0530 (India Standard Time)","19784.00","19795.60","19704.60","19733.55"
"Wed Aug 02 2023 00:00:00 GMT+0530 (India Standard Time)","19655.40","19678.25","19423.55","19526.55"
"Thu Aug 03 2023 00:00:00 GMT+0530 (India Standard Time)","19463.75","19537.65","19296.45","19381.65"
"Fri Aug 04 2023 00:00:00 GMT+0530 (India Standard Time)","19462.80","19538.85","19436.45","19517.00"
"Mon Aug 07 2023 00:00:00 GMT+0530 (India Standard Time)","19576.85","19620.45","19524.80","19597.30"
"Tue Aug 08 2023 00:00:00 GMT+0530 (India Standard Time)","19627.20","19634.40","19533.10","19570.85"
"Wed Aug 09 2023 00:00:00 GMT+0530 (India Standard Time)","19578.80","19645.50","19467.50","19632.55"
"Thu Aug 10 2023 00:00:00 GMT+0530 (India Standard Time)","19605.55","19623.60","19495.40","19543.10"
"Fri Aug 11 2023 00:00:00 GMT+0530 (India Standard Time)","19554.25","19557.75","19412.75","19428.30"
"Mon Aug 14 2023 00:00:00 GMT+0530 (India Standard Time)","19383.95","19465.85","19257.90","19434.55"
"Wed Aug 16 2023 00:00:00 GMT+0530 (India Standard Time)","19369.00","19482.75","19317.20","19465.00"
"Thu Aug 17 2023 00:00:00 GMT+0530 (India Standard Time)","19450.55","19461.55","19326.25","19365.25"
"Fri Aug 18 2023 00:00:00 GMT+0530 (India Standard Time)","19301.75","19373.80","19253.60","19310.15"
"Mon Aug 21 2023 00:00:00 GMT+0530 (India Standard Time)","19320.65","19425.95","19296.30","19393.60"
"Tue Aug 22 2023 00:00:00 GMT+0530 (India Standard Time)","19417.10","19443.50","19381.30","19396.45"
"Wed Aug 23 2023 00:00:00 GMT+0530 (India Standard Time)","19439.20","19472.05","19366.60","19444.00"
"Thu Aug 24 2023 00:00:00 GMT+0530 (India Standard Time)","19535.15","19584.45","19369.00","19386.70"
"Fri Aug 25 2023 00:00:00 GMT+0530 (India Standard Time)","19297.40","19339.55","19229.70","19265.80"
"Mon Aug 28 2023 00:00:00 GMT+0530 (India Standard Time)","19298.35","19366.85","19249.70","19306.05"
"Tue Aug 29 2023 00:00:00 GMT+0530 (India Standard Time)","19374.85","19377.90","19309.10","19342.65"
"Wed Aug 30 2023 00:00:00 GMT+0530 (India Standard Time)","19433.45","19452.80","19334.75","19347.45"
"Thu Aug 31 2023 00:00:00 GMT+0530 (India Standard Time)","19375.55","19388.20","19223.65","19253.80"
"Fri Sep 01 2023 00:00:00 GMT+0530 (India Standard Time)","19258.15","19458.55","19255.70","19435.30"
"Mon Sep 04 2023 00:00:00 GMT+0530 (India Standard Time)","19525.05","19545.15","19432.85","19528.80"
"Tue Sep 05 2023 00:00:00 GMT+0530 (India Standard Time)","19564.65","19587.05","19525.75","19574.90"
"Wed Sep 06 2023 00:00:00 GMT+0530 (India Standard Time)","19581.20","19636.45","19491.50","19611.05"
"Thu Sep 07 2023 00:00:00 GMT+0530 (India Standard Time)","19598.65","19737.00","19550.05","19727.05"
"Fri Sep 08 2023 00:00:00 GMT+0530 (India Standard Time)","19774.80","19867.15","19727.05","19819.95"
"Mon Sep 11 2023 00:00:00 GMT+0530 (India Standard Time)","19890.00","20008.15","19865.35","19996.35"
"Tue Sep 12 2023 00:00:00 GMT+0530 (India Standard Time)","20110.15","20110.35","19914.65","19993.20"
"Wed Sep 13 2023 00:00:00 GMT+0530 (India Standard Time)","19989.50","20096.90","19944.10","20070.00"
"Thu Sep 14 2023 00:00:00 GMT+0530 (India Standard Time)","20127.95","20167.65","20043.45","20103.10"
"Fri Sep 15 2023 00:00:00 GMT+0530 (India Standard Time)","20156.45","20222.45","20129.70","20192.35"
"Mon Sep 18 2023 00:00:00 GMT+0530 (India Standard Time)","20155.95","20195.35","20115.70","20133.30"
"Wed Sep 20 2023 00:00:00 GMT+0530 (India Standard Time)","19980.75","20050.65","19878.85","19901.40"
"Thu Sep 21 2023 00:00:00 GMT+0530 (India Standard Time)","19840.55","19848.75","19709.95","19742.35"
"Fri Sep 22 2023 00:00:00 GMT+0530 (India Standard Time)","19744.85","19798.65","19657.50","19674.25"
"Mon Sep 25 2023 00:00:00 GMT+0530 (India Standard Time)","19678.20","19734.15","19601.55","19674.55"
"Tue Sep 26 2023 00:00:00 GMT+0530 (India Standard Time)","19682.80","19699.35","19637.45","19664.70"
"Wed Sep 27 2023 00:00:00 GMT+0530 (India Standard Time)","19637.05","19730.70","19554.00","19716.45"
"Thu Sep 28 2023 00:00:00 GMT+0530 (India Standard Time)","19761.80","19766.65","19492.10","19523.55"
"Fri Sep 29 2023 00:00:00 GMT+0530 (India Standard Time)","19581.20","19726.25","19551.05","19638.30"
"Tue Oct 03 2023 00:00:00 GMT+0530 (India Standard Time)","19622.40","19623.20","19479.65","19528.75"
"Wed Oct 04 2023 00:00:00 GMT+0530 (India Standard Time)","19446.30","19457.80","19333.60","19436.10"
"Thu Oct 05 2023 00:00:00 GMT+0530 (India Standard Time)","19521.85","19576.95","19487.30","19545.75"
"Fri Oct 06 2023 00:00:00 GMT+0530 (India Standard Time)","19621.20","19675.75","19589.40","19653.50"
"Mon Oct 09 2023 00:00:00 GMT+0530 (India Standard Time)","19539.45","19588.95","19480.50","19512.35"
"Tue Oct 10 2023 00:00:00 GMT+0530 (India Standard Time)","19565.60","19717.80","19565.45","19689.85"
"Wed Oct 11 2023 00:00:00 GMT+0530 (India Standard Time)","19767.00","19839.20","19756.95","19811.35"
"Thu Oct 12 2023 00:00:00 GMT+0530 (India Standard Time)","19822.70","19843.30","19772.65","19794.00"
"Fri Oct 13 2023 00:00:00 GMT+0530 (India Standard Time)","19654.55","19805.40","19635.30","19751.05"
"Mon Oct 16 2023 00:00:00 GMT+0530 (India Standard Time)","19737.25","19781.30","19691.85","19731.75"
"Tue Oct 17 2023 00:00:00 GMT+0530 (India Standard Time)","19843.20","19849.75","19775.65","19811.50"
"Wed Oct 18 2023 00:00:00 GMT+0530 (India Standard Time)","19820.45","19840.95","19659.95","19671.10"
"Thu Oct 19 2023 00:00:00 GMT+0530 (India Standard Time)","19545.20","19681.80","19512.35","19624.70"
"Fri Oct 20 2023 00:00:00 GMT+0530 (India Standard Time)","19542.15","19593.80","19518.70","19542.65"
"Mon Oct 23 2023 00:00:00 GMT+0530 (India Standard Time)","19521.60","19556.85","19257.85","19281.75"
"Wed Oct 25 2023 00:00:00 GMT+0530 (India Standard Time)","19286.45","19347.30","19074.15","19122.15"
"Thu Oct 26 2023 00:00:00 GMT+0530 (India Standard Time)","19027.25","19041.70","18837.85","18857.25"
"Fri Oct 27 2023 00:00:00 GMT+0530 (India Standard Time)","18928.75","19076.15","18926.65","19047.25"
"Mon Oct 30 2023 00:00:00 GMT+0530 (India Standard Time)","19053.40","19158.50","18940.00","19140.90"
"Tue Oct 31 2023 00:00:00 GMT+0530 (India Standard Time)","19232.95","19233.70","19056.45","19079.60"
"Wed Nov 01 2023 00:00:00 GMT+0530 (India Standard Time)","19064.05","19096.05","18973.70","18989.15"
"Thu Nov 02 2023 00:00:00 GMT+0530 (India Standard Time)","19120.00","19175.25","19064.15","19133.25"
"Fri Nov 03 2023 00:00:00 GMT+0530 (India Standard Time)","19241.00","19276.25","19210.90","19230.60"
"Mon Nov 06 2023 00:00:00 GMT+0530 (India Standard Time)","19345.85","19423.00","19309.70","19411.75"
"Tue Nov 07 2023 00:00:00 GMT+0530 (India Standard Time)","19404.05","19423.50","19329.10","19406.70"
"Wed Nov 08 2023 00:00:00 GMT+0530 (India Standard Time)","19449.60","19464.40","19401.50","19443.50"
"Thu Nov 09 2023 00:00:00 GMT+0530 (India Standard Time)","19457.40","19463.90","19378.35","19395.30"
"Fri Nov 10 2023 00:00:00 GMT+0530 (India Standard Time)","19351.85","19451.30","19329.45","19425.35"
"Sun Nov 12 2023 00:00:00 GMT+0530 (India Standard Time)","19547.25","19547.25","19510.25","19525.55"
"Mon Nov 13 2023 00:00:00 GMT+0530 (India Standard Time)","19486.75","19494.40","19414.75","19443.55"
"Wed Nov 15 2023 00:00:00 GMT+0530 (India Standard Time)","19651.40","19693.20","19579.65","19675.45"
"Thu Nov 16 2023 00:00:00 GMT+0530 (India Standard Time)","19674.70","19875.25","19627.00","19765.20"
"Fri Nov 17 2023 00:00:00 GMT+0530 (India Standard Time)","19674.75","19806.00","19667.45","19731.80"
"Mon Nov 20 2023 00:00:00 GMT+0530 (India Standard Time)","19731.15","19756.45","19670.50","19694.00"
"Tue Nov 21 2023 00:00:00 GMT+0530 (India Standard Time)","19770.90","19829.10","19754.05","19783.40"
"Wed Nov 22 2023 00:00:00 GMT+0530 (India Standard Time)","19784.00","19825.55","19703.85","19811.85"
"Thu Nov 23 2023 00:00:00 GMT+0530 (India Standard Time)","19828.45","19875.15","19786.75","19802.00"
"Fri Nov 24 2023 00:00:00 GMT+0530 (India Standard Time)","19809.60","19832.85","19768.85","19794.70"
"Tue Nov 28 2023 00:00:00 GMT+0530 (India Standard Time)","19844.65","19916.85","19800.00","19889.70"
"Wed Nov 29 2023 00:00:00 GMT+0530 (India Standard Time)","19976.55","20104.65","19956.30","20096.60"
"Thu Nov 30 2023 00:00:00 GMT+0530 (India Standard Time)","20108.50","20158.70","20015.85","20133.15"
"Fri Dec 01 2023 00:00:00 GMT+0530 (India Standard Time)","20194.10","20291.55","20183.70","20267.90"
"Mon Dec 04 2023 00:00:00 GMT+0530 (India Standard Time)","20601.95","20702.65","20507.75","20686.80"
"Tue Dec 05 2023 00:00:00 GMT+0530 (India Standard Time)","20808.90","20864.05","20711.15","20855.10"
"Wed Dec 06 2023 00:00:00 GMT+0530 (India Standard Time)","20950.75","20961.95","20852.15","20937.70"
"Thu Dec 07 2023 00:00:00 GMT+0530 (India Standard Time)","20932.40","20941.25","20850.80","20901.15"
"Fri Dec 08 2023 00:00:00 GMT+0530 (India Standard Time)","20934.10","21006.10","20862.70","20969.40"
"Mon Dec 11 2023 00:00:00 GMT+0530 (India Standard Time)","20965.30","21026.10","20923.70","20997.10"
"Tue Dec 12 2023 00:00:00 GMT+0530 (India Standard Time)","21018.55","21037.90","20867.15","20906.40"
"Wed Dec 13 2023 00:00:00 GMT+0530 (India Standard Time)","20929.75","20950.00","20769.50","20926.35"
"Thu Dec 14 2023 00:00:00 GMT+0530 (India Standard Time)","21110.40","21210.90","21074.45","21182.70"
"Fri Dec 15 2023 00:00:00 GMT+0530 (India Standard Time)","21287.45","21492.30","21235.30","21456.65"
"Mon Dec 18 2023 00:00:00 GMT+0530 (India Standard Time)","21434.80","21482.80","21365.35","21418.65"
"Tue Dec 19 2023 00:00:00 GMT+0530 (India Standard Time)","21477.65","21505.05","21337.75","21453.10"
"Wed Dec 20 2023 00:00:00 GMT+0530 (India Standard Time)","21543.50","21593.00","21087.35","21150.15"
"Thu Dec 21 2023 00:00:00 GMT+0530 (India Standard Time)","21033.95","21288.35","20976.80","21255.05"
"Fri Dec 22 2023 00:00:00 GMT+0530 (India Standard Time)","21295.85","21390.50","21232.45","21349.40"
"Tue Dec 26 2023 00:00:00 GMT+0530 (India Standard Time)","21365.20","21477.15","21329.45","21441.35"
"Wed Dec 27 2023 00:00:00 GMT+0530 (India Standard Time)","21497.65","21675.75","21495.80","21654.75"
"Thu Dec 28 2023 00:00:00 GMT+0530 (India Standard Time)","21715.00","21801.45","21678.00","21778.70"
"Fri Dec 29 2023 00:00:00 GMT+0530 (India Standard Time)","21737.65","21770.30","21676.90","21731.40"
"Mon Jan 01 2024 00:00:00 GMT+0530 (India Standard Time)","21727.75","21834.35","21680.85","21741.90"
"Tue Jan 02 2024 00:00:00 GMT+0530 (India Standard Time)","21751.35","21755.60","21555.65","21665.80"
"Wed Jan 03 2024 00:00:00 GMT+0530 (India Standard Time)","21661.10","21677.00","21500.35","21517.35"
"Thu Jan 04 2024 00:00:00 GMT+0530 (India Standard Time)","21605.80","21685.65","21564.55","21658.60"
"Fri Jan 05 2024 00:00:00 GMT+0530 (India Standard Time)","21705.75","21749.60","21629.20","21710.80"
"Mon Jan 08 2024 00:00:00 GMT+0530 (India Standard Time)","21747.60","21763.95","21492.90","21513.00"
"Tue Jan 09 2024 00:00:00 GMT+0530 (India Standard Time)","21653.60","21724.45","21517.85","21544.85"
"Wed Jan 10 2024 00:00:00 GMT+0530 (India Standard Time)","21529.30","21641.85","21448.65","21618.70"
"Thu Jan 11 2024 00:00:00 GMT+0530 (India Standard Time)","21688.00","21726.50","21593.75","21647.20"
"Fri Jan 12 2024 00:00:00 GMT+0530 (India Standard Time)","21773.55","21928.25","21715.15","21894.55"
"Mon Jan 15 2024 00:00:00 GMT+0530 (India Standard Time)","22053.15","22115.55","21963.55","22097.45"
"Tue Jan 16 2024 00:00:00 GMT+0530 (India Standard Time)","22080.50","22124.15","21969.80","22032.30"
"Wed Jan 17 2024 00:00:00 GMT+0530 (India Standard Time)","21647.25","21851.50","21550.45","21571.95"
"Thu Jan 18 2024 00:00:00 GMT+0530 (India Standard Time)","21414.20","21539.40","21285.55","21462.25"
"Fri Jan 19 2024 00:00:00 GMT+0530 (India Standard Time)","21615.20","21670.60","21575.00","21622.40"
"Sat Jan 20 2024 00:00:00 GMT+0530 (India Standard Time)","21706.15","21720.30","21541.80","21571.80"
"Tue Jan 23 2024 00:00:00 GMT+0530 (India Standard Time)","21716.70","21750.25","21192.60","21238.80"
"Wed Jan 24 2024 00:00:00 GMT+0530 (India Standard Time)","21185.25","21482.35","21137.20","21453.95"
"Thu Jan 25 2024 00:00:00 GMT+0530 (India Standard Time)","21454.60","21459.00","21247.05","21352.60"
"Mon Jan 29 2024 00:00:00 GMT+0530 (India Standard Time)","21433.10","21763.25","21429.60","21737.60"
"Tue Jan 30 2024 00:00:00 GMT+0530 (India Standard Time)","21775.75","21813.05","21501.80","21522.10"
"Wed Jan 31 2024 00:00:00 GMT+0530 (India Standard Time)","21487.25","21741.35","21448.85","21725.70"
"Thu Feb 01 2024 00:00:00 GMT+0530 (India Standard Time)","21780.65","21832.95","21658.75","21697.45"
"Fri Feb 02 2024 00:00:00 GMT+0530 (India Standard Time)","21812.75","22126.80","21805.55","21853.80"
"Mon Feb 05 2024 00:00:00 GMT+0530 (India Standard Time)","21921.05","21964.30","21726.95","21771.70"
"Tue Feb 06 2024 00:00:00 GMT+0530 (India Standard Time)","21825.20","21951.40","21737.55","21929.40"
"Wed Feb 07 2024 00:00:00 GMT+0530 (India Standard Time)","22045.05","22053.30","21860.15","21930.50"
"Thu Feb 08 2024 00:00:00 GMT+0530 (India Standard Time)","22009.65","22011.05","21665.30","21717.95"
"Fri Feb 09 2024 00:00:00 GMT+0530 (India Standard Time)","21727.00","21804.45","21629.90","21782.50"
"Mon Feb 12 2024 00:00:00 GMT+0530 (India Standard Time)","21800.80","21831.70","21574.75","21616.05"
"Tue Feb 13 2024 00:00:00 GMT+0530 (India Standard Time)","21664.30","21766.80","21543.35","21743.25"
"Wed Feb 14 2024 00:00:00 GMT+0530 (India Standard Time)","21578.15","21870.85","21530.20","21840.05"
"Thu Feb 15 2024 00:00:00 GMT+0530 (India Standard Time)","21906.55","21953.85","21794.80","21910.75"
"Fri Feb 16 2024 00:00:00 GMT+0530 (India Standard Time)","22020.30","22068.65","21968.95","22040.70"
"Mon Feb 19 2024 00:00:00 GMT+0530 (India Standard Time)","22103.45","22186.65","22021.05","22122.25"
"Tue Feb 20 2024 00:00:00 GMT+0530 (India Standard Time)","22099.20","22215.60","22045.85","22196.95"
"Wed Feb 21 2024 00:00:00 GMT+0530 (India Standard Time)","22248.85","22249.40","21997.95","22055.05"
"Thu Feb 22 2024 00:00:00 GMT+0530 (India Standard Time)","22081.55","22252.50","21875.25","22217.45"
"Fri Feb 23 2024 00:00:00 GMT+0530 (India Standard Time)","22290.00","22297.50","22186.10","22212.70"
"Mon Feb 26 2024 00:00:00 GMT+0530 (India Standard Time)","22169.20","22202.15","22075.15","22122.05"
"Tue Feb 27 2024 00:00:00 GMT+0530 (India Standard Time)","22090.20","22218.25","22085.65","22198.35"
"Wed Feb 28 2024 00:00:00 GMT+0530 (India Standard Time)","22214.10","22229.15","21915.85","21951.15"
"Thu Feb 29 2024 00:00:00 GMT+0530 (India Standard Time)","21935.20","22060.55","21860.65","21982.80"
"Fri Mar 01 2024 00:00:00 GMT+0530 (India Standard Time)","22048.30","22353.30","22047.75","22338.75"
"Sat Mar 02 2024 00:00:00 GMT+0530 (India Standard Time)","22406.95","22419.55","22367.05","22378.40"
"Mon Mar 04 2024 00:00:00 GMT+0530 (India Standard Time)","22403.50","22440.90","22358.30","22405.60"
"Tue Mar 05 2024 00:00:00 GMT+0530 (India Standard Time)","22371.25","22416.90","22269.15","22356.30"
"Wed Mar 06 2024 00:00:00 GMT+0530 (India Standard Time)","22327.50","22497.20","22224.35","22474.05"
"Thu Mar 07 2024 00:00:00 GMT+0530 (India Standard Time)","22505.30","22525.65","22430.00","22493.55"
"Mon Mar 11 2024 00:00:00 GMT+0530 (India Standard Time)","22517.50","22526.60","22307.25","22332.65"
"Tue Mar 12 2024 00:00:00 GMT+0530 (India Standard Time)","22334.45","22452.55","22256.00","22335.70"
"Wed Mar 13 2024 00:00:00 GMT+0530 (India Standard Time)","22432.20","22446.75","21905.65","21997.70"
"Thu Mar 14 2024 00:00:00 GMT+0530 (India Standard Time)","21982.55","22204.60","21917.50","22146.65"
"Fri Mar 15 2024 00:00:00 GMT+0530 (India Standard Time)","22064.85","22120.90","21931.70","22023.35"
"Mon Mar 18 2024 00:00:00 GMT+0530 (India Standard Time)","21990.10","22123.70","21916.55","22055.70"
"Tue Mar 19 2024 00:00:00 GMT+0530 (India Standard Time)","21946.45","21978.30","21793.10","21817.45"
"Wed Mar 20 2024 00:00:00 GMT+0530 (India Standard Time)","21843.90","21930.90","21710.20","21839.10"
"Thu Mar 21 2024 00:00:00 GMT+0530 (India Standard Time)","21989.90","22080.95","21941.30","22011.95"
"Fri Mar 22 2024 00:00:00 GMT+0530 (India Standard Time)","21932.20","22180.70","21883.30","22096.75"
"Tue Mar 26 2024 00:00:00 GMT+0530 (India Standard Time)","21947.90","22073.20","21947.55","22004.70"
"Wed Mar 27 2024 00:00:00 GMT+0530 (India Standard Time)","22053.95","22193.60","22052.85","22123.65"
"Thu Mar 28 2024 00:00:00 GMT+0530 (India Standard Time)","22163.60","22516.00","22163.60","22326.90"
"Mon Apr 01 2024 00:00:00 GMT+0530 (India Standard Time)","22455.00","22529.95","22427.75","22462.00"
"Tue Apr 02 2024 00:00:00 GMT+0530 (India Standard Time)","22458.80","22497.60","22388.15","22453.30"
"Wed Apr 03 2024 00:00:00 GMT+0530 (India Standard Time)","22385.70","22521.10","22346.50","22434.65"
"Thu Apr 04 2024 00:00:00 GMT+0530 (India Standard Time)","22592.10","22619.00","22303.80","22514.65"
"Fri Apr 05 2024 00:00:00 GMT+0530 (India Standard Time)","22486.40","22537.60","22427.60","22513.70"
"Mon Apr 08 2024 00:00:00 GMT+0530 (India Standard Time)","22578.35","22697.30","22550.35","22666.30"
"Tue Apr 09 2024 00:00:00 GMT+0530 (India Standard Time)","22765.10","22768.40","22612.25","22642.75"
"Wed Apr 10 2024 00:00:00 GMT+0530 (India Standard Time)","22720.25","22775.70","22673.70","22753.80"
"Fri Apr 12 2024 00:00:00 GMT+0530 (India Standard Time)","22677.40","22726.45","22503.75","22519.40"
"Mon Apr 15 2024 00:00:00 GMT+0530 (India Standard Time)","22339.05","22427.45","22259.55","22272.50"
"Tue Apr 16 2024 00:00:00 GMT+0530 (India Standard Time)","22125.30","22213.75","22079.45","22147.90"
"Thu Apr 18 2024 00:00:00 GMT+0530 (India Standard Time)","22212.35","22326.50","21961.70","21995.85"
"Fri Apr 19 2024 00:00:00 GMT+0530 (India Standard Time)","21861.50","22179.55","21777.65","22147.00"
"Mon Apr 22 2024 00:00:00 GMT+0530 (India Standard Time)","22336.90","22375.65","22198.15","22336.40"
"Tue Apr 23 2024 00:00:00 GMT+0530 (India Standard Time)","22447.05","22447.55","22349.45","22368.00"
"Wed Apr 24 2024 00:00:00 GMT+0530 (India Standard Time)","22421.55","22476.45","22384.00","22402.40"
"Thu Apr 25 2024 00:00:00 GMT+0530 (India Standard Time)","22316.90","22625.95","22305.25","22570.35"
"Fri Apr 26 2024 00:00:00 GMT+0530 (India Standard Time)","22620.40","22620.40","22385.55","22419.95"
"Mon Apr 29 2024 00:00:00 GMT+0530 (India Standard Time)","22475.55","22655.80","22441.90","22643.40"
"Tue Apr 30 2024 00:00:00 GMT+0530 (India Standard Time)","22679.65","22783.35","22568.40","22604.85"
"Thu May 02 2024 00:00:00 GMT+0530 (India Standard Time)","22567.85","22710.50","22567.85","22648.20"
"Fri May 03 2024 00:00:00 GMT+0530 (India Standard Time)","22766.35","22794.70","22348.05","22475.85"
"Mon May 06 2024 00:00:00 GMT+0530 (India Standard Time)","22561.60","22588.80","22409.45","22442.70"
"Tue May 07 2024 00:00:00 GMT+0530 (India Standard Time)","22489.75","22499.05","22232.05","22302.50"
"Wed May 08 2024 00:00:00 GMT+0530 (India Standard Time)","22231.20","22368.65","22185.20","22302.50"
"Thu May 09 2024 00:00:00 GMT+0530 (India Standard Time)","22224.80","22307.75","21932.40","21957.50"
"Fri May 10 2024 00:00:00 GMT+0530 (India Standard Time)","21990.95","22131.30","21950.30","22055.20"
"Mon May 13 2024 00:00:00 GMT+0530 (India Standard Time)","22027.95","22131.65","21821.05","22104.05"
"Tue May 14 2024 00:00:00 GMT+0530 (India Standard Time)","22112.90","22270.05","22081.25","22217.85"
"Wed May 15 2024 00:00:00 GMT+0530 (India Standard Time)","22255.60","22297.55","22151.75","22200.55"
"Thu May 16 2024 00:00:00 GMT+0530 (India Standard Time)","22319.20","22432.25","22054.55","22403.85"
"Fri May 17 2024 00:00:00 GMT+0530 (India Standard Time)","22415.25","22502.15","22345.65","22466.10"
"Sat May 18 2024 00:00:00 GMT+0530 (India Standard Time)","22512.85","22520.25","22470.05","22502.00"
"Tue May 21 2024 00:00:00 GMT+0530 (India Standard Time)","22404.55","22591.10","22404.55","22529.05"
"Wed May 22 2024 00:00:00 GMT+0530 (India Standard Time)","22576.60","22629.50","22483.15","22597.80"
"Thu May 23 2024 00:00:00 GMT+0530 (India Standard Time)","22614.10","22993.60","22577.45","22967.65"
"Fri May 24 2024 00:00:00 GMT+0530 (India Standard Time)","22930.75","23026.40","22908.00","22957.10"
"Mon May 27 2024 00:00:00 GMT+0530 (India Standard Time)","23038.95","23110.80","22871.20","22932.45"
"Tue May 28 2024 00:00:00 GMT+0530 (India Standard Time)","22977.15","22998.55","22858.50","22888.15"
"Wed May 29 2024 00:00:00 GMT+0530 (India Standard Time)","22762.75","22825.50","22685.45","22704.70"
"Thu May 30 2024 00:00:00 GMT+0530 (India Standard Time)","22617.45","22705.75","22417.00","22488.65"
"Fri May 31 2024 00:00:00 GMT+0530 (India Standard Time)","22568.10","22653.75","22465.10","22530.70"
"Mon Jun 03 2024 00:00:00 GMT+0530 (India Standard Time)","23337.90","23338.70","23062.30","23263.90"
"Tue Jun 04 2024 00:00:00 GMT+0530 (India Standard Time)","23179.50","23179.50","21281.45","21884.50"
"Wed Jun 05 2024 00:00:00 GMT+0530 (India Standard Time)","22128.35","22670.40","21791.95","22620.35"
"Thu Jun 06 2024 00:00:00 GMT+0530 (India Standard Time)","22798.60","22910.15","22642.60","22821.40"
"Fri Jun 07 2024 00:00:00 GMT+0530 (India Standard Time)","22821.85","23320.20","22789.05","23290.15"
"Mon Jun 10 2024 00:00:00 GMT+0530 (India Standard Time)","23319.15","23411.90","23227.15","23259.20"
"Tue Jun 11 2024 00:00:00 GMT+0530 (India Standard Time)","23283.75","23389.45","23206.65","23264.85"
"Wed Jun 12 2024 00:00:00 GMT+0530 (India Standard Time)","23344.45","23441.95","23295.95","23322.95"
"Thu Jun 13 2024 00:00:00 GMT+0530 (India Standard Time)","23480.95","23481.05","23353.90","23398.90"
"Fri Jun 14 2024 00:00:00 GMT+0530 (India Standard Time)","23464.95","23490.40","23334.25","23465.60"
"Tue Jun 18 2024 00:00:00 GMT+0530 (India Standard Time)","23570.80","23579.05","23499.70","23557.90"
"Wed Jun 19 2024 00:00:00 GMT+0530 (India Standard Time)","23629.85","23664.00","23412.90","23516.00"
"Thu Jun 20 2024 00:00:00 GMT+0530 (India Standard Time)","23586.15","23624.00","23442.60","23567.00"
"Fri Jun 21 2024 00:00:00 GMT+0530 (India Standard Time)","23661.15","23667.10","23398.20","23501.10"
"Mon Jun 24 2024 00:00:00 GMT+0530 (India Standard Time)","23382.30","23558.10","23350.00","23537.85"
"Tue Jun 25 2024 00:00:00 GMT+0530 (India Standard Time)","23577.10","23754.15","23562.05","23721.30"
"Wed Jun 26 2024 00:00:00 GMT+0530 (India Standard Time)","23723.10","23889.90","23670.45","23868.80"
"Thu Jun 27 2024 00:00:00 GMT+0530 (India Standard Time)","23881.55","24087.45","23805.40","24044.50"
"Fri Jun 28 2024 00:00:00 GMT+0530 (India Standard Time)","24085.90","24174.00","23985.80","24010.60"
"Mon Jul 01 2024 00:00:00 GMT+0530 (India Standard Time)","23992.95","24164.00","23992.70","24141.95"
"Tue Jul 02 2024 00:00:00 GMT+0530 (India Standard Time)","24228.75","24236.35","24056.40","24123.85"
"Wed Jul 03 2024 00:00:00 GMT+0530 (India Standard Time)","24291.75","24309.15","24207.10","24286.50"
"Thu Jul 04 2024 00:00:00 GMT+0530 (India Standard Time)","24369.95","24401.00","24281.00","24302.15"
"Fri Jul 05 2024 00:00:00 GMT+0530 (India Standard Time)","24213.35","24363.00","24168.85","24323.85"
"Mon Jul 08 2024 00:00:00 GMT+0530 (India Standard Time)","24329.45","24344.60","24240.55","24320.55"
"Tue Jul 09 2024 00:00:00 GMT+0530 (India Standard Time)","24351.00","24443.60","24331.90","24433.20"
"Wed Jul 10 2024 00:00:00 GMT+0530 (India Standard Time)","24459.85","24461.05","24141.80","24324.45"
"Thu Jul 11 2024 00:00:00 GMT+0530 (India Standard Time)","24396.55","24402.65","24193.75","24315.95"
"Fri Jul 12 2024 00:00:00 GMT+0530 (India Standard Time)","24387.95","24592.20","24331.15","24502.15"
"Mon Jul 15 2024 00:00:00 GMT+0530 (India Standard Time)","24587.60","24635.05","24522.75","24586.70"
"Tue Jul 16 2024 00:00:00 GMT+0530 (India Standard Time)","24615.90","24661.25","24587.65","24613.00"
"Thu Jul 18 2024 00:00:00 GMT+0530 (India Standard Time)","24543.80","24837.75","24504.45","24800.85"
"Fri Jul 19 2024 00:00:00 GMT+0530 (India Standard Time)","24853.80","24854.80","24508.15","24530.90"
"Mon Jul 22 2024 00:00:00 GMT+0530 (India Standard Time)","24445.75","24595.20","24362.30","24509.25"
"Tue Jul 23 2024 00:00:00 GMT+0530 (India Standard Time)","24568.90","24582.55","24074.20","24479.05"
"Wed Jul 24 2024 00:00:00 GMT+0530 (India Standard Time)","24444.95","24504.25","24307.25","24413.50"
"Thu Jul 25 2024 00:00:00 GMT+0530 (India Standard Time)","24230.95","24426.15","24210.80","24406.10"
"Fri Jul 26 2024 00:00:00 GMT+0530 (India Standard Time)","24423.35","24861.15","24410.90","24834.85"
"Mon Jul 29 2024 00:00:00 GMT+0530 (India Standard Time)","24943.30","24999.75","24774.60","24836.10"
"Tue Jul 30 2024 00:00:00 GMT+0530 (India Standard Time)","24839.40","24971.75","24798.65","24857.30"
"Wed Jul 31 2024 00:00:00 GMT+0530 (India Standard Time)","24886.70","24984.60","24856.50","24951.15"
"Thu Aug 01 2024 00:00:00 GMT+0530 (India Standard Time)","25030.95","25078.30","24956.40","25010.90"
"Fri Aug 02 2024 00:00:00 GMT+0530 (India Standard Time)","24789.00","24851.90","24686.85","24717.70"
"Mon Aug 05 2024 00:00:00 GMT+0530 (India Standard Time)","24302.85","24350.05","23893.70","24055.60"
"Tue Aug 06 2024 00:00:00 GMT+0530 (India Standard Time)","24189.85","24382.60","23960.40","23992.55"
"Wed Aug 07 2024 00:00:00 GMT+0530 (India Standard Time)","24289.40","24337.70","24184.90","24297.50"
"Thu Aug 08 2024 00:00:00 GMT+0530 (India Standard Time)","24248.55","24340.50","24079.70","24117.00"
"Fri Aug 09 2024 00:00:00 GMT+0530 (India Standard Time)","24386.85","24419.75","24311.20","24367.50"
"Mon Aug 12 2024 00:00:00 GMT+0530 (India Standard Time)","24320.05","24472.80","24212.10","24347.00"
"Tue Aug 13 2024 00:00:00 GMT+0530 (India Standard Time)","24342.35","24359.95","24116.50","24139.00"
"Wed Aug 14 2024 00:00:00 GMT+0530 (India Standard Time)","24184.40","24196.50","24099.70","24143.75"
"Fri Aug 16 2024 00:00:00 GMT+0530 (India Standard Time)","24334.85","24563.90","24204.50","24541.15"
"Mon Aug 19 2024 00:00:00 GMT+0530 (India Standard Time)","24636.35","24638.80","24522.95","24572.65"
"Tue Aug 20 2024 00:00:00 GMT+0530 (India Standard Time)","24648.90","24734.30","24607.20","24698.85"
"Wed Aug 21 2024 00:00:00 GMT+0530 (India Standard Time)","24680.55","24787.95","24654.50","24770.20"
"Thu Aug 22 2024 00:00:00 GMT+0530 (India Standard Time)","24863.40","24867.35","24784.45","24811.50"
"Fri Aug 23 2024 00:00:00 GMT+0530 (India Standard Time)","24845.40","24858.40","24771.65","24823.15"
"Mon Aug 26 2024 00:00:00 GMT+0530 (India Standard Time)","24906.10","25043.80","24874.70","25010.60"
"Tue Aug 27 2024 00:00:00 GMT+0530 (India Standard Time)","25024.80","25073.10","24973.65","25017.75"
"Wed Aug 28 2024 00:00:00 GMT+0530 (India Standard Time)","25030.80","25129.60","24964.65","25052.35"
"Thu Aug 29 2024 00:00:00 GMT+0530 (India Standard Time)","25035.30","25192.90","24998.50","25151.95"
"Fri Aug 30 2024 00:00:00 GMT+0530 (India Standard Time)","25249.70","25268.35","25199.40","25235.90"
"Mon Sep 02 2024 00:00:00 GMT+0530 (India Standard Time)","25333.60","25333.65","25235.50","25278.70"
"Tue Sep 03 2024 00:00:00 GMT+0530 (India Standard Time)","25313.40","25321.70","25235.80","25279.85"
"Wed Sep 04 2024 00:00:00 GMT+0530 (India Standard Time)","25089.95","25216.00","25083.80","25198.70"
"Thu Sep 05 2024 00:00:00 GMT+0530 (India Standard Time)","25250.50","25275.45","25127.75","25145.10"
"Fri Sep 06 2024 00:00:00 GMT+0530 (India Standard Time)","25093.70","25168.75","24801.30","24852.15"
"Mon Sep 09 2024 00:00:00 GMT+0530 (India Standard Time)","24823.40","24957.50","24753.15","24936.40"
"Tue Sep 10 2024 00:00:00 GMT+0530 (India Standard Time)","24999.40","25130.50","24896.80","25041.10"
"Wed Sep 11 2024 00:00:00 GMT+0530 (India Standard Time)","25034.00","25113.70","24885.15","24918.45"
"Thu Sep 12 2024 00:00:00 GMT+0530 (India Standard Time)","25059.65","25433.35","24941.45","25388.90"
"Fri Sep 13 2024 00:00:00 GMT+0530 (India Standard Time)","25430.45","25430.50","25292.45","25356.50"
"Mon Sep 16 2024 00:00:00 GMT+0530 (India Standard Time)","25406.65","25445.70","25336.20","25383.75"
"Tue Sep 17 2024 00:00:00 GMT+0530 (India Standard Time)","25416.90","25441.65","25352.25","25418.55"
"Wed Sep 18 2024 00:00:00 GMT+0530 (India Standard Time)","25402.40","25482.20","25285.55","25377.55"
"Thu Sep 19 2024 00:00:00 GMT+0530 (India Standard Time)","25487.05","25611.95","25376.05","25415.80"
"Fri Sep 20 2024 00:00:00 GMT+0530 (India Standard Time)","25525.95","25849.25","25426.60","25790.95"
"Mon Sep 23 2024 00:00:00 GMT+0530 (India Standard Time)","25872.55","25956.00","25847.35","25939.05"
"Tue Sep 24 2024 00:00:00 GMT+0530 (India Standard Time)","25921.45","26011.55","25886.85","25940.40"
"Wed Sep 25 2024 00:00:00 GMT+0530 (India Standard Time)","25899.45","26032.80","25871.35","26004.15"
"Thu Sep 26 2024 00:00:00 GMT+0530 (India Standard Time)","26005.40","26250.90","25998.40","26216.05"
"Fri Sep 27 2024 00:00:00 GMT+0530 (India Standard Time)","26248.25","26277.35","26151.40","26178.95"
"Mon Sep 30 2024 00:00:00 GMT+0530 (India Standard Time)","26061.30","26134.70","25794.10","25810.85"
"Tue Oct 01 2024 00:00:00 GMT+0530 (India Standard Time)","25788.45","25907.60","25739.20","25796.90"
"Thu Oct 03 2024 00:00:00 GMT+0530 (India Standard Time)","25452.85","25639.45","25230.30","25250.10"
"Fri Oct 04 2024 00:00:00 GMT+0530 (India Standard Time)","25181.90","25485.05","24966.80","25014.60"
"Mon Oct 07 2024 00:00:00 GMT+0530 (India Standard Time)","25084.10","25143.00","24694.35","24795.75"
"Tue Oct 08 2024 00:00:00 GMT+0530 (India Standard Time)","24832.20","25044.00","24756.80","25013.15"
"Wed Oct 09 2024 00:00:00 GMT+0530 (India Standard Time)","25065.80","25234.05","24947.70","24981.95"
"Thu Oct 10 2024 00:00:00 GMT+0530 (India Standard Time)","25067.05","25134.05","24979.40","24998.45"
"Fri Oct 11 2024 00:00:00 GMT+0530 (India Standard Time)","24985.30","25028.65","24920.05","24964.25"
"Mon Oct 14 2024 00:00:00 GMT+0530 (India Standard Time)","25023.45","25159.75","25017.50","25127.95"
"Tue Oct 15 2024 00:00:00 GMT+0530 (India Standard Time)","25186.30","25212.05","25008.15","25057.35"
"Wed Oct 16 2024 00:00:00 GMT+0530 (India Standard Time)","25008.55","25093.40","24908.45","24971.30"
"Thu Oct 17 2024 00:00:00 GMT+0530 (India Standard Time)","25027.40","25029.50","24728.90","24749.85"
"Fri Oct 18 2024 00:00:00 GMT+0530 (India Standard Time)","24664.95","24886.20","24567.65","24854.05"
"Mon Oct 21 2024 00:00:00 GMT+0530 (India Standard Time)","24956.15","24978.30","24679.60","24781.10"
"Tue Oct 22 2024 00:00:00 GMT+0530 (India Standard Time)","24798.65","24882.00","24445.80","24472.10"
"Wed Oct 23 2024 00:00:00 GMT+0530 (India Standard Time)","24378.15","24604.25","24378.10","24435.50"
"Thu Oct 24 2024 00:00:00 GMT+0530 (India Standard Time)","24412.70","24480.65","24341.20","24399.40"
"Fri Oct 25 2024 00:00:00 GMT+0530 (India Standard Time)","24418.05","24440.25","24073.90","24180.80"
"Mon Oct 28 2024 00:00:00 GMT+0530 (India Standard Time)","24251.10","24492.60","24134.90","24339.15"
"Tue Oct 29 2024 00:00:00 GMT+0530 (India Standard Time)","24328.85","24484.50","24140.85","24466.85"
"Wed Oct 30 2024 00:00:00 GMT+0530 (India Standard Time)","24371.45","24498.20","24307.30","24340.85"
"Thu Oct 31 2024 00:00:00 GMT+0530 (India Standard Time)","24349.85","24372.45","24172.60","24205.35"
"Fri Nov 01 2024 00:00:00 GMT+0530 (India Standard Time)","24302.75","24368.25","24280.20","24304.35"
"Mon Nov 04 2024 00:00:00 GMT+0530 (India Standard Time)","24315.75","24316.75","23816.15","23995.35"
"Tue Nov 05 2024 00:00:00 GMT+0530 (India Standard Time)","23916.50","24229.05","23842.75","24213.30"
"Wed Nov 06 2024 00:00:00 GMT+0530 (India Standard Time)","24308.75","24537.60","24204.05","24484.05"
"Thu Nov 07 2024 00:00:00 GMT+0530 (India Standard Time)","24489.60","24503.35","24179.05","24199.35"
"Fri Nov 08 2024 00:00:00 GMT+0530 (India Standard Time)","24207.70","24276.15","24066.65","24148.20"
"Mon Nov 11 2024 00:00:00 GMT+0530 (India Standard Time)","24087.25","24336.80","24004.60","24141.30"
"Tue Nov 12 2024 00:00:00 GMT+0530 (India Standard Time)","24225.80","24242.00","23839.15","23883.45"
"Wed Nov 13 2024 00:00:00 GMT+0530 (India Standard Time)","23822.45","23873.60","23509.60","23559.05"
"Thu Nov 14 2024 00:00:00 GMT+0530 (India Standard Time)","23542.15","23675.90","23484.15","23532.70"
"Mon Nov 18 2024 00:00:00 GMT+0530 (India Standard Time)","23605.30","23606.80","23350.40","23453.80"
"Tue Nov 19 2024 00:00:00 GMT+0530 (India Standard Time)","23529.55","23780.65","23464.80","23518.50"
"Thu Nov 21 2024 00:00:00 GMT+0530 (India Standard Time)","23488.45","23507.30","23263.15","23349.90"
"Fri Nov 22 2024 00:00:00 GMT+0530 (India Standard Time)","23411.80","23956.10","23359.00","23907.25"
"Mon Nov 25 2024 00:00:00 GMT+0530 (India Standard Time)","24253.55","24351.55","24135.45","24221.90"
"Tue Nov 26 2024 00:00:00 GMT+0530 (India Standard Time)","24343.30","24343.30","24125.40","24194.50"
"Wed Nov 27 2024 00:00:00 GMT+0530 (India Standard Time)","24204.80","24354.55","24145.65","24274.90"
"Thu Nov 28 2024 00:00:00 GMT+0530 (India Standard Time)","24274.15","24345.75","23873.35","23914.15"
"Fri Nov 29 2024 00:00:00 GMT+0530 (India Standard Time)","23927.15","24188.45","23927.15","24131.10"
"Mon Dec 02 2024 00:00:00 GMT+0530 (India Standard Time)","24140.85","24301.70","24008.65","24276.05"
"Tue Dec 03 2024 00:00:00 GMT+0530 (India Standard Time)","24367.50","24481.35","24280.00","24457.15"
"Wed Dec 04 2024 00:00:00 GMT+0530 (India Standard Time)","24488.75","24573.20","24366.30","24467.45"
"Thu Dec 05 2024 00:00:00 GMT+0530 (India Standard Time)","24539.15","24857.75","24295.55","24708.40"
"Fri Dec 06 2024 00:00:00 GMT+0530 (India Standard Time)","24729.45","24751.05","24620.50","24677.80"
"Mon Dec 09 2024 00:00:00 GMT+0530 (India Standard Time)","24633.90","24705.00","24580.05","24619.00"
"Tue Dec 10 2024 00:00:00 GMT+0530 (India Standard Time)","24652.65","24677.80","24510.65","24610.05"
"Wed Dec 11 2024 00:00:00 GMT+0530 (India Standard Time)","24620.50","24691.75","24583.85","24641.80"
"Thu Dec 12 2024 00:00:00 GMT+0530 (India Standard Time)","24604.45","24675.25","24527.95","24548.70"
"Fri Dec 13 2024 00:00:00 GMT+0530 (India Standard Time)","24498.35","24792.30","24180.80","24768.30"
"Mon Dec 16 2024 00:00:00 GMT+0530 (India Standard Time)","24753.40","24781.25","24601.75","24668.25"
"Tue Dec 17 2024 00:00:00 GMT+0530 (India Standard Time)","24584.80","24624.10","24303.45","24336.00"
"Wed Dec 18 2024 00:00:00 GMT+0530 (India Standard Time)","24297.95","24394.45","24149.85","24198.85"
"Thu Dec 19 2024 00:00:00 GMT+0530 (India Standard Time)","23877.15","24004.90","23870.30","23951.70"
"Fri Dec 20 2024 00:00:00 GMT+0530 (India Standard Time)","23960.70","24065.80","23537.35","23587.50"
"Mon Dec 23 2024 00:00:00 GMT+0530 (India Standard Time)","23738.20","23869.55","23647.20","23753.45"
"Tue Dec 24 2024 00:00:00 GMT+0530 (India Standard Time)","23769.10","23867.65","23685.15","23727.65"
"Thu Dec 26 2024 00:00:00 GMT+0530 (India Standard Time)","23775.80","23854.50","23653.60","23750.20"
"Fri Dec 27 2024 00:00:00 GMT+0530 (India Standard Time)","23801.40","23938.85","23800.60","23813.40"
"Mon Dec 30 2024 00:00:00 GMT+0530 (India Standard Time)","23796.90","23915.35","23599.30","23644.90"
"Tue Dec 31 2024 00:00:00 GMT+0530 (India Standard Time)","23560.60","23689.85","23460.45","23644.80"
"Wed Jan 01 2025 00:00:00 GMT+0530 (India Standard Time)","23637.65","23822.80","23562.80","23742.90"
"Thu Jan 02 2025 00:00:00 GMT+0530 (India Standard Time)","23783.00","24226.70","23751.55","24188.65"
"Fri Jan 03 2025 00:00:00 GMT+0530 (India Standard Time)","24196.40","24196.45","23976.00","24004.75"
"Mon Jan 06 2025 00:00:00 GMT+0530 (India Standard Time)","24045.80","24089.95","23551.90","23616.05"
"Tue Jan 07 2025 00:00:00 GMT+0530 (India Standard Time)","23679.90","23795.20","23637.80","23707.90"
"Wed Jan 08 2025 00:00:00 GMT+0530 (India Standard Time)","23746.65","23751.85","23496.15","23688.95"
"Thu Jan 09 2025 00:00:00 GMT+0530 (India Standard Time)","23674.75","23689.50","23503.05","23526.50"
"Fri Jan 10 2025 00:00:00 GMT+0530 (India Standard Time)","23551.90","23596.60","23344.35","23431.50"
"Mon Jan 13 2025 00:00:00 GMT+0530 (India Standard Time)","23195.40","23340.95","23047.25","23085.95"
"Tue Jan 14 2025 00:00:00 GMT+0530 (India Standard Time)","23165.90","23264.95","23134.15","23176.05"
"Wed Jan 15 2025 00:00:00 GMT+0530 (India Standard Time)","23250.45","23293.65","23146.45","23213.20"
"Thu Jan 16 2025 00:00:00 GMT+0530 (India Standard Time)","23377.25","23391.65","23272.05","23311.80"
"Fri Jan 17 2025 00:00:00 GMT+0530 (India Standard Time)","23277.10","23292.10","23100.35","23203.20"
"Mon Jan 20 2025 00:00:00 GMT+0530 (India Standard Time)","23290.40","23391.10","23170.65","23344.75"
"Tue Jan 21 2025 00:00:00 GMT+0530 (India Standard Time)","23421.65","23426.30","22976.85","23024.65"
"Wed Jan 22 2025 00:00:00 GMT+0530 (India Standard Time)","23099.15","23169.55","22981.30","23155.35"
"Thu Jan 23 2025 00:00:00 GMT+0530 (India Standard Time)","23128.30","23270.80","23090.65","23205.35"
"Fri Jan 24 2025 00:00:00 GMT+0530 (India Standard Time)","23183.90","23347.30","23050.00","23092.20"
"Mon Jan 27 2025 00:00:00 GMT+0530 (India Standard Time)","22940.15","23007.45","22786.90","22829.15"
"Tue Jan 28 2025 00:00:00 GMT+0530 (India Standard Time)","22960.45","23137.95","22857.65","22957.25"
"Wed Jan 29 2025 00:00:00 GMT+0530 (India Standard Time)","23026.75","23183.35","22976.50","23163.10"
"Thu Jan 30 2025 00:00:00 GMT+0530 (India Standard Time)","23169.50","23322.05","23139.20","23249.50"
"Fri Jan 31 2025 00:00:00 GMT+0530 (India Standard Time)","23296.75","23546.80","23277.40","23508.40"
"Sat Feb 01 2025 00:00:00 GMT+0530 (India Standard Time)","23528.60","23632.45","23318.30","23482.15"
"Mon Feb 03 2025 00:00:00 GMT+0530 (India Standard Time)","23319.35","23381.60","23222.00","23361.05"
"Tue Feb 04 2025 00:00:00 GMT+0530 (India Standard Time)","23509.90","23762.75","23423.15","23739.25"
"Wed Feb 05 2025 00:00:00 GMT+0530 (India Standard Time)","23801.75","23807.30","23680.45","23696.30"
"Thu Feb 06 2025 00:00:00 GMT+0530 (India Standard Time)","23761.95","23773.55","23556.25","23603.35"
"Fri Feb 07 2025 00:00:00 GMT+0530 (India Standard Time)","23649.50","23694.50","23443.20","23559.95"
"Mon Feb 10 2025 00:00:00 GMT+0530 (India Standard Time)","23543.80","23568.60","23316.30","23381.60"
"Tue Feb 11 2025 00:00:00 GMT+0530 (India Standard Time)","23383.55","23390.05","22986.65","23071.80"
"Wed Feb 12 2025 00:00:00 GMT+0530 (India Standard Time)","23050.80","23144.70","22798.35","23045.25"
"Thu Feb 13 2025 00:00:00 GMT+0530 (India Standard Time)","23055.75","23235.50","22992.20","23031.40"
"Fri Feb 14 2025 00:00:00 GMT+0530 (India Standard Time)","23096.45","23133.70","22774.85","22929.25"
"Mon Feb 17 2025 00:00:00 GMT+0530 (India Standard Time)","22809.90","22974.20","22725.45","22959.50"
"Tue Feb 18 2025 00:00:00 GMT+0530 (India Standard Time)","22963.65","22992.50","22801.50","22945.30"
"Wed Feb 19 2025 00:00:00 GMT+0530 (India Standard Time)","22847.25","23049.95","22814.85","22932.90"
"Thu Feb 20 2025 00:00:00 GMT+0530 (India Standard Time)","22821.10","22923.85","22812.75","22913.15"
"Fri Feb 21 2025 00:00:00 GMT+0530 (India Standard Time)","22857.20","22921.00","22720.30","22795.90"
"Mon Feb 24 2025 00:00:00 GMT+0530 (India Standard Time)","22609.35","22668.05","22518.80","22553.35"
"Tue Feb 25 2025 00:00:00 GMT+0530 (India Standard Time)","22516.45","22625.30","22513.90","22547.55"
"Thu Feb 27 2025 00:00:00 GMT+0530 (India Standard Time)","22568.95","22613.30","22508.40","22545.05"
"Fri Feb 28 2025 00:00:00 GMT+0530 (India Standard Time)","22433.40","22450.35","22104.85","22124.70"
"Mon Mar 03 2025 00:00:00 GMT+0530 (India Standard Time)","22194.55","22261.55","22004.70","22119.30"
"Tue Mar 04 2025 00:00:00 GMT+0530 (India Standard Time)","21974.45","22105.05","21964.60","22082.65"
"Wed Mar 05 2025 00:00:00 GMT+0530 (India Standard Time)","22073.05","22394.90","22067.80","22337.30"
"Thu Mar 06 2025 00:00:00 GMT+0530 (India Standard Time)","22476.35","22556.45","22245.85","22544.70"
"Fri Mar 07 2025 00:00:00 GMT+0530 (India Standard Time)","22508.65","22633.80","22464.75","22552.50"
"Mon Mar 10 2025 00:00:00 GMT+0530 (India Standard Time)","22521.85","22676.75","22429.05","22460.30"
"Tue Mar 11 2025 00:00:00 GMT+0530 (India Standard Time)","22345.95","22522.10","22314.70","22497.90"
"Wed Mar 12 2025 00:00:00 GMT+0530 (India Standard Time)","22536.35","22577.40","22329.55","22470.50"
"Thu Mar 13 2025 00:00:00 GMT+0530 (India Standard Time)","22541.50","22558.05","22377.35","22397.20"
"Mon Mar 17 2025 00:00:00 GMT+0530 (India Standard Time)","22353.15","22577.00","22353.15","22508.75"
"Tue Mar 18 2025 00:00:00 GMT+0530 (India Standard Time)","22662.25","22857.80","22599.20","22834.30"
"Wed Mar 19 2025 00:00:00 GMT+0530 (India Standard Time)","22874.95","22940.70","22807.95","22907.60"
"Thu Mar 20 2025 00:00:00 GMT+0530 (India Standard Time)","23036.60","23216.70","22973.95","23190.65"
"Fri Mar 21 2025 00:00:00 GMT+0530 (India Standard Time)","23168.25","23402.70","23132.80","23350.40"
"Mon Mar 24 2025 00:00:00 GMT+0530 (India Standard Time)","23515.40","23708.75","23433.50","23658.35"
"Tue Mar 25 2025 00:00:00 GMT+0530 (India Standard Time)","23751.50","23869.60","23601.40","23668.65"
"Wed Mar 26 2025 00:00:00 GMT+0530 (India Standard Time)","23700.95","23736.50","23451.70","23486.85"
"Thu Mar 27 2025 00:00:00 GMT+0530 (India Standard Time)","23433.95","23646.45","23412.20","23591.95"
"Fri Mar 28 2025 00:00:00 GMT+0530 (India Standard Time)","23600.40","23649.20","23450.20","23519.35"
"Tue Apr 01 2025 00:00:00 GMT+0530 (India Standard Time)","23341.10","23565.15","23136.40","23165.70"
"Wed Apr 02 2025 00:00:00 GMT+0530 (India Standard Time)","23192.60","23350.00","23158.45","23332.35"
"Thu Apr 03 2025 00:00:00 GMT+0530 (India Standard Time)","23150.30","23306.50","23145.80","23250.10"
"Fri Apr 04 2025 00:00:00 GMT+0530 (India Standard Time)","23190.40","23214.70","22857.45","22904.45"
"Mon Apr 07 2025 00:00:00 GMT+0530 (India Standard Time)","21758.40","22254.00","21743.65","22161.60"
"Tue Apr 08 2025 00:00:00 GMT+0530 (India Standard Time)","22446.75","22697.20","22270.85","22535.85"
"Wed Apr 09 2025 00:00:00 GMT+0530 (India Standard Time)","22460.30","22468.70","22353.25","22399.15"
"Fri Apr 11 2025 00:00:00 GMT+0530 (India Standard Time)","22695.40","22923.90","22695.40","22828.55"
"Tue Apr 15 2025 00:00:00 GMT+0530 (India Standard Time)","23368.35","23368.35","23207.00","23328.55"
"Wed Apr 16 2025 00:00:00 GMT+0530 (India Standard Time)","23344.10","23452.20","23273.05","23437.20"
"Thu Apr 17 2025 00:00:00 GMT+0530 (India Standard Time)","23401.85","23872.35","23298.55","23851.65"
"Mon Apr 21 2025 00:00:00 GMT+0530 (India Standard Time)","23949.15","24189.55","23903.65","24125.55"
"Tue Apr 22 2025 00:00:00 GMT+0530 (India Standard Time)","24185.40","24242.60","24072.00","24167.25"
"Wed Apr 23 2025 00:00:00 GMT+0530 (India Standard Time)","24357.60","24359.30","24119.95","24328.95"
"Thu Apr 24 2025 00:00:00 GMT+0530 (India Standard Time)","24277.90","24347.85","24216.15","24246.70"
"Fri Apr 25 2025 00:00:00 GMT+0530 (India Standard Time)","24289.00","24365.45","23847.85","24039.35"
"Mon Apr 28 2025 00:00:00 GMT+0530 (India Standard Time)","24070.25","24355.10","24054.05","24328.50"
"Tue Apr 29 2025 00:00:00 GMT+0530 (India Standard Time)","24370.70","24457.65","24290.75","24335.95"
"Wed Apr 30 2025 00:00:00 GMT+0530 (India Standard Time)","24342.05","24396.15","24198.75","24334.20"
"Fri May 02 2025 00:00:00 GMT+0530 (India Standard Time)","24311.90","24589.15","24238.50","24346.70"
"Mon May 05 2025 00:00:00 GMT+0530 (India Standard Time)","24419.50","24526.40","24400.65","24461.15"
"Tue May 06 2025 00:00:00 GMT+0530 (India Standard Time)","24500.75","24509.65","24331.80","24379.60"
"Wed May 07 2025 00:00:00 GMT+0530 (India Standard Time)","24233.30","24449.60","24220.00","24414.40"
"Thu May 08 2025 00:00:00 GMT+0530 (India Standard Time)","24431.50","24447.25","24150.20","24273.80"
"Fri May 09 2025 00:00:00 GMT+0530 (India Standard Time)","23935.75","24164.25","23935.75","24008.00"
"Mon May 12 2025 00:00:00 GMT+0530 (India Standard Time)","24420.10","24944.80","24378.85","24924.70"
"Tue May 13 2025 00:00:00 GMT+0530 (India Standard Time)","24864.05","24973.80","24547.50","24578.35"
"Wed May 14 2025 00:00:00 GMT+0530 (India Standard Time)","24613.80","24767.55","24535.55","24666.90"
"Thu May 15 2025 00:00:00 GMT+0530 (India Standard Time)","24694.45","25116.25","24494.45","25062.10"
"Fri May 16 2025 00:00:00 GMT+0530 (India Standard Time)","25064.65","25070.00","24953.05","25019.80"
"Mon May 19 2025 00:00:00 GMT+0530 (India Standard Time)","25005.35","25062.95","24916.65","24945.45"
"Tue May 20 2025 00:00:00 GMT+0530 (India Standard Time)","24996.20","25010.35","24669.70","24683.90"
"Wed May 21 2025 00:00:00 GMT+0530 (India Standard Time)","24744.25","24946.20","24685.35","24813.45"
"Thu May 22 2025 00:00:00 GMT+0530 (India Standard Time)","24733.95","24737.50","24462.40","24609.70"
"Fri May 23 2025 00:00:00 GMT+0530 (India Standard Time)","24639.50","24909.05","24614.05","24853.15"
"Mon May 26 2025 00:00:00 GMT+0530 (India Standard Time)","24919.35","25079.20","24900.50","25001.15"
"Tue May 27 2025 00:00:00 GMT+0530 (India Standard Time)","24956.65","25062.90","24704.10","24826.20"
"Wed May 28 2025 00:00:00 GMT+0530 (India Standard Time)","24832.50","24864.25","24737.05","24752.45"
"Thu May 29 2025 00:00:00 GMT+0530 (India Standard Time)","24825.10","24892.60","24677.30","24833.60"
"Fri May 30 2025 00:00:00 GMT+0530 (India Standard Time)","24812.60","24863.95","24717.40","24750.70"
"Mon Jun 02 2025 00:00:00 GMT+0530 (India Standard Time)","24669.70","24754.40","24526.15","24716.60"
"Tue Jun 03 2025 00:00:00 GMT+0530 (India Standard Time)","24786.30","24845.10","24502.15","24542.50"
"Wed Jun 04 2025 00:00:00 GMT+0530 (India Standard Time)","24560.45","24644.25","24530.45","24620.20"
"Thu Jun 05 2025 00:00:00 GMT+0530 (India Standard Time)","24691.20","24899.85","24613.10","24750.90"
"Fri Jun 06 2025 00:00:00 GMT+0530 (India Standard Time)","24748.70","25029.50","24671.45","25003.05"
"Mon Jun 09 2025 00:00:00 GMT+0530 (India Standard Time)","25160.10","25160.10","25077.15","25103.20"
"Tue Jun 10 2025 00:00:00 GMT+0530 (India Standard Time)","25196.05","25199.30","25055.45","25104.25"
"Wed Jun 11 2025 00:00:00 GMT+0530 (India Standard Time)","25134.15","25222.40","25081.30","25141.40"
"Thu Jun 12 2025 00:00:00 GMT+0530 (India Standard Time)","25164.45","25196.20","24825.90","24888.20"
"Fri Jun 13 2025 00:00:00 GMT+0530 (India Standard Time)","24473.00","24754.35","24473.00","24718.60"
"Mon Jun 16 2025 00:00:00 GMT+0530 (India Standard Time)","24732.35","24967.10","24703.60","24946.50"
"Tue Jun 17 2025 00:00:00 GMT+0530 (India Standard Time)","24977.85","24982.05","24813.70","24853.40"
"Wed Jun 18 2025 00:00:00 GMT+0530 (India Standard Time)","24788.35","24947.55","24750.45","24812.05"
"Thu Jun 19 2025 00:00:00 GMT+0530 (India Standard Time)","24803.25","24863.10","24733.40","24793.25"
"Fri Jun 20 2025 00:00:00 GMT+0530 (India Standard Time)","24787.65","25136.20","24783.65","25112.40"
"Mon Jun 23 2025 00:00:00 GMT+0530 (India Standard Time)","24939.75","25057.00","24824.85","24971.90"
"Tue Jun 24 2025 00:00:00 GMT+0530 (India Standard Time)","25179.90","25317.70","24999.70","25044.35"
"Wed Jun 25 2025 00:00:00 GMT+0530 (India Standard Time)","25150.35","25266.80","25125.05","25244.75"
"Thu Jun 26 2025 00:00:00 GMT+0530 (India Standard Time)","25268.95","25565.30","25259.90","25549.00"
"Fri Jun 27 2025 00:00:00 GMT+0530 (India Standard Time)","25576.65","25654.20","25523.55","25637.80"
"Mon Jun 30 2025 00:00:00 GMT+0530 (India Standard Time)","25661.65","25669.35","25473.30","25517.05"
"Tue Jul 01 2025 00:00:00 GMT+0530 (India Standard Time)","25551.35","25593.40","25501.80","25541.80"
"Wed Jul 02 2025 00:00:00 GMT+0530 (India Standard Time)","25588.30","25608.10","25378.75","25453.40"
"Thu Jul 03 2025 00:00:00 GMT+0530 (India Standard Time)","25505.10","25587.50","25384.35","25405.30"
"Fri Jul 04 2025 00:00:00 GMT+0530 (India Standard Time)","25428.85","25470.25","25331.65","25461.00"
"Mon Jul 07 2025 00:00:00 GMT+0530 (India Standard Time)","25450.45","25489.80","25407.25","25461.30"
"Tue Jul 08 2025 00:00:00 GMT+0530 (India Standard Time)","25427.85","25548.05","25424.15","25522.50"
"Wed Jul 09 2025 00:00:00 GMT+0530 (India Standard Time)","25514.60","25548.70","25424.35","25476.10"
"Thu Jul 10 2025 00:00:00 GMT+0530 (India Standard Time)","25511.65","25524.05","25340.45","25355.25"
"Fri Jul 11 2025 00:00:00 GMT+0530 (India Standard Time)","25255.50","25322.45","25129.00","25149.85"
"Mon Jul 14 2025 00:00:00 GMT+0530 (India Standard Time)","25149.50","25151.10","25001.95","25082.30"
"Tue Jul 15 2025 00:00:00 GMT+0530 (India Standard Time)","25089.50","25245.20","25088.45","25195.80"
"Wed Jul 16 2025 00:00:00 GMT+0530 (India Standard Time)","25196.60","25255.30","25121.05","25212.05"
"Thu Jul 17 2025 00:00:00 GMT+0530 (India Standard Time)","25230.75","25238.35","25101.00","25111.45"
"Fri Jul 18 2025 00:00:00 GMT+0530 (India Standard Time)","25108.55","25144.60","24918.65","24968.40"
"Mon Jul 21 2025 00:00:00 GMT+0530 (India Standard Time)","24999.00","25111.40","24882.30","25090.70"
"Tue Jul 22 2025 00:00:00 GMT+0530 (India Standard Time)","25166.65","25182.00","25035.55","25060.90"
"Wed Jul 23 2025 00:00:00 GMT+0530 (India Standard Time)","25139.35","25233.50","25085.50","25219.90"
"Thu Jul 24 2025 00:00:00 GMT+0530 (India Standard Time)","25243.30","25246.25","25018.70","25062.10"
"Fri Jul 25 2025 00:00:00 GMT+0530 (India Standard Time)","25010.35","25010.35","24806.35","24837.00"
"Mon Jul 28 2025 00:00:00 GMT+0530 (India Standard Time)","24782.45","24889.20","24646.60","24680.90"
"Tue Jul 29 2025 00:00:00 GMT+0530 (India Standard Time)","24609.65","24847.15","24598.60","24821.10"
"Wed Jul 30 2025 00:00:00 GMT+0530 (India Standard Time)","24890.40","24902.30","24771.95","24855.05"
"Thu Jul 31 2025 00:00:00 GMT+0530 (India Standard Time)","24642.25","24956.50","24635.00","24768.35"
"Fri Aug 01 2025 00:00:00 GMT+0530 (India Standard Time)","24734.90","24784.15","24535.05","24565.35"
"Mon Aug 04 2025 00:00:00 GMT+0530 (India Standard Time)","24596.05","24736.25","24554.00","24722.75"
"Tue Aug 05 2025 00:00:00 GMT+0530 (India Standard Time)","24720.25","24733.10","24590.30","24649.55"
"Wed Aug 06 2025 00:00:00 GMT+0530 (India Standard Time)","24641.35","24671.40","24539.20","24574.20"
"Thu Aug 07 2025 00:00:00 GMT+0530 (India Standard Time)","24464.20","24634.20","24344.15","24596.15"
"Fri Aug 08 2025 00:00:00 GMT+0530 (India Standard Time)","24544.25","24585.50","24337.50","24363.30"
"Mon Aug 11 2025 00:00:00 GMT+0530 (India Standard Time)","24371.50","24600.85","24347.45","24585.05"
"Tue Aug 12 2025 00:00:00 GMT+0530 (India Standard Time)","24563.35","24702.60","24465.65","24487.40"
"Wed Aug 13 2025 00:00:00 GMT+0530 (India Standard Time)","24586.20","24664.55","24535.25","24619.35"
"Thu Aug 14 2025 00:00:00 GMT+0530 (India Standard Time)","24607.25","24673.65","24596.90","24631.30"
"Mon Aug 18 2025 00:00:00 GMT+0530 (India Standard Time)","24938.20","25022.00","24852.85","24876.95"
"Tue Aug 19 2025 00:00:00 GMT+0530 (India Standard Time)","24891.35","25012.65","24873.95","24980.65"
"Wed Aug 20 2025 00:00:00 GMT+0530 (India Standard Time)","24965.80","25088.70","24929.70","25050.55"
"Thu Aug 21 2025 00:00:00 GMT+0530 (India Standard Time)","25142.00","25153.65","25054.90","25083.75"
"Fri Aug 22 2025 00:00:00 GMT+0530 (India Standard Time)","25064.15","25084.85","24859.15","24870.10"
"Mon Aug 25 2025 00:00:00 GMT+0530 (India Standard Time)","24949.15","25021.55","24894.35","24967.75"
"Tue Aug 26 2025 00:00:00 GMT+0530 (India Standard Time)","24899.50","24919.65","24689.60","24712.05"
"Thu Aug 28 2025 00:00:00 GMT+0530 (India Standard Time)","24695.80","24702.65","24481.60","24500.90"
"Fri Aug 29 2025 00:00:00 GMT+0530 (India Standard Time)","24466.70","24572.45","24404.70","24426.85"
"Mon Sep 01 2025 00:00:00 GMT+0530 (India Standard Time)","24432.70","24635.60","24432.70","24625.05"
"Tue Sep 02 2025 00:00:00 GMT+0530 (India Standard Time)","24653.00","24756.10","24522.35","24579.60"
"Wed Sep 03 2025 00:00:00 GMT+0530 (India Standard Time)","24616.50","24737.05","24533.20","24715.05"
"Thu Sep 04 2025 00:00:00 GMT+0530 (India Standard Time)","24980.75","24980.75","24708.20","24734.30"
"Fri Sep 05 2025 00:00:00 GMT+0530 (India Standard Time)","24818.85","24832.35","24621.60","24741.00"
"Mon Sep 08 2025 00:00:00 GMT+0530 (India Standard Time)","24802.60","24885.50","24751.55","24773.15"
"Tue Sep 09 2025 00:00:00 GMT+0530 (India Standard Time)","24864.10","24891.80","24814.00","24868.60"
"Wed Sep 10 2025 00:00:00 GMT+0530 (India Standard Time)","24991.00","25035.70","24915.05","24973.10"
"Thu Sep 11 2025 00:00:00 GMT+0530 (India Standard Time)","24945.50","25037.30","24940.15","25005.50"
"Fri Sep 12 2025 00:00:00 GMT+0530 (India Standard Time)","25074.45","25139.45","25038.05","25114.00"
"Mon Sep 15 2025 00:00:00 GMT+0530 (India Standard Time)","25118.90","25138.45","25048.75","25069.20"
"Tue Sep 16 2025 00:00:00 GMT+0530 (India Standard Time)","25073.60","25261.40","25070.45","25239.10"
"Wed Sep 17 2025 00:00:00 GMT+0530 (India Standard Time)","25276.60","25346.50","25275.35","25330.25"
"Thu Sep 18 2025 00:00:00 GMT+0530 (India Standard Time)","25441.05","25448.55","25329.75","25423.60"
"Fri Sep 19 2025 00:00:00 GMT+0530 (India Standard Time)","25410.20","25431.40","25286.30","25327.05"
"Mon Sep 22 2025 00:00:00 GMT+0530 (India Standard Time)","25238.10","25331.70","25151.05","25202.35"
"Tue Sep 23 2025 00:00:00 GMT+0530 (India Standard Time)","25209.00","25261.90","25084.65","25169.50"
"Wed Sep 24 2025 00:00:00 GMT+0530 (India Standard Time)","25108.75","25149.85","25027.45","25056.90"
"Thu Sep 25 2025 00:00:00 GMT+0530 (India Standard Time)","25034.50","25092.70","24878.30","24890.85"
"Fri Sep 26 2025 00:00:00 GMT+0530 (India Standard Time)","24818.55","24868.60","24629.45","24654.70"
"Mon Sep 29 2025 00:00:00 GMT+0530 (India Standard Time)","24728.55","24791.30","24606.20","24634.90"
"Tue Sep 30 2025 00:00:00 GMT+0530 (India Standard Time)","24691.95","24731.80","24587.70","24611.10"
"Wed Oct 01 2025 00:00:00 GMT+0530 (India Standard Time)","24620.55","24867.95","24605.95","24836.30"
"Fri Oct 03 2025 00:00:00 GMT+0530 (India Standard Time)","24759.55","24904.80","24747.55","24894.25"
"Mon Oct 06 2025 00:00:00 GMT+0530 (India Standard Time)","24916.55","25095.95","24881.65","25077.65"
"Tue Oct 07 2025 00:00:00 GMT+0530 (India Standard Time)","25085.30","25220.90","25076.30","25108.30"
"Wed Oct 08 2025 00:00:00 GMT+0530 (India Standard Time)","25079.75","25192.50","25008.50","25046.15"
"Thu Oct 09 2025 00:00:00 GMT+0530 (India Standard Time)","25074.30","25199.25","25024.30","25181.80"
"Fri Oct 10 2025 00:00:00 GMT+0530 (India Standard Time)","25167.65","25330.75","25156.85","25285.35"
"Mon Oct 13 2025 00:00:00 GMT+0530 (India Standard Time)","25177.30","25267.30","25152.30","25227.35"
"Tue Oct 14 2025 00:00:00 GMT+0530 (India Standard Time)","25277.55","25310.35","25060.55","25145.50"
"Wed Oct 15 2025 00:00:00 GMT+0530 (India Standard Time)","25181.95","25365.15","25159.35","25323.55"
"Thu Oct 16 2025 00:00:00 GMT+0530 (India Standard Time)","25394.90","25625.40","25376.85","25585.30"
"Fri Oct 17 2025 00:00:00 GMT+0530 (India Standard Time)","25546.85","25781.50","25508.60","25709.85"
"Mon Oct 20 2025 00:00:00 GMT+0530 (India Standard Time)","25824.60","25926.20","25788.50","25843.15"
"Tue Oct 21 2025 00:00:00 GMT+0530 (India Standard Time)","25901.20","25934.35","25825.80","25868.60"
"Thu Oct 23 2025 00:00:00 GMT+0530 (India Standard Time)","26057.20","26104.20","25862.45","25891.40"
"Fri Oct 24 2025 00:00:00 GMT+0530 (India Standard Time)","25935.10","25944.15","25718.20","25795.15"
"Mon Oct 27 2025 00:00:00 GMT+0530 (India Standard Time)","25843.20","26005.95","25827.00","25966.05"
"Tue Oct 28 2025 00:00:00 GMT+0530 (India Standard Time)","25939.95","26041.70","25810.05","25936.20"
"Wed Oct 29 2025 00:00:00 GMT+0530 (India Standard Time)","25982.00","26097.85","25960.30","26053.90"
"Thu Oct 30 2025 00:00:00 GMT+0530 (India Standard Time)","25984.40","26032.05","25845.25","25877.85"
"Fri Oct 31 2025 00:00:00 GMT+0530 (India Standard Time)","25863.80","25953.75","25711.20","25722.10"
"Mon Nov 03 2025 00:00:00 GMT+0530 (India Standard Time)","25696.85","25803.10","25645.50","25763.35"
"Tue Nov 04 2025 00:00:00 GMT+0530 (India Standard Time)","25744.75","25787.40","25578.40","25597.65"
"Thu Nov 06 2025 00:00:00 GMT+0530 (India Standard Time)","25593.35","25679.15","25491.55","25509.70"
"Fri Nov 07 2025 00:00:00 GMT+0530 (India Standard Time)","25433.80","25551.25","25318.45","25492.30"
"Mon Nov 10 2025 00:00:00 GMT+0530 (India Standard Time)","25503.50","25653.45","25503.50","25574.35"
"Tue Nov 11 2025 00:00:00 GMT+0530 (India Standard Time)","25617.00","25715.80","25449.25","25694.95"
"Wed Nov 12 2025 00:00:00 GMT+0530 (India Standard Time)","25834.30","25934.55","25781.15","25875.80"
"Thu Nov 13 2025 00:00:00 GMT+0530 (India Standard Time)","25906.10","26010.70","25808.40","25879.15"
"Fri Nov 14 2025 00:00:00 GMT+0530 (India Standard Time)","25767.90","25940.20","25740.80","25910.05"
"Mon Nov 17 2025 00:00:00 GMT+0530 (India Standard Time)","25948.20","26024.20","25906.35","26013.45"
"Tue Nov 18 2025 00:00:00 GMT+0530 (India Standard Time)","26021.80","26029.85","25876.50","25910.05"
"Wed Nov 19 2025 00:00:00 GMT+0530 (India Standard Time)","25918.10","26074.65","25856.20","26052.65"
"Thu Nov 20 2025 00:00:00 GMT+0530 (India Standard Time)","26132.10","26246.65","26063.20","26192.15"
"Fri Nov 21 2025 00:00:00 GMT+0530 (India Standard Time)","26109.55","26179.20","26052.20","26068.15"
"Mon Nov 24 2025 00:00:00 GMT+0530 (India Standard Time)","26122.80","26142.80","25912.15","25959.50"
"Tue Nov 25 2025 00:00:00 GMT+0530 (India Standard Time)","25998.50","26032.60","25857.50","25884.80"
"Wed Nov 26 2025 00:00:00 GMT+0530 (India Standard Time)","25842.95","26215.15","25842.95","26205.30"
"Thu Nov 27 2025 00:00:00 GMT+0530 (India Standard Time)","26261.25","26310.45","26141.90","26215.55"
"Fri Nov 28 2025 00:00:00 GMT+0530 (India Standard Time)","26237.45","26280.75","26172.40","26202.95"
"Mon Dec 01 2025 00:00:00 GMT+0530 (India Standard Time)","26325.80","26325.80","26124.20","26175.75"
"Tue Dec 02 2025 00:00:00 GMT+0530 (India Standard Time)","26087.95","26154.60","25997.85","26032.20"
"Wed Dec 03 2025 00:00:00 GMT+0530 (India Standard Time)","26004.90","26066.45","25891.00","25986.00"
"Thu Dec 04 2025 00:00:00 GMT+0530 (India Standard Time)","25981.85","26098.25","25938.95","26033.75"
"Fri Dec 05 2025 00:00:00 GMT+0530 (India Standard Time)","25999.80","26202.60","25985.35","26186.45"
"Mon Dec 08 2025 00:00:00 GMT+0530 (India Standard Time)","26159.80","26178.70","25892.25","25960.55"
"Tue Dec 09 2025 00:00:00 GMT+0530 (India Standard Time)","25867.10","25923.65","25728.00","25839.65"
"Wed Dec 10 2025 00:00:00 GMT+0530 (India Standard Time)","25864.05","25947.65","25734.55","25758.00"
"Thu Dec 11 2025 00:00:00 GMT+0530 (India Standard Time)","25771.40","25922.80","25693.25","25898.55"
"Fri Dec 12 2025 00:00:00 GMT+0530 (India Standard Time)","25971.20","26057.60","25938.45","26046.95"
"Mon Dec 15 2025 00:00:00 GMT+0530 (India Standard Time)","25930.05","26047.15","25904.75","26027.30"
"Tue Dec 16 2025 00:00:00 GMT+0530 (India Standard Time)","25951.50","25980.75","25834.35","25860.10"
"Wed Dec 17 2025 00:00:00 GMT+0530 (India Standard Time)","25902.40","25929.15","25770.35","25818.55"
"Thu Dec 18 2025 00:00:00 GMT+0530 (India Standard Time)","25764.70","25902.35","25726.30","25815.55"
"Fri Dec 19 2025 00:00:00 GMT+0530 (India Standard Time)","25911.50","25993.35","25880.45","25966.40"
"Mon Dec 22 2025 00:00:00 GMT+0530 (India Standard Time)","26055.85","26180.70","26047.80","26172.40"
"Tue Dec 23 2025 00:00:00 GMT+0530 (India Standard Time)","26205.20","26233.55","26119.05","26177.15"
"Wed Dec 24 2025 00:00:00 GMT+0530 (India Standard Time)","26170.65","26236.40","26123.00","26142.10"
"Fri Dec 26 2025 00:00:00 GMT+0530 (India Standard Time)","26121.25","26144.20","26008.60","26042.30"
"Mon Dec 29 2025 00:00:00 GMT+0530 (India Standard Time)","26063.35","26106.80","25920.30","25942.10"
"Tue Dec 30 2025 00:00:00 GMT+0530 (India Standard Time)","25940.90","25976.75","25878.00","25938.85"
"Wed Dec 31 2025 00:00:00 GMT+0530 (India Standard Time)","25971.05","26187.95","25969.00","26129.60"
"Thu Jan 01 2026 00:00:00 GMT+0530 (India Standard Time)","26173.30","26197.55","26113.40","26146.55"
"Fri Jan 02 2026 00:00:00 GMT+0530 (India Standard Time)","26155.10","26340.00","26118.40","26328.55"
"Mon Jan 05 2026 00:00:00 GMT+0530 (India Standard Time)","26333.70","26373.20","26210.05","26250.30"
"Tue Jan 06 2026 00:00:00 GMT+0530 (India Standard Time)","26189.70","26273.95","26124.75","26178.70"
"Wed Jan 07 2026 00:00:00 GMT+0530 (India Standard Time)","26143.10","26187.15","26067.90","26140.75"
"Thu Jan 08 2026 00:00:00 GMT+0530 (India Standard Time)","26106.50","26133.20","25858.45","25876.85"
"Fri Jan 09 2026 00:00:00 GMT+0530 (India Standard Time)","25840.40","25940.60","25623.00","25683.30"
"Mon Jan 12 2026 00:00:00 GMT+0530 (India Standard Time)","25669.05","25813.15","25473.40","25790.25"
"Tue Jan 13 2026 00:00:00 GMT+0530 (India Standard Time)","25897.35","25899.80","25603.30","25732.30"
"Wed Jan 14 2026 00:00:00 GMT+0530 (India Standard Time)","25648.55","25791.75","25603.95","25665.60"
"Fri Jan 16 2026 00:00:00 GMT+0530 (India Standard Time)","25696.05","25873.50","25662.40","25694.35"
"Mon Jan 19 2026 00:00:00 GMT+0530 (India Standard Time)","25653.10","25653.30","25494.35","25585.50"
"Tue Jan 20 2026 00:00:00 GMT+0530 (India Standard Time)","25580.30","25585.00","25171.35","25232.50"
"Wed Jan 21 2026 00:00:00 GMT+0530 (India Standard Time)","25141.00","25300.95","24919.80","25157.50"
"Thu Jan 22 2026 00:00:00 GMT+0530 (India Standard Time)","25344.15","25435.75","25168.50","25289.90"
"Fri Jan 23 2026 00:00:00 GMT+0530 (India Standard Time)","25344.60","25347.95","25025.30","25048.65"
"Tue Jan 27 2026 00:00:00 GMT+0530 (India Standard Time)","25063.35","25246.65","24932.55","25175.40"
"Wed Jan 28 2026 00:00:00 GMT+0530 (India Standard Time)","25258.85","25372.10","25187.65","25342.75"
"Thu Jan 29 2026 00:00:00 GMT+0530 (India Standard Time)","25345.00","25458.15","25159.80","25418.90"
"Fri Jan 30 2026 00:00:00 GMT+0530 (India Standard Time)","25247.55","25370.70","25213.65","25320.65"
"Sun Feb 01 2026 00:00:00 GMT+0530 (India Standard Time)","25333.75","25440.90","24571.75","24825.45"
"Mon Feb 02 2026 00:00:00 GMT+0530 (India Standard Time)","24796.50","25108.10","24679.40","25088.40"
"Tue Feb 03 2026 00:00:00 GMT+0530 (India Standard Time)","26308.05","26341.20","25641.30","25727.55"
"Wed Feb 04 2026 00:00:00 GMT+0530 (India Standard Time)","25675.05","25818.55","25563.95","25776.00"
"Thu Feb 05 2026 00:00:00 GMT+0530 (India Standard Time)","25755.90","25757.65","25579.50","25642.80"
"Fri Feb 06 2026 00:00:00 GMT+0530 (India Standard Time)","25605.80","25703.95","25491.90","25693.70"
"Mon Feb 09 2026 00:00:00 GMT+0530 (India Standard Time)","25888.70","25922.25","25780.90","25867.30"
"Tue Feb 10 2026 00:00:00 GMT+0530 (India Standard Time)","25922.65","25989.45","25870.45","25935.15"
"Wed Feb 11 2026 00:00:00 GMT+0530 (India Standard Time)","25997.45","26009.40","25899.80","25953.85"
"Thu Feb 12 2026 00:00:00 GMT+0530 (India Standard Time)","25906.70","25906.70","25752.40","25807.20"
"Fri Feb 13 2026 00:00:00 GMT+0530 (India Standard Time)","25571.15","25630.35","25444.30","25471.10"
"Mon Feb 16 2026 00:00:00 GMT+0530 (India Standard Time)","25423.60","25697.00","25372.70","25682.75"
"Tue Feb 17 2026 00:00:00 GMT+0530 (India Standard Time)","25637.95","25764.40","25570.30","25725.40"
"Wed Feb 18 2026 00:00:00 GMT+0530 (India Standard Time)","25752.65","25828.05","25645.15","25819.35"
"Thu Feb 19 2026 00:00:00 GMT+0530 (India Standard Time)","25873.35","25885.30","25388.75","25454.35"
"Fri Feb 20 2026 00:00:00 GMT+0530 (India Standard Time)","25406.55","25663.55","25379.75","25571.25"
"Mon Feb 23 2026 00:00:00 GMT+0530 (India Standard Time)","25678.40","25771.45","25609.35","25713.00"
"Tue Feb 24 2026 00:00:00 GMT+0530 (India Standard Time)","25641.80","25641.80","25327.60","25424.65"
"Wed Feb 25 2026 00:00:00 GMT+0530 (India Standard Time)","25512.60","25652.60","25428.20","25482.50"
"Thu Feb 26 2026 00:00:00 GMT+0530 (India Standard Time)","25556.30","25572.95","25400.95","25496.55"
"Fri Feb 27 2026 00:00:00 GMT+0530 (India Standard Time)","25459.85","25476.40","25141.30","25178.65"
"Mon Mar 02 2026 00:00:00 GMT+0530 (India Standard Time)","24659.25","24989.35","24603.50","24865.70"
"Wed Mar 04 2026 00:00:00 GMT+0530 (India Standard Time)","24388.80","24602.45","24305.40","24480.50"
"Thu Mar 05 2026 00:00:00 GMT+0530 (India Standard Time)","24615.95","24854.20","24529.40","24765.90"
"Fri Mar 06 2026 00:00:00 GMT+0530 (India Standard Time)","24656.40","24700.80","24415.75","24450.45"
"Mon Mar 09 2026 00:00:00 GMT+0530 (India Standard Time)","23868.05","24078.15","23697.80","24028.05"
"Tue Mar 10 2026 00:00:00 GMT+0530 (India Standard Time)","24280.80","24303.80","24079.95","24261.60"
"Wed Mar 11 2026 00:00:00 GMT+0530 (India Standard Time)","24231.85","24299.00","23834.30","23866.85"
"Thu Mar 12 2026 00:00:00 GMT+0530 (India Standard Time)","23674.85","23833.15","23556.30","23639.15"
"Fri Mar 13 2026 00:00:00 GMT+0530 (India Standard Time)","23462.50","23492.40","23112.00","23151.10"
"Mon Mar 16 2026 00:00:00 GMT+0530 (India Standard Time)","23116.10","23502.00","22955.25","23408.80"
"Tue Mar 17 2026 00:00:00 GMT+0530 (India Standard Time)","23493.20","23656.80","23346.60","23581.15"
"Wed Mar 18 2026 00:00:00 GMT+0530 (India Standard Time)","23632.90","23862.25","23618.45","23777.80"
"Thu Mar 19 2026 00:00:00 GMT+0530 (India Standard Time)","23197.75","23378.70","22930.35","23002.15"
"Fri Mar 20 2026 00:00:00 GMT+0530 (India Standard Time)","23110.15","23345.15","23067.60","23114.50"
"Mon Mar 23 2026 00:00:00 GMT+0530 (India Standard Time)","22824.35","22851.70","22471.25","22512.65"
"Tue Mar 24 2026 00:00:00 GMT+0530 (India Standard Time)","22878.45","23057.30","22624.20","22912.40"
"Wed Mar 25 2026 00:00:00 GMT+0530 (India Standard Time)","23064.40","23465.35","23063.20","23306.45"
"Fri Mar 27 2026 00:00:00 GMT+0530 (India Standard Time)","23173.55","23186.10","22804.55","22819.60"
"Mon Mar 30 2026 00:00:00 GMT+0530 (India Standard Time)","22549.65","22714.10","22283.85","22331.40"
"Wed Apr 01 2026 00:00:00 GMT+0530 (India Standard Time)","22899.00","22941.30","22618.60","22679.40"
"Thu Apr 02 2026 00:00:00 GMT+0530 (India Standard Time)","22383.40","22782.30","22182.55","22713.10"
"Mon Apr 06 2026 00:00:00 GMT+0530 (India Standard Time)","22780.30","22998.35","22542.95","22968.25"
"Tue Apr 07 2026 00:00:00 GMT+0530 (India Standard Time)","22838.70","23153.85","22719.30","23123.65"
"Wed Apr 08 2026 00:00:00 GMT+0530 (India Standard Time)","23855.15","24025.15","23828.50","23997.35"
"Thu Apr 09 2026 00:00:00 GMT+0530 (India Standard Time)","23909.05","23990.75","23682.80","23775.10"
"Fri Apr 10 2026 00:00:00 GMT+0530 (India Standard Time)","23880.55","24074.05","23856.35","24050.60"
"Mon Apr 13 2026 00:00:00 GMT+0530 (India Standard Time)","23589.60","23907.40","23555.60","23842.65"
"Wed Apr 15 2026 00:00:00 GMT+0530 (India Standard Time)","24163.80","24280.90","24145.80","24231.30"
"Thu Apr 16 2026 00:00:00 GMT+0530 (India Standard Time)","24385.20","24400.95","24102.80","24196.75"
"Fri Apr 17 2026 00:00:00 GMT+0530 (India Standard Time)","24165.90","24371.90","24096.05","24353.55"
"Mon Apr 20 2026 00:00:00 GMT+0530 (India Standard Time)","24391.50","24480.65","24241.25","24364.85"
"Tue Apr 21 2026 00:00:00 GMT+0530 (India Standard Time)","24374.55","24601.70","24354.90","24576.60"
"Wed Apr 22 2026 00:00:00 GMT+0530 (India Standard Time)","24470.85","24515.95","24352.90","24378.10"
"Thu Apr 23 2026 00:00:00 GMT+0530 (India Standard Time)","24202.35","24310.20","24134.80","24173.05"
"Fri Apr 24 2026 00:00:00 GMT+0530 (India Standard Time)","24100.55","24206.00","23813.65","23897.95"
"Mon Apr 27 2026 00:00:00 GMT+0530 (India Standard Time)","23945.45","24130.70","23936.20","24092.70"
"Tue Apr 28 2026 00:00:00 GMT+0530 (India Standard Time)","24049.90","24181.80","23957.05","23995.70"
"Wed Apr 29 2026 00:00:00 GMT+0530 (India Standard Time)","24096.90","24334.70","24059.95","24177.65"
"Thu Apr 30 2026 00:00:00 GMT+0530 (India Standard Time)","23996.95","24087.45","23796.85","23997.55"
"Mon May 04 2026 00:00:00 GMT+0530 (India Standard Time)","24063.55","24290.20","24004.75","24119.30"
"Tue May 05 2026 00:00:00 GMT+0530 (India Standard Time)","24052.60","24081.70","23882.05","24032.80"
"Wed May 06 2026 00:00:00 GMT+0530 (India Standard Time)","24171.00","24356.50","23997.90","24330.95"
"Thu May 07 2026 00:00:00 GMT+0530 (India Standard Time)","24398.50","24482.10","24284.00","24326.65"
"Fri May 08 2026 00:00:00 GMT+0530 (India Standard Time)","24233.65","24253.80","24126.65","24176.15"
"Mon May 11 2026 00:00:00 GMT+0530 (India Standard Time)","23970.10","23997.45","23799.10","23815.85"
"Tue May 12 2026 00:00:00 GMT+0530 (India Standard Time)","23722.60","23757.55","23348.40","23379.55"
"Wed May 13 2026 00:00:00 GMT+0530 (India Standard Time)","23362.45","23582.95","23262.55","23412.60"
"Thu May 14 2026 00:00:00 GMT+0530 (India Standard Time)","23530.25","23777.20","23426.55","23689.60"
"Fri May 15 2026 00:00:00 GMT+0530 (India Standard Time)","23731.40","23839.30","23610.30","23643.50"
"Mon May 18 2026 00:00:00 GMT+0530 (India Standard Time)","23482.20","23695.65","23317.10","23649.95"
"Tue May 19 2026 00:00:00 GMT+0530 (India Standard Time)","23675.30","23782.30","23587.20","23618.00"
"Wed May 20 2026 00:00:00 GMT+0530 (India Standard Time)","23457.25","23690.90","23397.30","23659.00"
"Thu May 21 2026 00:00:00 GMT+0530 (India Standard Time)","23830.05","23859.90","23596.60","23654.70"
"Fri May 22 2026 00:00:00 GMT+0530 (India Standard Time)","23671.20","23835.65","23671.00","23719.30"
"Mon May 25 2026 00:00:00 GMT+0530 (India Standard Time)","23940.25","24054.45","23922.85","24031.70"
"Tue May 26 2026 00:00:00 GMT+0530 (India Standard Time)","24004.10","24089.80","23885.45","23913.70"
"Wed May 27 2026 00:00:00 GMT+0530 (India Standard Time)","23880.35","23983.20","23858.25","23907.15"
"Fri May 29 2026 00:00:00 GMT+0530 (India Standard Time)","23902.15","24002.80","23484.75","23547.75"
"Mon Jun 01 2026 00:00:00 GMT+0530 (India Standard Time)","23654.50","23733.70","23357.95","23382.60"
"Tue Jun 02 2026 00:00:00 GMT+0530 (India Standard Time)","23229.15","23556.95","23229.15","23483.55"
"Wed Jun 03 2026 00:00:00 GMT+0530 (India Standard Time)","23415.95","23459.65","23151.50","23405.60"
"Thu Jun 04 2026 00:00:00 GMT+0530 (India Standard Time)","23282.45","23465.30","23247.30","23416.55"
"Fri Jun 05 2026 00:00:00 GMT+0530 (India Standard Time)","23478.95","23516.35","23282.65","23366.70"
"Mon Jun 08 2026 00:00:00 GMT+0530 (India Standard Time)","23080.70","23267.30","23070.15","23123.00"
"Tue Jun 09 2026 00:00:00 GMT+0530 (India Standard Time)","23259.05","23279.40","23104.45","23242.10"
"Wed Jun 10 2026 00:00:00 GMT+0530 (India Standard Time)","23233.95","23425.35","23184.60","23214.95"
"Thu Jun 11 2026 00:00:00 GMT+0530 (India Standard Time)","23104.40","23327.45","23072.05","23161.60"
"Fri Jun 12 2026 00:00:00 GMT+0530 (India Standard Time)","23412.55","23645.35","23313.90","23622.90"
"Mon Jun 15 2026 00:00:00 GMT+0530 (India Standard Time)","23984.85","24011.40","23817.80","23853.90"
"Tue Jun 16 2026 00:00:00 GMT+0530 (India Standard Time)","23923.90","24002.60","23888.20","23989.15"
"Wed Jun 17 2026 00:00:00 GMT+0530 (India Standard Time)","24044.50","24108.20","23969.70","24085.70"
"Thu Jun 18 2026 00:00:00 GMT+0530 (India Standard Time)","24073.80","24189.25","24036.95","24168.00"
"Fri Jun 19 2026 00:00:00 GMT+0530 (India Standard Time)","23991.20","24047.20","23901.90","24013.10"
"Mon Jun 22 2026 00:00:00 GMT+0530 (India Standard Time)","24106.60","24168.05","24073.15","24102.90"
"Tue Jun 23 2026 00:00:00 GMT+0530 (India Standard Time)","24071.30","24135.50","23784.95","23824.10"
"Wed Jun 24 2026 00:00:00 GMT+0530 (India Standard Time)","23795.80","24090.05","23789.25","24021.65"
"Thu Jun 25 2026 00:00:00 GMT+0530 (India Standard Time)","24125.85","24261.60","24039.00","24056.00"
"Mon Jun 29 2026 00:00:00 GMT+0530 (India Standard Time)","24061.75","24120.00","23924.55","23946.25"
"Tue Jun 30 2026 00:00:00 GMT+0530 (India Standard Time)","24032.05","24035.55","23829.20","23865.75"
"Wed Jul 01 2026 00:00:00 GMT+0530 (India Standard Time)","23897.65","24049.90","23895.10","24005.85"
"Thu Jul 02 2026 00:00:00 GMT+0530 (India Standard Time)","24062.20","24194.55","24058.80","24175.70"
"Fri Jul 03 2026 00:00:00 GMT+0530 (India Standard Time)","24375.65","24378.15","24252.35","24270.85"
"Mon Jul 06 2026 00:00:00 GMT+0530 (India Standard Time)","24306.85","24458.65","24287.10","24430.35"
"Tue Jul 07 2026 00:00:00 GMT+0530 (India Standard Time)","24464.45","24530.90","24348.95","24398.70"
"Wed Jul 08 2026 00:00:00 GMT+0530 (India Standard Time)","24259.55","24300.00","23805.20","23882.05"
"Thu Jul 09 2026 00:00:00 GMT+0530 (India Standard Time)","23928.95","24134.70","23925.70","23962.80"
"Fri Jul 10 2026 00:00:00 GMT+0530 (India Standard Time)","24124.70","24228.45","24120.35","24206.90"
"Mon Jul 13 2026 00:00:00 GMT+0530 (India Standard Time)","24039.40","24259.80","24000.20","24211.00"
"Tue Jul 14 2026 00:00:00 GMT+0530 (India Standard Time)","24068.00","24157.10","24023.70","24052.05"
"Wed Jul 15 2026 00:00:00 GMT+0530 (India Standard Time)","24085.85","24220.35","24010.55","24078.50"
"Thu Jul 16 2026 00:00:00 GMT+0530 (India Standard Time)","24142.10","24186.50","24050.00","24072.75"
"Fri Jul 17 2026 00:00:00 GMT+0530 (India Standard Time)","24127.60","24367.30","24099.05","24334.30"
"Mon Jul 20 2026 00:00:00 GMT+0530 (India Standard Time)","24190.05","24266.10","24135.85","24238.50"
"Tue Jul 21 2026 00:00:00 GMT+0530 (India Standard Time)","24216.05","24262.20","24135.65","24187.70"
"Wed Jul 22 2026 00:00:00 GMT+0530 (India Standard Time)","24150.45","24166.30","23961.40","23996.25"
"Thu Jul 23 2026 00:00:00 GMT+0530 (India Standard Time)","23904.80","23990.75","23807.20","23869.60"
"Fri Jul 24 2026 00:00:00 GMT+0530 (India Standard Time)","23666.35","23823.60","23606.30","23767.45"
"Mon Jul 27 2026 00:00:00 GMT+0530 (India Standard Time)","23928.40","24011.60","23891.55","23995.95"
"Tue Jul 28 2026 00:00:00 GMT+0530 (India Standard Time)","23971.25","24041.15","23954.60","23985.35"
"Wed Jul 29 2026 00:00:00 GMT+0530 (India Standard Time)","24176.65","24283.55","24136.75","24250.20"
"Thu Jul 30 2026 00:00:00 GMT+0530 (India Standard Time)","24249.55","24342.95","24187.10","24317.15"
"Fri Jul 31 2026 00:00:00 GMT+0530 (India Standard Time)","24361.45","24429.40","24299.70","24383.60"
"Mon Aug 03 2026 00:00:00 GMT+0530 (India Standard Time)","24572.70","24774.30","24515.15","24774.30"
"Tue Aug 04 2026 00:00:00 GMT+0530 (India Standard Time)","24703.90","24703.90","24427.95","24614.90"
"Wed Aug 05 2026 00:00:00 GMT+0530 (India Standard Time)","24669.20","24677.60","24497.95","24624.65"
"Thu Aug 06 2026 00:00:00 GMT+0530 (India Standard Time)","24641.00","24677.05","24604.15","24636.00"
"Fri Aug 07 2026 00:00:00 GMT+0530 (India Standard Time)","24538.90","24630.40","24522.75","24570.65"
"Mon Aug 10 2026 00:00:00 GMT+0530 (India Standard Time)","24581.25","24620.95","24511.10","24583.80"
"Tue Aug 11 2026 00:00:00 GMT+0530 (India Standard Time)","24575.10","24576.85","24429.25","24471.70"
"Wed Aug 12 2026 00:00:00 GMT+0530 (India Standard Time)","24472.45","24473.30","24265.95","24435.95"
"Thu Aug 13 2026 00:00:00 GMT+0530 (India Standard Time)","24431.60","24431.60","24311.40","24395.85"
"Fri Aug 14 2026 00:00:00 GMT+0530 (India Standard Time)","24361.90","24405.20","24296.80","24366.00"
"Mon Aug 17 2026 00:00:00 GMT+0530 (India Standard Time)","24343.45","24360.10","24226.95","24287.65"
"Tue Aug 18 2026 00:00:00 GMT+0530 (India Standard Time)","24223.85","24269.65","24154.90","24154.90"
"Wed Aug 19 2026 00:00:00 GMT+0530 (India Standard Time)","24152.05","24172.85","24025.65","24078.30"
"Thu Aug 20 2026 00:00:00 GMT+0530 (India Standard Time)","24225.45","24265.15","24184.55","24231.85"
"Fri Aug 21 2026 00:00:00 GMT+0530 (India Standard Time)","24284.05","24284.05","24206.80","24252.00"
"Mon Aug 24 2026 00:00:00 GMT+0530 (India Standard Time)","24285.05","24313.00","24144.30","24219.05"
"Tue Aug 25 2026 00:00:00 GMT+0530 (India Standard Time)","24175.75","24334.55","24115.45","24334.55"
"Wed Aug 26 2026 00:00:00 GMT+0530 (India Standard Time)","24341.95","24378.60","24207.75","24207.75"
"Thu Aug 27 2026 00:00:00 GMT+0530 (India Standard Time)","24277.60","24297.45","24090.85","24090.85"
"Fri Aug 28 2026 00:00:00 GMT+0530 (India Standard Time)","24122.60","24188.30","24076.85","24175.65"
"Mon Aug 31 2026 00:00:00 GMT+0530 (India Standard Time)","24117.55","24128.70","23993.60","24080.40"
"Tue Sep 01 2026 00:00:00 GMT+0530 (India Standard Time)","24077.55","24143.15","23952.55","24055.80"
"Wed Sep 02 2026 00:00:00 GMT+0530 (India Standard Time)","23858.00","23914.45","23786.80","23914.45"
"Thu Sep 03 2026 00:00:00 GMT+0530 (India Standard Time)","23997.95","24025.40","23873.45","23873.45"
"Fri Sep 04 2026 00:00:00 GMT+0530 (India Standard Time)","23910.90","24005.75","23895.85","23897.70"
"Mon Sep 07 2026 00:00:00 GMT+0530 (India Standard Time)","23883.15","23890.00","23737.90","23779.15"
"Tue Sep 08 2026 00:00:00 GMT+0530 (India Standard Time)","23743.10","23758.95","23623.10","23635.10"
"Wed Sep 09 2026 00:00:00 GMT+0530 (India Standard Time)","23522.05","23571.55","23431.50","23431.50"
"Thu Sep 10 2026 00:00:00 GMT+0530 (India Standard Time)","23446.60","23494.95","23380.10","23477.80"
"Fri Sep 11 2026 00:00:00 GMT+0530 (India Standard Time)","23270.30","23448.10","23231.40","23398.10"
"Tue Sep 15 2026 00:00:00 GMT+0530 (India Standard Time)","23576.15","23592.85","23118.60","23118.60"
"Wed Sep 16 2026 00:00:00 GMT+0530 (India Standard Time)","23201.60","23284.75","23116.10","23217.60"
"Thu Sep 17 2026 00:00:00 GMT+0530 (India Standard Time)","23195.25","23363.55","23193.65","23270.60"
"Fri Sep 18 2026 00:00:00 GMT+0530 (India Standard Time)","23334.70","23389.15","23286.60","23346.40"
"Mon Sep 21 2026 00:00:00 GMT+0530 (India Standard Time)","23330.20","23466.80","23314.80","23414.30"