"Date","Open","High","Low","Close"
"Tue Sep 13 2005 00:00:00 GMT+0530 (India Standard Time)","2484.00","2503.00","2477.10","2500.30"
"Wed Sep 14 2005 00:00:00 GMT+0530 (India Standard Time)","2500.40","2514.75","2476.00","2492.40"
"Thu Sep 15 2005 00:00:00 GMT+0530 (India Standard Time)","2492.85","2527.50","2492.75","2523.90"
"Fri Sep 16 2005 00:00:00 GMT+0530 (India Standard Time)","2524.90","2555.10","2519.05","2552.30"
"Mon Sep 19 2005 00:00:00 GMT+0530 (India Standard Time)","2555.44","2579.69","2550.44","2567.10"
"Tue Sep 20 2005 00:00:00 GMT+0530 (India Standard Time)","2567.19","2582.80","2546.60","2578.00"
"Wed Sep 21 2005 00:00:00 GMT+0530 (India Standard Time)","2576.69","2585.60","2504.90","2567.30"
"Thu Sep 22 2005 00:00:00 GMT+0530 (India Standard Time)","2567.85","2580.40","2465.85","2476.50"
"Fri Sep 23 2005 00:00:00 GMT+0530 (India Standard Time)","2480.50","2507.90","2453.05","2477.69"
"Mon Sep 26 2005 00:00:00 GMT+0530 (India Standard Time)","2477.85","2560.85","2477.85","2557.30"
"Tue Sep 27 2005 00:00:00 GMT+0530 (India Standard Time)","2558.50","2592.50","2549.85","2574.80"
"Wed Sep 28 2005 00:00:00 GMT+0530 (India Standard Time)","2574.44","2602.94","2559.85","2598.00"
"Thu Sep 29 2005 00:00:00 GMT+0530 (India Standard Time)","2598.60","2633.90","2589.44","2611.19"
"Fri Sep 30 2005 00:00:00 GMT+0530 (India Standard Time)","2607.90","2623.05","2567.75","2601.40"
"Mon Oct 03 2005 00:00:00 GMT+0530 (India Standard Time)","2601.00","2635.00","2597.19","2630.00"
"Tue Oct 04 2005 00:00:00 GMT+0530 (India Standard Time)","2630.00","2667.05","2629.60","2663.30"
"Wed Oct 05 2005 00:00:00 GMT+0530 (India Standard Time)","2663.70","2669.20","2636.60","2644.40"
"Thu Oct 06 2005 00:00:00 GMT+0530 (India Standard Time)","2643.80","2643.80","2571.30","2579.10"
"Fri Oct 07 2005 00:00:00 GMT+0530 (India Standard Time)","2577.19","2603.25","2547.55","2574.00"
"Mon Oct 10 2005 00:00:00 GMT+0530 (India Standard Time)","2577.10","2595.15","2561.00","2566.80"
"Tue Oct 11 2005 00:00:00 GMT+0530 (India Standard Time)","2569.15","2592.00","2533.69","2589.50"
"Thu Oct 13 2005 00:00:00 GMT+0530 (India Standard Time)","2584.40","2589.35","2529.05","2537.30"
"Fri Oct 14 2005 00:00:00 GMT+0530 (India Standard Time)","2537.69","2548.00","2478.00","2484.40"
"Mon Oct 17 2005 00:00:00 GMT+0530 (India Standard Time)","2488.40","2498.60","2459.50","2485.10"
"Tue Oct 18 2005 00:00:00 GMT+0530 (India Standard Time)","2485.25","2517.69","2452.50","2468.19"
"Wed Oct 19 2005 00:00:00 GMT+0530 (India Standard Time)","2467.80","2467.85","2394.94","2412.40"
"Thu Oct 20 2005 00:00:00 GMT+0530 (India Standard Time)","2421.40","2463.85","2363.55","2395.40"
"Fri Oct 21 2005 00:00:00 GMT+0530 (India Standard Time)","2397.85","2447.85","2384.05","2443.69"
"Mon Oct 24 2005 00:00:00 GMT+0530 (India Standard Time)","2444.19","2460.00","2388.40","2394.80"
"Tue Oct 25 2005 00:00:00 GMT+0530 (India Standard Time)","2394.94","2444.60","2390.85","2418.19"
"Wed Oct 26 2005 00:00:00 GMT+0530 (India Standard Time)","2418.44","2434.00","2401.10","2408.50"
"Thu Oct 27 2005 00:00:00 GMT+0530 (India Standard Time)","2408.94","2416.44","2338.60","2352.90"
"Fri Oct 28 2005 00:00:00 GMT+0530 (India Standard Time)","2352.65","2355.15","2307.44","2316.05"
"Mon Oct 31 2005 00:00:00 GMT+0530 (India Standard Time)","2314.85","2373.40","2314.19","2370.90"
"Tue Nov 01 2005 00:00:00 GMT+0530 (India Standard Time)","2366.80","2410.15","2366.80","2386.69"
"Wed Nov 02 2005 00:00:00 GMT+0530 (India Standard Time)","2386.44","2423.80","2367.75","2419.00"
"Mon Nov 07 2005 00:00:00 GMT+0530 (India Standard Time)","2419.25","2464.65","2411.60","2461.60"
"Tue Nov 08 2005 00:00:00 GMT+0530 (India Standard Time)","2463.65","2502.90","2460.00","2492.60"
"Wed Nov 09 2005 00:00:00 GMT+0530 (India Standard Time)","2493.10","2519.40","2475.69","2489.10"
"Thu Nov 10 2005 00:00:00 GMT+0530 (India Standard Time)","2489.10","2504.75","2480.85","2500.69"
"Fri Nov 11 2005 00:00:00 GMT+0530 (India Standard Time)","2500.85","2551.40","2500.85","2548.60"
"Mon Nov 14 2005 00:00:00 GMT+0530 (India Standard Time)","2548.55","2576.94","2534.40","2558.69"
"Wed Nov 16 2005 00:00:00 GMT+0530 (India Standard Time)","2559.44","2585.94","2559.44","2582.69"
"Thu Nov 17 2005 00:00:00 GMT+0530 (India Standard Time)","2558.44","2608.85","2558.44","2603.90"
"Fri Nov 18 2005 00:00:00 GMT+0530 (India Standard Time)","2604.00","2632.35","2595.15","2620.00"
"Mon Nov 21 2005 00:00:00 GMT+0530 (India Standard Time)","2620.10","2626.40","2591.75","2602.50"
"Tue Nov 22 2005 00:00:00 GMT+0530 (India Standard Time)","2603.25","2614.00","2567.05","2572.80"
"Wed Nov 23 2005 00:00:00 GMT+0530 (India Standard Time)","2572.85","2613.40","2563.10","2608.60"
"Thu Nov 24 2005 00:00:00 GMT+0530 (India Standard Time)","2608.90","2643.70","2608.69","2635.00"
"Fri Nov 25 2005 00:00:00 GMT+0530 (India Standard Time)","2635.35","2668.90","2633.75","2664.30"
"Sat Nov 26 2005 00:00:00 GMT+0530 (India Standard Time)","2664.85","2686.50","2664.70","2683.40"
"Mon Nov 28 2005 00:00:00 GMT+0530 (India Standard Time)","2683.60","2717.15","2682.65","2712.00"
"Tue Nov 29 2005 00:00:00 GMT+0530 (India Standard Time)","2712.35","2713.90","2679.90","2698.30"
"Wed Nov 30 2005 00:00:00 GMT+0530 (India Standard Time)","2698.10","2727.05","2647.10","2652.20"
"Thu Dec 01 2005 00:00:00 GMT+0530 (India Standard Time)","2651.60","2705.00","2641.95","2698.90"
"Fri Dec 02 2005 00:00:00 GMT+0530 (India Standard Time)","2699.55","2730.70","2691.50","2697.90"
"Mon Dec 05 2005 00:00:00 GMT+0530 (India Standard Time)","2697.60","2710.65","2654.35","2660.50"
"Tue Dec 06 2005 00:00:00 GMT+0530 (India Standard Time)","2661.40","2694.40","2647.35","2662.30"
"Wed Dec 07 2005 00:00:00 GMT+0530 (India Standard Time)","2662.30","2697.10","2662.30","2693.00"
"Thu Dec 08 2005 00:00:00 GMT+0530 (India Standard Time)","2694.95","2711.60","2673.50","2706.70"
"Fri Dec 09 2005 00:00:00 GMT+0530 (India Standard Time)","2706.75","2761.10","2698.00","2756.40"
"Mon Dec 12 2005 00:00:00 GMT+0530 (India Standard Time)","2756.40","2789.35","2756.40","2776.20"
"Tue Dec 13 2005 00:00:00 GMT+0530 (India Standard Time)","2776.80","2815.30","2764.65","2812.30"
"Wed Dec 14 2005 00:00:00 GMT+0530 (India Standard Time)","2812.80","2825.65","2788.30","2804.50"
"Thu Dec 15 2005 00:00:00 GMT+0530 (India Standard Time)","2805.20","2821.50","2763.35","2778.50"
"Fri Dec 16 2005 00:00:00 GMT+0530 (India Standard Time)","2778.65","2814.90","2766.50","2810.10"
"Mon Dec 19 2005 00:00:00 GMT+0530 (India Standard Time)","2808.35","2846.00","2803.45","2842.60"
"Tue Dec 20 2005 00:00:00 GMT+0530 (India Standard Time)","2843.15","2853.10","2815.20","2826.20"
"Wed Dec 21 2005 00:00:00 GMT+0530 (India Standard Time)","2826.45","2847.30","2799.45","2822.90"
"Thu Dec 22 2005 00:00:00 GMT+0530 (India Standard Time)","2826.70","2846.65","2818.65","2835.20"
"Fri Dec 23 2005 00:00:00 GMT+0530 (India Standard Time)","2835.70","2857.00","2799.70","2804.80"
"Mon Dec 26 2005 00:00:00 GMT+0530 (India Standard Time)","2804.30","2804.30","2741.80","2749.60"
"Tue Dec 27 2005 00:00:00 GMT+0530 (India Standard Time)","2746.25","2812.60","2725.70","2805.90"
"Wed Dec 28 2005 00:00:00 GMT+0530 (India Standard Time)","2806.80","2824.30","2780.00","2794.00"
"Thu Dec 29 2005 00:00:00 GMT+0530 (India Standard Time)","2792.75","2829.40","2792.75","2821.90"
"Fri Dec 30 2005 00:00:00 GMT+0530 (India Standard Time)","2823.95","2845.55","2812.75","2836.50"
"Mon Jan 02 2006 00:00:00 GMT+0530 (India Standard Time)","2836.80","2849.45","2825.40","2835.95"
"Tue Jan 03 2006 00:00:00 GMT+0530 (India Standard Time)","2835.95","2887.20","2832.05","2883.35"
"Wed Jan 04 2006 00:00:00 GMT+0530 (India Standard Time)","2883.00","2909.35","2883.00","2904.40"
"Thu Jan 05 2006 00:00:00 GMT+0530 (India Standard Time)","2904.45","2916.20","2884.80","2899.85"
"Fri Jan 06 2006 00:00:00 GMT+0530 (India Standard Time)","2899.85","2921.70","2877.25","2914.00"
"Mon Jan 09 2006 00:00:00 GMT+0530 (India Standard Time)","2913.35","2927.25","2898.25","2910.10"
"Tue Jan 10 2006 00:00:00 GMT+0530 (India Standard Time)","2910.15","2913.05","2865.60","2870.80"
"Thu Jan 12 2006 00:00:00 GMT+0530 (India Standard Time)","2869.35","2869.35","2824.00","2850.70"
"Fri Jan 13 2006 00:00:00 GMT+0530 (India Standard Time)","2851.40","2878.35","2846.70","2850.55"
"Mon Jan 16 2006 00:00:00 GMT+0530 (India Standard Time)","2851.35","2855.70","2824.05","2833.10"
"Tue Jan 17 2006 00:00:00 GMT+0530 (India Standard Time)","2833.80","2861.25","2820.65","2829.10"
"Wed Jan 18 2006 00:00:00 GMT+0530 (India Standard Time)","2809.90","2840.10","2783.85","2809.20"
"Thu Jan 19 2006 00:00:00 GMT+0530 (India Standard Time)","2811.10","2875.95","2811.10","2870.85"
"Fri Jan 20 2006 00:00:00 GMT+0530 (India Standard Time)","2870.80","2912.80","2870.80","2900.95"
"Mon Jan 23 2006 00:00:00 GMT+0530 (India Standard Time)","2900.30","2900.30","2870.95","2884.05"
"Tue Jan 24 2006 00:00:00 GMT+0530 (India Standard Time)","2886.35","2914.25","2885.75","2908.00"
"Wed Jan 25 2006 00:00:00 GMT+0530 (India Standard Time)","2908.75","2949.10","2871.25","2940.35"
"Fri Jan 27 2006 00:00:00 GMT+0530 (India Standard Time)","2941.90","2989.70","2941.90","2982.75"
"Mon Jan 30 2006 00:00:00 GMT+0530 (India Standard Time)","2983.30","3002.20","2963.65","2974.50"
"Tue Jan 31 2006 00:00:00 GMT+0530 (India Standard Time)","2968.95","3005.10","2968.85","3001.10"
"Wed Feb 01 2006 00:00:00 GMT+0530 (India Standard Time)","3001.30","3011.05","2960.90","2971.55"
"Thu Feb 02 2006 00:00:00 GMT+0530 (India Standard Time)","2972.20","2997.25","2957.55","2967.45"
"Fri Feb 03 2006 00:00:00 GMT+0530 (India Standard Time)","2968.10","2973.90","2931.85","2940.60"
"Mon Feb 06 2006 00:00:00 GMT+0530 (India Standard Time)","2940.95","3009.45","2928.10","3000.45"
"Tue Feb 07 2006 00:00:00 GMT+0530 (India Standard Time)","3001.15","3025.10","2991.25","3020.10"
"Wed Feb 08 2006 00:00:00 GMT+0530 (India Standard Time)","3018.20","3021.25","2984.90","3008.95"
"Fri Feb 10 2006 00:00:00 GMT+0530 (India Standard Time)","3009.15","3031.75","3009.10","3027.55"
"Mon Feb 13 2006 00:00:00 GMT+0530 (India Standard Time)","3026.15","3042.75","3018.50","3041.15"
"Tue Feb 14 2006 00:00:00 GMT+0530 (India Standard Time)","3040.25","3051.70","3009.90","3017.55"
"Wed Feb 15 2006 00:00:00 GMT+0530 (India Standard Time)","3001.40","3048.80","2995.30","3022.20"
"Thu Feb 16 2006 00:00:00 GMT+0530 (India Standard Time)","3023.10","3036.65","3013.70","3021.60"
"Fri Feb 17 2006 00:00:00 GMT+0530 (India Standard Time)","3021.65","3038.80","2976.70","2981.50"
"Mon Feb 20 2006 00:00:00 GMT+0530 (India Standard Time)","2982.35","3010.65","2955.85","3005.85"
"Tue Feb 21 2006 00:00:00 GMT+0530 (India Standard Time)","3008.55","3042.05","3008.55","3035.50"
"Wed Feb 22 2006 00:00:00 GMT+0530 (India Standard Time)","3035.65","3055.65","3032.50","3050.80"
"Thu Feb 23 2006 00:00:00 GMT+0530 (India Standard Time)","3050.85","3078.40","3050.85","3062.10"
"Fri Feb 24 2006 00:00:00 GMT+0530 (India Standard Time)","3061.70","3072.00","3041.60","3050.05"
"Mon Feb 27 2006 00:00:00 GMT+0530 (India Standard Time)","3050.30","3070.35","3050.30","3067.45"
"Tue Feb 28 2006 00:00:00 GMT+0530 (India Standard Time)","3067.90","3090.30","3031.80","3074.70"
"Wed Mar 01 2006 00:00:00 GMT+0530 (India Standard Time)","3074.60","3127.25","3064.00","3123.10"
"Thu Mar 02 2006 00:00:00 GMT+0530 (India Standard Time)","3124.25","3170.35","3124.25","3150.70"
"Fri Mar 03 2006 00:00:00 GMT+0530 (India Standard Time)","3151.30","3167.20","3132.60","3147.35"
"Mon Mar 06 2006 00:00:00 GMT+0530 (India Standard Time)","3147.25","3194.00","3147.20","3190.40"
"Tue Mar 07 2006 00:00:00 GMT+0530 (India Standard Time)","3190.45","3192.95","3166.75","3182.80"
"Wed Mar 08 2006 00:00:00 GMT+0530 (India Standard Time)","3183.45","3187.50","3107.90","3116.70"
"Thu Mar 09 2006 00:00:00 GMT+0530 (India Standard Time)","3116.75","3132.65","3069.85","3129.10"
"Fri Mar 10 2006 00:00:00 GMT+0530 (India Standard Time)","3129.05","3189.35","3128.60","3183.90"
"Mon Mar 13 2006 00:00:00 GMT+0530 (India Standard Time)","3184.10","3221.30","3174.05","3202.65"
"Tue Mar 14 2006 00:00:00 GMT+0530 (India Standard Time)","3197.20","3223.45","3184.05","3195.35"
"Thu Mar 16 2006 00:00:00 GMT+0530 (India Standard Time)","3197.30","3230.40","3196.95","3226.60"
"Fri Mar 17 2006 00:00:00 GMT+0530 (India Standard Time)","3226.90","3258.30","3226.90","3234.05"
"Mon Mar 20 2006 00:00:00 GMT+0530 (India Standard Time)","3234.20","3268.25","3234.20","3265.65"
"Tue Mar 21 2006 00:00:00 GMT+0530 (India Standard Time)","3264.65","3292.15","3247.25","3262.30"
"Wed Mar 22 2006 00:00:00 GMT+0530 (India Standard Time)","3263.35","3267.95","3221.95","3240.15"
"Thu Mar 23 2006 00:00:00 GMT+0530 (India Standard Time)","3240.85","3265.60","3225.20","3247.15"
"Fri Mar 24 2006 00:00:00 GMT+0530 (India Standard Time)","3247.15","3286.20","3242.60","3279.80"
"Mon Mar 27 2006 00:00:00 GMT+0530 (India Standard Time)","3283.40","3327.05","3280.80","3321.65"
"Tue Mar 28 2006 00:00:00 GMT+0530 (India Standard Time)","3321.45","3344.50","3311.85","3325.00"
"Wed Mar 29 2006 00:00:00 GMT+0530 (India Standard Time)","3324.85","3359.80","3324.80","3354.20"
"Thu Mar 30 2006 00:00:00 GMT+0530 (India Standard Time)","3354.25","3433.85","3354.25","3418.95"
"Fri Mar 31 2006 00:00:00 GMT+0530 (India Standard Time)","3420.55","3425.45","3381.90","3402.55"
"Mon Apr 03 2006 00:00:00 GMT+0530 (India Standard Time)","3403.15","3478.25","3402.45","3473.30"
"Tue Apr 04 2006 00:00:00 GMT+0530 (India Standard Time)","3473.10","3508.25","3463.85","3483.15"
"Wed Apr 05 2006 00:00:00 GMT+0530 (India Standard Time)","3483.15","3513.95","3483.15","3510.90"
"Fri Apr 07 2006 00:00:00 GMT+0530 (India Standard Time)","3525.60","3555.50","3445.90","3454.80"
"Mon Apr 10 2006 00:00:00 GMT+0530 (India Standard Time)","3455.00","3489.05","3430.40","3478.45"
"Wed Apr 12 2006 00:00:00 GMT+0530 (India Standard Time)","3479.10","3484.65","3366.75","3380.00"
"Thu Apr 13 2006 00:00:00 GMT+0530 (India Standard Time)","3380.40","3391.05","3290.35","3345.50"
"Mon Apr 17 2006 00:00:00 GMT+0530 (India Standard Time)","3342.15","3433.65","3342.15","3425.15"
"Tue Apr 18 2006 00:00:00 GMT+0530 (India Standard Time)","3429.00","3521.95","3429.00","3518.10"
"Wed Apr 19 2006 00:00:00 GMT+0530 (India Standard Time)","3523.65","3570.50","3502.75","3535.85"
"Thu Apr 20 2006 00:00:00 GMT+0530 (India Standard Time)","3539.80","3578.35","3527.25","3573.50"
"Fri Apr 21 2006 00:00:00 GMT+0530 (India Standard Time)","3576.75","3592.75","3517.10","3573.05"
"Mon Apr 24 2006 00:00:00 GMT+0530 (India Standard Time)","3572.80","3585.35","3536.30","3548.90"
"Tue Apr 25 2006 00:00:00 GMT+0530 (India Standard Time)","3548.80","3552.65","3433.55","3462.65"
"Wed Apr 26 2006 00:00:00 GMT+0530 (India Standard Time)","3462.65","3562.30","3454.10","3555.75"
"Thu Apr 27 2006 00:00:00 GMT+0530 (India Standard Time)","3554.70","3598.95","3492.75","3508.10"
"Fri Apr 28 2006 00:00:00 GMT+0530 (India Standard Time)","3507.45","3517.65","3342.85","3508.35"
"Sat Apr 29 2006 00:00:00 GMT+0530 (India Standard Time)","3508.35","3565.75","3508.35","3557.60"
"Tue May 02 2006 00:00:00 GMT+0530 (India Standard Time)","3557.55","3622.05","3556.90","3605.45"
"Wed May 03 2006 00:00:00 GMT+0530 (India Standard Time)","3604.40","3640.80","3581.40","3634.25"
"Thu May 04 2006 00:00:00 GMT+0530 (India Standard Time)","3630.65","3674.50","3621.55","3648.40"
"Fri May 05 2006 00:00:00 GMT+0530 (India Standard Time)","3649.45","3676.55","3639.55","3663.95"
"Mon May 08 2006 00:00:00 GMT+0530 (India Standard Time)","3668.65","3708.55","3668.65","3693.15"
"Tue May 09 2006 00:00:00 GMT+0530 (India Standard Time)","3694.65","3725.40","3655.65","3720.55"
"Wed May 10 2006 00:00:00 GMT+0530 (India Standard Time)","3720.75","3758.05","3717.25","3754.25"
"Thu May 11 2006 00:00:00 GMT+0530 (India Standard Time)","3755.80","3774.15","3687.90","3701.05"
"Fri May 12 2006 00:00:00 GMT+0530 (India Standard Time)","3704.15","3704.15","3633.85","3650.05"
"Mon May 15 2006 00:00:00 GMT+0530 (India Standard Time)","3651.00","3653.00","3482.85","3502.95"
"Tue May 16 2006 00:00:00 GMT+0530 (India Standard Time)","3502.95","3543.50","3382.40","3523.30"
"Wed May 17 2006 00:00:00 GMT+0530 (India Standard Time)","3525.05","3641.85","3525.05","3635.10"
"Thu May 18 2006 00:00:00 GMT+0530 (India Standard Time)","3636.45","3636.45","3365.90","3388.90"
"Fri May 19 2006 00:00:00 GMT+0530 (India Standard Time)","3391.85","3493.05","3205.25","3246.90"
"Mon May 22 2006 00:00:00 GMT+0530 (India Standard Time)","3254.30","3313.90","2896.40","3081.35"
"Tue May 23 2006 00:00:00 GMT+0530 (India Standard Time)","3068.60","3221.05","2997.35","3199.35"
"Wed May 24 2006 00:00:00 GMT+0530 (India Standard Time)","3203.50","3249.75","3091.60","3115.55"
"Thu May 25 2006 00:00:00 GMT+0530 (India Standard Time)","3114.70","3198.35","3012.95","3177.70"
"Fri May 26 2006 00:00:00 GMT+0530 (India Standard Time)","3177.70","3277.95","3177.70","3209.60"
"Mon May 29 2006 00:00:00 GMT+0530 (India Standard Time)","3207.25","3255.25","3193.15","3214.90"
"Tue May 30 2006 00:00:00 GMT+0530 (India Standard Time)","3215.50","3252.10","3167.05","3185.30"
"Wed May 31 2006 00:00:00 GMT+0530 (India Standard Time)","3181.95","3181.95","2972.90","3071.05"
"Thu Jun 01 2006 00:00:00 GMT+0530 (India Standard Time)","3072.55","3130.00","2936.60","2962.25"
"Fri Jun 02 2006 00:00:00 GMT+0530 (India Standard Time)","2961.50","3099.35","2940.20","3091.35"
"Mon Jun 05 2006 00:00:00 GMT+0530 (India Standard Time)","3092.60","3125.40","3006.40","3016.65"
"Tue Jun 06 2006 00:00:00 GMT+0530 (India Standard Time)","3015.05","3015.05","2910.30","2937.30"
"Wed Jun 07 2006 00:00:00 GMT+0530 (India Standard Time)","2935.25","2956.90","2819.45","2860.45"
"Thu Jun 08 2006 00:00:00 GMT+0530 (India Standard Time)","2856.90","2859.40","2683.20","2724.35"
"Fri Jun 09 2006 00:00:00 GMT+0530 (India Standard Time)","2721.20","2875.75","2707.85","2866.30"
"Mon Jun 12 2006 00:00:00 GMT+0530 (India Standard Time)","2867.65","2877.80","2761.85","2776.85"
"Tue Jun 13 2006 00:00:00 GMT+0530 (India Standard Time)","2773.60","2773.60","2638.10","2663.30"
"Wed Jun 14 2006 00:00:00 GMT+0530 (India Standard Time)","2665.05","2767.75","2595.65","2632.80"
"Thu Jun 15 2006 00:00:00 GMT+0530 (India Standard Time)","2634.10","2814.15","2634.10","2798.80"
"Fri Jun 16 2006 00:00:00 GMT+0530 (India Standard Time)","2799.85","2960.15","2799.85","2890.35"
"Mon Jun 19 2006 00:00:00 GMT+0530 (India Standard Time)","2892.00","2932.90","2846.50","2916.90"
"Tue Jun 20 2006 00:00:00 GMT+0530 (India Standard Time)","2919.00","2919.00","2837.45","2861.30"
"Wed Jun 21 2006 00:00:00 GMT+0530 (India Standard Time)","2861.40","2930.80","2836.40","2923.45"
"Thu Jun 22 2006 00:00:00 GMT+0530 (India Standard Time)","2923.75","3017.65","2923.75","2994.75"
"Fri Jun 23 2006 00:00:00 GMT+0530 (India Standard Time)","2993.55","3063.20","2920.20","3042.70"
"Sun Jun 25 2006 00:00:00 GMT+0530 (India Standard Time)","3043.15","3083.00","3035.95","3050.30"
"Mon Jun 26 2006 00:00:00 GMT+0530 (India Standard Time)","3051.80","3059.85","2928.00","2943.20"
"Tue Jun 27 2006 00:00:00 GMT+0530 (India Standard Time)","2943.60","3004.15","2899.25","2982.45"
"Wed Jun 28 2006 00:00:00 GMT+0530 (India Standard Time)","2982.20","3003.65","2909.60","2981.10"
"Thu Jun 29 2006 00:00:00 GMT+0530 (India Standard Time)","2982.90","3049.25","2982.90","2997.90"
"Fri Jun 30 2006 00:00:00 GMT+0530 (India Standard Time)","2993.50","3134.15","2993.50","3128.20"
"Mon Jul 03 2006 00:00:00 GMT+0530 (India Standard Time)","3128.75","3160.35","3114.85","3150.95"
"Tue Jul 04 2006 00:00:00 GMT+0530 (India Standard Time)","3151.05","3177.40","3130.30","3138.65"
"Wed Jul 05 2006 00:00:00 GMT+0530 (India Standard Time)","3136.95","3201.20","3121.80","3197.10"
"Thu Jul 06 2006 00:00:00 GMT+0530 (India Standard Time)","3197.50","3197.50","3138.40","3156.40"
"Fri Jul 07 2006 00:00:00 GMT+0530 (India Standard Time)","3157.95","3193.10","3056.30","3075.85"
"Mon Jul 10 2006 00:00:00 GMT+0530 (India Standard Time)","3077.10","3147.70","3064.10","3142.00"
"Tue Jul 11 2006 00:00:00 GMT+0530 (India Standard Time)","3145.30","3146.00","3100.40","3116.15"
"Wed Jul 12 2006 00:00:00 GMT+0530 (India Standard Time)","3124.95","3201.35","3078.25","3195.90"
"Thu Jul 13 2006 00:00:00 GMT+0530 (India Standard Time)","3196.30","3208.85","3148.95","3169.30"
"Fri Jul 14 2006 00:00:00 GMT+0530 (India Standard Time)","3166.25","3166.25","3089.55","3123.35"
"Mon Jul 17 2006 00:00:00 GMT+0530 (India Standard Time)","3123.65","3125.10","2999.35","3007.55"
"Tue Jul 18 2006 00:00:00 GMT+0530 (India Standard Time)","3007.15","3038.25","2967.95","2993.65"
"Wed Jul 19 2006 00:00:00 GMT+0530 (India Standard Time)","2995.85","3045.35","2919.95","2932.75"
"Thu Jul 20 2006 00:00:00 GMT+0530 (India Standard Time)","2943.65","3041.25","2943.65","3023.05"
"Fri Jul 21 2006 00:00:00 GMT+0530 (India Standard Time)","3025.10","3029.10","2930.15","2945.00"
"Mon Jul 24 2006 00:00:00 GMT+0530 (India Standard Time)","2944.90","2996.65","2878.25","2985.85"
"Tue Jul 25 2006 00:00:00 GMT+0530 (India Standard Time)","2989.50","3046.95","2987.15","3040.50"
"Wed Jul 26 2006 00:00:00 GMT+0530 (India Standard Time)","3040.45","3121.40","3022.70","3110.15"
"Thu Jul 27 2006 00:00:00 GMT+0530 (India Standard Time)","3109.85","3167.10","3109.85","3156.15"
"Fri Jul 28 2006 00:00:00 GMT+0530 (India Standard Time)","3158.00","3168.50","3109.45","3130.80"
"Mon Jul 31 2006 00:00:00 GMT+0530 (India Standard Time)","3131.35","3179.70","3110.60","3143.20"
"Tue Aug 01 2006 00:00:00 GMT+0530 (India Standard Time)","3128.20","3154.70","3113.60","3147.80"
"Wed Aug 02 2006 00:00:00 GMT+0530 (India Standard Time)","3129.45","3187.85","3127.90","3182.10"
"Thu Aug 03 2006 00:00:00 GMT+0530 (India Standard Time)","3182.55","3234.25","3175.15","3190.00"
"Fri Aug 04 2006 00:00:00 GMT+0530 (India Standard Time)","3189.70","3228.15","3161.80","3176.75"
"Mon Aug 07 2006 00:00:00 GMT+0530 (India Standard Time)","3176.70","3178.50","3142.55","3151.10"
"Tue Aug 08 2006 00:00:00 GMT+0530 (India Standard Time)","3151.55","3216.75","3151.55","3212.40"
"Wed Aug 09 2006 00:00:00 GMT+0530 (India Standard Time)","3211.55","3267.20","3187.85","3254.60"
"Thu Aug 10 2006 00:00:00 GMT+0530 (India Standard Time)","3254.60","3274.75","3229.45","3260.10"
"Fri Aug 11 2006 00:00:00 GMT+0530 (India Standard Time)","3260.05","3286.50","3236.95","3274.35"
"Mon Aug 14 2006 00:00:00 GMT+0530 (India Standard Time)","3274.95","3317.80","3269.15","3313.10"
"Wed Aug 16 2006 00:00:00 GMT+0530 (India Standard Time)","3314.75","3377.10","3314.75","3356.05"
"Thu Aug 17 2006 00:00:00 GMT+0530 (India Standard Time)","3359.70","3385.15","3328.60","3353.90"
"Fri Aug 18 2006 00:00:00 GMT+0530 (India Standard Time)","3354.50","3366.25","3332.20","3356.75"
"Mon Aug 21 2006 00:00:00 GMT+0530 (India Standard Time)","3356.80","3374.90","3332.90","3366.00"
"Tue Aug 22 2006 00:00:00 GMT+0530 (India Standard Time)","3369.60","3398.35","3351.50","3364.60"
"Wed Aug 23 2006 00:00:00 GMT+0530 (India Standard Time)","3363.60","3369.65","3325.10","3335.80"
"Thu Aug 24 2006 00:00:00 GMT+0530 (India Standard Time)","3336.65","3379.55","3304.85","3370.40"
"Fri Aug 25 2006 00:00:00 GMT+0530 (India Standard Time)","3368.55","3402.70","3368.55","3385.95"
"Mon Aug 28 2006 00:00:00 GMT+0530 (India Standard Time)","3386.00","3405.30","3377.75","3401.10"
"Tue Aug 29 2006 00:00:00 GMT+0530 (India Standard Time)","3405.05","3434.95","3396.10","3425.70"
"Wed Aug 30 2006 00:00:00 GMT+0530 (India Standard Time)","3425.80","3440.20","3407.75","3430.35"
"Thu Aug 31 2006 00:00:00 GMT+0530 (India Standard Time)","3404.50","3452.30","3403.65","3413.90"
"Fri Sep 01 2006 00:00:00 GMT+0530 (India Standard Time)","3414.00","3439.50","3402.90","3435.45"
"Mon Sep 04 2006 00:00:00 GMT+0530 (India Standard Time)","3435.55","3483.10","3435.55","3476.85"
"Tue Sep 05 2006 00:00:00 GMT+0530 (India Standard Time)","3471.40","3488.60","3457.90","3473.75"
"Wed Sep 06 2006 00:00:00 GMT+0530 (India Standard Time)","3474.40","3490.70","3465.80","3477.25"
"Thu Sep 07 2006 00:00:00 GMT+0530 (India Standard Time)","3477.15","3478.85","3438.80","3454.55"
"Fri Sep 08 2006 00:00:00 GMT+0530 (India Standard Time)","3454.65","3477.95","3442.85","3471.45"
"Mon Sep 11 2006 00:00:00 GMT+0530 (India Standard Time)","3470.35","3486.65","3351.30","3366.15"
"Tue Sep 12 2006 00:00:00 GMT+0530 (India Standard Time)","3363.30","3395.05","3328.45","3389.90"
"Wed Sep 13 2006 00:00:00 GMT+0530 (India Standard Time)","3389.85","3470.65","3389.80","3454.55"
"Thu Sep 14 2006 00:00:00 GMT+0530 (India Standard Time)","3454.60","3484.00","3454.60","3471.60"
"Fri Sep 15 2006 00:00:00 GMT+0530 (India Standard Time)","3471.65","3487.45","3434.55","3478.60"
"Mon Sep 18 2006 00:00:00 GMT+0530 (India Standard Time)","3478.65","3506.20","3478.40","3492.75"
"Tue Sep 19 2006 00:00:00 GMT+0530 (India Standard Time)","3493.50","3514.95","3438.80","3457.35"
"Wed Sep 20 2006 00:00:00 GMT+0530 (India Standard Time)","3457.85","3509.85","3419.75","3502.80"
"Thu Sep 21 2006 00:00:00 GMT+0530 (India Standard Time)","3506.70","3556.35","3506.70","3553.05"
"Fri Sep 22 2006 00:00:00 GMT+0530 (India Standard Time)","3554.05","3562.45","3525.40","3544.05"
"Mon Sep 25 2006 00:00:00 GMT+0530 (India Standard Time)","3545.10","3568.65","3514.85","3523.45"
"Tue Sep 26 2006 00:00:00 GMT+0530 (India Standard Time)","3523.70","3576.75","3517.15","3571.75"
"Wed Sep 27 2006 00:00:00 GMT+0530 (India Standard Time)","3571.75","3603.70","3568.40","3579.30"
"Thu Sep 28 2006 00:00:00 GMT+0530 (India Standard Time)","3579.95","3589.30","3560.75","3571.75"
"Fri Sep 29 2006 00:00:00 GMT+0530 (India Standard Time)","3572.15","3599.80","3564.70","3588.40"
"Tue Oct 03 2006 00:00:00 GMT+0530 (India Standard Time)","3588.95","3606.20","3561.70","3569.60"
"Wed Oct 04 2006 00:00:00 GMT+0530 (India Standard Time)","3570.95","3580.05","3508.65","3515.35"
"Thu Oct 05 2006 00:00:00 GMT+0530 (India Standard Time)","3515.60","3574.95","3515.60","3564.90"
"Fri Oct 06 2006 00:00:00 GMT+0530 (India Standard Time)","3565.45","3583.75","3560.90","3569.70"
"Mon Oct 09 2006 00:00:00 GMT+0530 (India Standard Time)","3570.05","3585.35","3540.45","3567.15"
"Tue Oct 10 2006 00:00:00 GMT+0530 (India Standard Time)","3567.45","3597.20","3563.10","3571.05"
"Wed Oct 11 2006 00:00:00 GMT+0530 (India Standard Time)","3581.55","3614.50","3544.25","3558.55"
"Thu Oct 12 2006 00:00:00 GMT+0530 (India Standard Time)","3562.55","3626.80","3545.95","3621.05"
"Fri Oct 13 2006 00:00:00 GMT+0530 (India Standard Time)","3621.65","3682.35","3621.65","3676.05"
"Mon Oct 16 2006 00:00:00 GMT+0530 (India Standard Time)","3668.90","3729.70","3668.90","3723.95"
"Tue Oct 17 2006 00:00:00 GMT+0530 (India Standard Time)","3726.40","3742.50","3691.35","3715.00"
"Wed Oct 18 2006 00:00:00 GMT+0530 (India Standard Time)","3715.20","3727.00","3701.30","3710.65"
"Thu Oct 19 2006 00:00:00 GMT+0530 (India Standard Time)","3711.10","3726.95","3655.05","3677.80"
"Fri Oct 20 2006 00:00:00 GMT+0530 (India Standard Time)","3678.75","3714.25","3665.50","3676.85"
"Sat Oct 21 2006 00:00:00 GMT+0530 (India Standard Time)","3680.85","3708.40","3662.85","3683.50"
"Mon Oct 23 2006 00:00:00 GMT+0530 (India Standard Time)","3683.40","3690.85","3651.20","3657.30"
"Thu Oct 26 2006 00:00:00 GMT+0530 (India Standard Time)","3656.20","3686.85","3651.20","3677.55"
"Fri Oct 27 2006 00:00:00 GMT+0530 (India Standard Time)","3676.85","3747.35","3674.80","3739.35"
"Mon Oct 30 2006 00:00:00 GMT+0530 (India Standard Time)","3739.35","3776.05","3719.45","3769.10"
"Tue Oct 31 2006 00:00:00 GMT+0530 (India Standard Time)","3770.50","3782.85","3726.75","3744.10"
"Wed Nov 01 2006 00:00:00 GMT+0530 (India Standard Time)","3744.10","3777.70","3737.00","3767.05"
"Thu Nov 02 2006 00:00:00 GMT+0530 (India Standard Time)","3769.40","3805.50","3761.90","3791.20"
"Fri Nov 03 2006 00:00:00 GMT+0530 (India Standard Time)","3793.05","3809.65","3771.00","3805.35"
"Mon Nov 06 2006 00:00:00 GMT+0530 (India Standard Time)","3804.75","3822.40","3798.25","3809.20"
"Tue Nov 07 2006 00:00:00 GMT+0530 (India Standard Time)","3812.15","3840.45","3789.40","3798.75"
"Wed Nov 08 2006 00:00:00 GMT+0530 (India Standard Time)","3799.20","3809.95","3737.20","3777.30"
"Thu Nov 09 2006 00:00:00 GMT+0530 (India Standard Time)","3777.80","3808.20","3769.80","3796.40"
"Fri Nov 10 2006 00:00:00 GMT+0530 (India Standard Time)","3796.05","3842.40","3785.40","3834.75"
"Mon Nov 13 2006 00:00:00 GMT+0530 (India Standard Time)","3834.80","3862.05","3834.00","3858.75"
"Tue Nov 14 2006 00:00:00 GMT+0530 (India Standard Time)","3862.00","3883.00","3850.75","3865.90"
"Wed Nov 15 2006 00:00:00 GMT+0530 (India Standard Time)","3865.95","3888.80","3838.25","3876.30"
"Thu Nov 16 2006 00:00:00 GMT+0530 (India Standard Time)","3876.40","3900.40","3863.85","3876.85"
"Fri Nov 17 2006 00:00:00 GMT+0530 (India Standard Time)","3877.00","3891.85","3835.70","3852.80"
"Mon Nov 20 2006 00:00:00 GMT+0530 (India Standard Time)","3852.65","3866.95","3794.30","3856.15"
"Tue Nov 21 2006 00:00:00 GMT+0530 (India Standard Time)","3859.50","3921.70","3856.75","3918.25"
"Wed Nov 22 2006 00:00:00 GMT+0530 (India Standard Time)","3918.30","3960.00","3909.60","3954.75"
"Thu Nov 23 2006 00:00:00 GMT+0530 (India Standard Time)","3955.30","3976.80","3933.70","3945.45"
"Fri Nov 24 2006 00:00:00 GMT+0530 (India Standard Time)","3945.45","3965.80","3935.30","3950.85"
"Mon Nov 27 2006 00:00:00 GMT+0530 (India Standard Time)","3974.95","3974.95","3948.85","3968.90"
"Tue Nov 28 2006 00:00:00 GMT+0530 (India Standard Time)","3966.00","3966.00","3911.55","3921.75"
"Wed Nov 29 2006 00:00:00 GMT+0530 (India Standard Time)","3922.50","3952.40","3920.00","3928.20"
"Thu Nov 30 2006 00:00:00 GMT+0530 (India Standard Time)","3929.40","3973.00","3929.40","3954.50"
"Fri Dec 01 2006 00:00:00 GMT+0530 (India Standard Time)","3955.70","4001.30","3953.95","3997.60"
"Mon Dec 04 2006 00:00:00 GMT+0530 (India Standard Time)","4002.40","4015.25","3991.55","4001.00"
"Tue Dec 05 2006 00:00:00 GMT+0530 (India Standard Time)","4001.25","4033.20","4001.25","4015.75"
"Wed Dec 06 2006 00:00:00 GMT+0530 (India Standard Time)","4016.00","4036.20","3982.50","4015.95"
"Thu Dec 07 2006 00:00:00 GMT+0530 (India Standard Time)","4015.00","4027.70","4001.40","4015.35"
"Fri Dec 08 2006 00:00:00 GMT+0530 (India Standard Time)","4015.75","4046.85","3948.70","3962.00"
"Mon Dec 11 2006 00:00:00 GMT+0530 (India Standard Time)","3961.90","3965.05","3798.30","3849.50"
"Tue Dec 12 2006 00:00:00 GMT+0530 (India Standard Time)","3849.10","3861.25","3661.60","3716.90"
"Wed Dec 13 2006 00:00:00 GMT+0530 (India Standard Time)","3716.75","3777.60","3657.65","3765.20"
"Thu Dec 14 2006 00:00:00 GMT+0530 (India Standard Time)","3765.70","3855.05","3763.50","3843.05"
"Fri Dec 15 2006 00:00:00 GMT+0530 (India Standard Time)","3849.60","3908.45","3845.45","3888.65"
"Mon Dec 18 2006 00:00:00 GMT+0530 (India Standard Time)","3888.20","3934.00","3828.15","3928.75"
"Tue Dec 19 2006 00:00:00 GMT+0530 (India Standard Time)","3928.85","3931.90","3783.45","3832.00"
"Wed Dec 20 2006 00:00:00 GMT+0530 (India Standard Time)","3832.15","3886.10","3787.55","3815.55"
"Thu Dec 21 2006 00:00:00 GMT+0530 (India Standard Time)","3814.75","3851.20","3768.80","3833.50"
"Fri Dec 22 2006 00:00:00 GMT+0530 (India Standard Time)","3834.90","3880.15","3823.40","3871.15"
"Tue Dec 26 2006 00:00:00 GMT+0530 (India Standard Time)","3871.30","3946.10","3870.45","3940.50"
"Wed Dec 27 2006 00:00:00 GMT+0530 (India Standard Time)","3942.75","3986.75","3937.70","3974.25"
"Thu Dec 28 2006 00:00:00 GMT+0530 (India Standard Time)","3974.20","3997.35","3961.95","3970.55"
"Fri Dec 29 2006 00:00:00 GMT+0530 (India Standard Time)","3971.65","3991.60","3960.45","3966.40"
"Tue Jan 02 2007 00:00:00 GMT+0530 (India Standard Time)","3966.25","4016.65","3964.95","4007.40"
"Wed Jan 03 2007 00:00:00 GMT+0530 (India Standard Time)","4007.70","4029.80","3985.00","4024.05"
"Thu Jan 04 2007 00:00:00 GMT+0530 (India Standard Time)","4027.30","4041.00","3979.80","3988.80"
"Fri Jan 05 2007 00:00:00 GMT+0530 (India Standard Time)","3990.15","4011.45","3969.65","3983.40"
"Mon Jan 08 2007 00:00:00 GMT+0530 (India Standard Time)","3983.30","3987.45","3913.00","3933.40"
"Tue Jan 09 2007 00:00:00 GMT+0530 (India Standard Time)","3933.30","3963.75","3890.75","3911.40"
"Wed Jan 10 2007 00:00:00 GMT+0530 (India Standard Time)","3910.95","3911.95","3841.70","3850.30"
"Thu Jan 11 2007 00:00:00 GMT+0530 (India Standard Time)","3852.15","3953.10","3833.60","3942.25"
"Fri Jan 12 2007 00:00:00 GMT+0530 (India Standard Time)","3944.55","4059.15","3944.55","4052.45"
"Mon Jan 15 2007 00:00:00 GMT+0530 (India Standard Time)","4052.85","4099.64","4052.40","4078.40"
"Tue Jan 16 2007 00:00:00 GMT+0530 (India Standard Time)","4090.70","4107.45","4067.90","4080.50"
"Wed Jan 17 2007 00:00:00 GMT+0530 (India Standard Time)","4084.90","4096.75","4071.55","4076.45"
"Thu Jan 18 2007 00:00:00 GMT+0530 (India Standard Time)","4075.20","4140.25","4075.20","4109.05"
"Fri Jan 19 2007 00:00:00 GMT+0530 (India Standard Time)","4126.00","4137.14","4058.35","4090.15"
"Mon Jan 22 2007 00:00:00 GMT+0530 (India Standard Time)","4089.60","4114.50","4069.95","4102.45"
"Tue Jan 23 2007 00:00:00 GMT+0530 (India Standard Time)","4102.64","4105.10","4056.45","4066.10"
"Wed Jan 24 2007 00:00:00 GMT+0530 (India Standard Time)","4066.60","4098.25","4065.75","4089.90"
"Thu Jan 25 2007 00:00:00 GMT+0530 (India Standard Time)","4092.05","4157.95","4090.10","4147.70"
"Mon Jan 29 2007 00:00:00 GMT+0530 (India Standard Time)","4148.39","4167.14","4115.75","4124.45"
"Wed Jan 31 2007 00:00:00 GMT+0530 (India Standard Time)","4123.85","4137.85","4068.55","4082.70"
"Thu Feb 01 2007 00:00:00 GMT+0530 (India Standard Time)","4083.40","4141.60","4081.10","4137.20"
"Fri Feb 02 2007 00:00:00 GMT+0530 (India Standard Time)","4140.20","4198.70","4132.95","4183.50"
"Mon Feb 05 2007 00:00:00 GMT+0530 (India Standard Time)","4193.14","4219.00","4170.00","4215.35"
"Tue Feb 06 2007 00:00:00 GMT+0530 (India Standard Time)","4216.55","4228.14","4186.14","4195.89"
"Wed Feb 07 2007 00:00:00 GMT+0530 (India Standard Time)","4198.20","4232.30","4192.85","4224.25"
"Thu Feb 08 2007 00:00:00 GMT+0530 (India Standard Time)","4232.00","4245.30","4188.45","4223.39"
"Fri Feb 09 2007 00:00:00 GMT+0530 (India Standard Time)","4223.50","4239.20","4171.80","4187.39"
"Mon Feb 12 2007 00:00:00 GMT+0530 (India Standard Time)","4187.20","4187.20","4044.35","4058.30"
"Tue Feb 13 2007 00:00:00 GMT+0530 (India Standard Time)","4069.10","4132.70","3998.30","4044.55"
"Wed Feb 14 2007 00:00:00 GMT+0530 (India Standard Time)","4044.90","4057.35","3965.20","4047.10"
"Thu Feb 15 2007 00:00:00 GMT+0530 (India Standard Time)","4046.80","4155.70","4046.80","4146.20"
"Mon Feb 19 2007 00:00:00 GMT+0530 (India Standard Time)","4149.25","4177.70","4149.25","4164.55"
"Tue Feb 20 2007 00:00:00 GMT+0530 (India Standard Time)","4164.85","4175.45","4099.55","4106.95"
"Wed Feb 21 2007 00:00:00 GMT+0530 (India Standard Time)","4107.14","4132.80","4080.90","4096.20"
"Thu Feb 22 2007 00:00:00 GMT+0530 (India Standard Time)","4096.64","4126.89","4023.15","4040.00"
"Fri Feb 23 2007 00:00:00 GMT+0530 (India Standard Time)","4046.00","4065.45","3918.20","3938.95"
"Mon Feb 26 2007 00:00:00 GMT+0530 (India Standard Time)","3939.10","3958.90","3856.70","3942.00"
"Tue Feb 27 2007 00:00:00 GMT+0530 (India Standard Time)","3948.05","3958.00","3873.85","3893.90"
"Wed Feb 28 2007 00:00:00 GMT+0530 (India Standard Time)","3893.40","3893.40","3674.85","3745.30"
"Thu Mar 01 2007 00:00:00 GMT+0530 (India Standard Time)","3745.40","3818.75","3718.15","3811.20"
"Fri Mar 02 2007 00:00:00 GMT+0530 (India Standard Time)","3811.65","3842.05","3711.05","3726.75"
"Mon Mar 05 2007 00:00:00 GMT+0530 (India Standard Time)","3726.50","3726.65","3554.50","3576.50"
"Tue Mar 06 2007 00:00:00 GMT+0530 (India Standard Time)","3577.15","3679.15","3576.65","3655.65"
"Wed Mar 07 2007 00:00:00 GMT+0530 (India Standard Time)","3661.55","3714.15","3568.55","3626.85"
"Thu Mar 08 2007 00:00:00 GMT+0530 (India Standard Time)","3627.25","3779.50","3626.80","3761.65"
"Fri Mar 09 2007 00:00:00 GMT+0530 (India Standard Time)","3761.85","3795.70","3684.25","3718.00"
"Mon Mar 12 2007 00:00:00 GMT+0530 (India Standard Time)","3717.45","3781.45","3713.90","3734.60"
"Tue Mar 13 2007 00:00:00 GMT+0530 (India Standard Time)","3735.25","3775.85","3717.15","3770.55"
"Wed Mar 14 2007 00:00:00 GMT+0530 (India Standard Time)","3768.40","3768.40","3623.00","3641.10"
"Thu Mar 15 2007 00:00:00 GMT+0530 (India Standard Time)","3644.90","3711.05","3630.55","3643.60"
"Fri Mar 16 2007 00:00:00 GMT+0530 (India Standard Time)","3639.35","3683.60","3573.85","3608.55"
"Mon Mar 19 2007 00:00:00 GMT+0530 (India Standard Time)","3611.30","3683.35","3602.85","3678.90"
"Tue Mar 20 2007 00:00:00 GMT+0530 (India Standard Time)","3680.35","3725.00","3676.65","3697.60"
"Wed Mar 21 2007 00:00:00 GMT+0530 (India Standard Time)","3697.70","3771.20","3680.60","3764.55"
"Thu Mar 22 2007 00:00:00 GMT+0530 (India Standard Time)","3764.50","3881.00","3764.50","3875.90"
"Fri Mar 23 2007 00:00:00 GMT+0530 (India Standard Time)","3876.75","3901.75","3850.80","3861.05"
"Mon Mar 26 2007 00:00:00 GMT+0530 (India Standard Time)","3863.45","3885.45","3768.25","3819.95"
"Wed Mar 28 2007 00:00:00 GMT+0530 (India Standard Time)","3818.75","3830.30","3752.95","3761.10"
"Thu Mar 29 2007 00:00:00 GMT+0530 (India Standard Time)","3759.15","3805.85","3750.35","3798.10"
"Fri Mar 30 2007 00:00:00 GMT+0530 (India Standard Time)","3788.85","3832.20","3785.30","3821.55"
"Mon Apr 02 2007 00:00:00 GMT+0530 (India Standard Time)","3820.00","3820.00","3617.00","3633.60"
"Tue Apr 03 2007 00:00:00 GMT+0530 (India Standard Time)","3633.85","3703.05","3632.20","3690.65"
"Wed Apr 04 2007 00:00:00 GMT+0530 (India Standard Time)","3689.75","3751.40","3689.75","3733.25"
"Thu Apr 05 2007 00:00:00 GMT+0530 (India Standard Time)","3735.20","3771.45","3709.15","3752.00"
"Mon Apr 09 2007 00:00:00 GMT+0530 (India Standard Time)","3752.90","3850.90","3747.25","3843.50"
"Tue Apr 10 2007 00:00:00 GMT+0530 (India Standard Time)","3844.15","3858.35","3819.30","3848.15"
"Wed Apr 11 2007 00:00:00 GMT+0530 (India Standard Time)","3848.35","3876.35","3844.75","3862.65"
"Thu Apr 12 2007 00:00:00 GMT+0530 (India Standard Time)","3861.85","3861.85","3811.25","3829.85"
"Fri Apr 13 2007 00:00:00 GMT+0530 (India Standard Time)","3830.35","3924.55","3828.45","3917.35"
"Mon Apr 16 2007 00:00:00 GMT+0530 (India Standard Time)","3920.50","4016.80","3920.50","4013.35"
"Tue Apr 17 2007 00:00:00 GMT+0530 (India Standard Time)","4014.40","4030.00","3976.25","3984.95"
"Wed Apr 18 2007 00:00:00 GMT+0530 (India Standard Time)","3989.60","4039.25","3981.75","4011.60"
"Thu Apr 19 2007 00:00:00 GMT+0530 (India Standard Time)","3998.50","4011.00","3933.35","3997.65"
"Fri Apr 20 2007 00:00:00 GMT+0530 (India Standard Time)","4000.25","4090.05","3995.50","4083.55"
"Mon Apr 23 2007 00:00:00 GMT+0530 (India Standard Time)","4083.55","4122.35","4075.20","4085.10"
"Tue Apr 24 2007 00:00:00 GMT+0530 (India Standard Time)","4085.10","4162.14","4057.70","4141.80"
"Wed Apr 25 2007 00:00:00 GMT+0530 (India Standard Time)","4134.25","4173.30","4114.35","4167.30"
"Thu Apr 26 2007 00:00:00 GMT+0530 (India Standard Time)","4170.05","4217.89","4143.25","4177.85"
"Fri Apr 27 2007 00:00:00 GMT+0530 (India Standard Time)","4182.00","4182.00","4074.30","4083.50"
"Mon Apr 30 2007 00:00:00 GMT+0530 (India Standard Time)","4081.60","4096.89","4028.90","4087.90"
"Thu May 03 2007 00:00:00 GMT+0530 (India Standard Time)","4089.45","4161.20","4080.75","4150.85"
"Fri May 04 2007 00:00:00 GMT+0530 (India Standard Time)","4168.89","4180.89","4109.70","4117.35"
"Mon May 07 2007 00:00:00 GMT+0530 (India Standard Time)","4117.50","4157.64","4103.60","4111.14"
"Tue May 08 2007 00:00:00 GMT+0530 (India Standard Time)","4111.25","4136.05","4066.40","4077.00"
"Wed May 09 2007 00:00:00 GMT+0530 (India Standard Time)","4077.25","4087.80","4030.55","4079.30"
"Thu May 10 2007 00:00:00 GMT+0530 (India Standard Time)","4079.60","4134.20","4057.55","4066.80"
"Fri May 11 2007 00:00:00 GMT+0530 (India Standard Time)","4070.20","4094.65","3981.15","4076.65"
"Mon May 14 2007 00:00:00 GMT+0530 (India Standard Time)","4078.80","4151.30","4072.45","4134.30"
"Tue May 15 2007 00:00:00 GMT+0530 (India Standard Time)","4134.30","4150.45","4102.45","4120.30"
"Wed May 16 2007 00:00:00 GMT+0530 (India Standard Time)","4125.39","4181.00","4113.05","4170.95"
"Thu May 17 2007 00:00:00 GMT+0530 (India Standard Time)","4172.10","4232.45","4172.10","4219.55"
"Fri May 18 2007 00:00:00 GMT+0530 (India Standard Time)","4216.50","4228.45","4177.00","4214.50"
"Mon May 21 2007 00:00:00 GMT+0530 (India Standard Time)","4217.64","4269.35","4217.55","4260.89"
"Tue May 22 2007 00:00:00 GMT+0530 (India Standard Time)","4263.10","4281.60","4234.10","4278.10"
"Wed May 23 2007 00:00:00 GMT+0530 (India Standard Time)","4279.60","4291.39","4231.05","4246.20"
"Thu May 24 2007 00:00:00 GMT+0530 (India Standard Time)","4246.20","4250.85","4189.05","4204.89"
"Fri May 25 2007 00:00:00 GMT+0530 (India Standard Time)","4197.85","4256.39","4141.35","4248.14"
"Mon May 28 2007 00:00:00 GMT+0530 (India Standard Time)","4248.35","4295.60","4242.80","4256.55"
"Tue May 29 2007 00:00:00 GMT+0530 (India Standard Time)","4257.60","4298.85","4248.89","4293.25"
"Wed May 30 2007 00:00:00 GMT+0530 (India Standard Time)","4292.70","4301.60","4241.35","4249.64"
"Thu May 31 2007 00:00:00 GMT+0530 (India Standard Time)","4250.25","4306.75","4250.25","4295.80"
"Fri Jun 01 2007 00:00:00 GMT+0530 (India Standard Time)","4296.05","4325.80","4288.55","4297.05"
"Mon Jun 04 2007 00:00:00 GMT+0530 (India Standard Time)","4300.70","4362.95","4256.45","4267.05"
"Tue Jun 05 2007 00:00:00 GMT+0530 (India Standard Time)","4268.89","4292.50","4249.10","4284.64"
"Wed Jun 06 2007 00:00:00 GMT+0530 (India Standard Time)","4285.75","4324.10","4190.95","4198.25"
"Thu Jun 07 2007 00:00:00 GMT+0530 (India Standard Time)","4197.60","4230.05","4130.50","4179.50"
"Fri Jun 08 2007 00:00:00 GMT+0530 (India Standard Time)","4179.50","4195.14","4126.10","4145.00"
"Mon Jun 11 2007 00:00:00 GMT+0530 (India Standard Time)","4183.75","4205.20","4134.95","4145.60"
"Tue Jun 12 2007 00:00:00 GMT+0530 (India Standard Time)","4139.70","4166.85","4100.80","4155.20"
"Wed Jun 13 2007 00:00:00 GMT+0530 (India Standard Time)","4155.20","4161.80","4102.95","4113.05"
"Thu Jun 14 2007 00:00:00 GMT+0530 (India Standard Time)","4113.20","4174.05","4112.85","4170.00"
"Fri Jun 15 2007 00:00:00 GMT+0530 (India Standard Time)","4186.39","4209.45","4153.70","4171.45"
"Mon Jun 18 2007 00:00:00 GMT+0530 (India Standard Time)","4177.00","4208.14","4140.25","4147.10"
"Tue Jun 19 2007 00:00:00 GMT+0530 (India Standard Time)","4143.85","4222.39","4136.14","4214.30"
"Wed Jun 20 2007 00:00:00 GMT+0530 (India Standard Time)","4214.30","4257.00","4214.30","4248.64"
"Thu Jun 21 2007 00:00:00 GMT+0530 (India Standard Time)","4248.64","4275.35","4220.10","4267.39"
"Fri Jun 22 2007 00:00:00 GMT+0530 (India Standard Time)","4267.55","4278.85","4242.50","4252.05"
"Mon Jun 25 2007 00:00:00 GMT+0530 (India Standard Time)","4251.39","4264.25","4236.30","4259.39"
"Tue Jun 26 2007 00:00:00 GMT+0530 (India Standard Time)","4259.39","4296.14","4250.10","4285.70"
"Wed Jun 27 2007 00:00:00 GMT+0530 (India Standard Time)","4286.20","4294.20","4255.25","4263.95"
"Thu Jun 28 2007 00:00:00 GMT+0530 (India Standard Time)","4263.89","4291.39","4256.89","4282.00"
"Fri Jun 29 2007 00:00:00 GMT+0530 (India Standard Time)","4282.39","4321.35","4280.95","4318.30"
"Mon Jul 02 2007 00:00:00 GMT+0530 (India Standard Time)","4318.39","4346.75","4305.45","4313.75"
"Tue Jul 03 2007 00:00:00 GMT+0530 (India Standard Time)","4315.05","4363.35","4313.55","4357.55"
"Wed Jul 04 2007 00:00:00 GMT+0530 (India Standard Time)","4358.25","4386.45","4342.00","4359.30"
"Thu Jul 05 2007 00:00:00 GMT+0530 (India Standard Time)","4359.20","4378.55","4311.80","4353.95"
"Fri Jul 06 2007 00:00:00 GMT+0530 (India Standard Time)","4353.10","4411.00","4304.00","4384.85"
"Mon Jul 09 2007 00:00:00 GMT+0530 (India Standard Time)","4385.45","4427.55","4385.45","4419.39"
"Tue Jul 10 2007 00:00:00 GMT+0530 (India Standard Time)","4419.10","4434.45","4393.00","4406.05"
"Wed Jul 11 2007 00:00:00 GMT+0530 (India Standard Time)","4403.80","4411.45","4344.70","4387.14"
"Thu Jul 12 2007 00:00:00 GMT+0530 (India Standard Time)","4388.05","4451.95","4387.05","4446.14"
"Fri Jul 13 2007 00:00:00 GMT+0530 (India Standard Time)","4446.39","4513.89","4446.05","4504.55"
"Mon Jul 16 2007 00:00:00 GMT+0530 (India Standard Time)","4505.95","4521.85","4495.95","4512.14"
"Tue Jul 17 2007 00:00:00 GMT+0530 (India Standard Time)","4497.10","4550.25","4488.25","4496.75"
"Wed Jul 18 2007 00:00:00 GMT+0530 (India Standard Time)","4498.64","4510.80","4452.85","4499.55"
"Thu Jul 19 2007 00:00:00 GMT+0530 (India Standard Time)","4500.35","4573.00","4496.20","4562.10"
"Fri Jul 20 2007 00:00:00 GMT+0530 (India Standard Time)","4563.75","4600.80","4553.80","4566.05"
"Mon Jul 23 2007 00:00:00 GMT+0530 (India Standard Time)","4564.25","4628.45","4547.20","4619.35"
"Tue Jul 24 2007 00:00:00 GMT+0530 (India Standard Time)","4620.05","4647.95","4609.75","4620.75"
"Wed Jul 25 2007 00:00:00 GMT+0530 (India Standard Time)","4620.50","4620.50","4555.80","4588.70"
"Thu Jul 26 2007 00:00:00 GMT+0530 (India Standard Time)","4593.10","4624.30","4570.80","4619.80"
"Fri Jul 27 2007 00:00:00 GMT+0530 (India Standard Time)","4618.64","4618.89","4424.25","4445.20"
"Mon Jul 30 2007 00:00:00 GMT+0530 (India Standard Time)","4442.35","4493.05","4403.70","4440.05"
"Tue Jul 31 2007 00:00:00 GMT+0530 (India Standard Time)","4444.25","4534.20","4432.85","4528.85"
"Wed Aug 01 2007 00:00:00 GMT+0530 (India Standard Time)","4528.85","4532.89","4339.75","4345.85"
"Thu Aug 02 2007 00:00:00 GMT+0530 (India Standard Time)","4356.35","4399.75","4327.00","4356.35"
"Fri Aug 03 2007 00:00:00 GMT+0530 (India Standard Time)","4355.75","4428.10","4355.75","4401.55"
"Mon Aug 06 2007 00:00:00 GMT+0530 (India Standard Time)","4404.05","4404.05","4267.14","4339.50"
"Tue Aug 07 2007 00:00:00 GMT+0530 (India Standard Time)","4341.50","4406.39","4341.50","4356.35"
"Wed Aug 08 2007 00:00:00 GMT+0530 (India Standard Time)","4357.00","4472.14","4356.75","4462.10"
"Thu Aug 09 2007 00:00:00 GMT+0530 (India Standard Time)","4462.25","4530.05","4390.80","4403.20"
"Fri Aug 10 2007 00:00:00 GMT+0530 (India Standard Time)","4393.60","4395.50","4239.20","4333.35"
"Mon Aug 13 2007 00:00:00 GMT+0530 (India Standard Time)","4324.64","4383.80","4324.64","4373.64"
"Tue Aug 14 2007 00:00:00 GMT+0530 (India Standard Time)","4373.89","4394.30","4354.35","4370.20"
"Thu Aug 16 2007 00:00:00 GMT+0530 (India Standard Time)","4366.00","4366.00","4171.14","4178.60"
"Fri Aug 17 2007 00:00:00 GMT+0530 (India Standard Time)","4171.10","4171.10","4002.20","4108.05"
"Mon Aug 20 2007 00:00:00 GMT+0530 (India Standard Time)","4108.95","4262.60","4108.95","4209.05"
"Tue Aug 21 2007 00:00:00 GMT+0530 (India Standard Time)","4209.55","4238.10","4058.55","4074.90"
"Wed Aug 22 2007 00:00:00 GMT+0530 (India Standard Time)","4081.25","4165.70","4040.15","4153.14"
"Thu Aug 23 2007 00:00:00 GMT+0530 (India Standard Time)","4160.10","4249.85","4100.80","4114.95"
"Fri Aug 24 2007 00:00:00 GMT+0530 (India Standard Time)","4113.05","4201.45","4110.05","4190.14"
"Mon Aug 27 2007 00:00:00 GMT+0530 (India Standard Time)","4193.60","4310.00","4193.60","4302.60"
"Tue Aug 28 2007 00:00:00 GMT+0530 (India Standard Time)","4302.39","4329.14","4280.60","4320.70"
"Wed Aug 29 2007 00:00:00 GMT+0530 (India Standard Time)","4317.70","4368.60","4226.35","4359.30"
"Thu Aug 30 2007 00:00:00 GMT+0530 (India Standard Time)","4360.35","4422.30","4359.75","4412.30"
"Fri Aug 31 2007 00:00:00 GMT+0530 (India Standard Time)","4412.60","4471.30","4403.00","4464.00"
"Mon Sep 03 2007 00:00:00 GMT+0530 (India Standard Time)","4466.64","4490.55","4452.39","4474.75"
"Tue Sep 04 2007 00:00:00 GMT+0530 (India Standard Time)","4481.55","4501.30","4460.39","4479.25"
"Wed Sep 05 2007 00:00:00 GMT+0530 (India Standard Time)","4479.60","4507.75","4458.55","4475.85"
"Thu Sep 06 2007 00:00:00 GMT+0530 (India Standard Time)","4475.70","4522.50","4445.55","4518.60"
"Fri Sep 07 2007 00:00:00 GMT+0530 (India Standard Time)","4518.64","4547.75","4499.89","4509.50"
"Mon Sep 10 2007 00:00:00 GMT+0530 (India Standard Time)","4506.85","4515.25","4452.95","4507.85"
"Tue Sep 11 2007 00:00:00 GMT+0530 (India Standard Time)","4509.64","4538.60","4487.14","4497.05"
"Wed Sep 12 2007 00:00:00 GMT+0530 (India Standard Time)","4498.64","4531.50","4490.39","4496.85"
"Thu Sep 13 2007 00:00:00 GMT+0530 (India Standard Time)","4498.05","4540.60","4498.05","4528.95"
"Fri Sep 14 2007 00:00:00 GMT+0530 (India Standard Time)","4530.00","4582.60","4508.85","4518.00"
"Mon Sep 17 2007 00:00:00 GMT+0530 (India Standard Time)","4518.45","4549.05","4482.85","4494.64"
"Tue Sep 18 2007 00:00:00 GMT+0530 (India Standard Time)","4494.10","4551.80","4481.55","4546.20"
"Wed Sep 19 2007 00:00:00 GMT+0530 (India Standard Time)","4550.25","4739.00","4550.25","4732.35"
"Thu Sep 20 2007 00:00:00 GMT+0530 (India Standard Time)","4734.85","4760.85","4721.14","4747.55"
"Fri Sep 21 2007 00:00:00 GMT+0530 (India Standard Time)","4752.95","4855.70","4733.70","4837.55"
"Mon Sep 24 2007 00:00:00 GMT+0530 (India Standard Time)","4837.14","4941.14","4837.14","4932.20"
"Tue Sep 25 2007 00:00:00 GMT+0530 (India Standard Time)","4939.10","4953.89","4878.14","4938.85"
"Wed Sep 26 2007 00:00:00 GMT+0530 (India Standard Time)","4937.60","4980.85","4930.35","4940.50"
"Thu Sep 27 2007 00:00:00 GMT+0530 (India Standard Time)","4942.70","5016.39","4942.70","5000.55"
"Fri Sep 28 2007 00:00:00 GMT+0530 (India Standard Time)","4996.45","5055.80","4996.45","5021.35"
"Mon Oct 01 2007 00:00:00 GMT+0530 (India Standard Time)","5021.50","5089.30","5001.35","5068.95"
"Wed Oct 03 2007 00:00:00 GMT+0530 (India Standard Time)","5069.00","5261.35","5034.14","5210.80"
"Thu Oct 04 2007 00:00:00 GMT+0530 (India Standard Time)","5211.64","5233.10","5126.05","5208.64"
"Fri Oct 05 2007 00:00:00 GMT+0530 (India Standard Time)","5208.14","5248.55","5164.50","5185.85"
"Mon Oct 08 2007 00:00:00 GMT+0530 (India Standard Time)","5186.25","5249.30","5024.75","5085.10"
"Tue Oct 09 2007 00:00:00 GMT+0530 (India Standard Time)","5062.64","5348.70","5000.95","5327.25"
"Wed Oct 10 2007 00:00:00 GMT+0530 (India Standard Time)","5328.15","5454.70","5328.15","5441.45"
"Thu Oct 11 2007 00:00:00 GMT+0530 (India Standard Time)","5438.90","5532.75","5424.25","5524.85"
"Fri Oct 12 2007 00:00:00 GMT+0530 (India Standard Time)","5525.30","5549.30","5402.60","5428.25"
"Mon Oct 15 2007 00:00:00 GMT+0530 (India Standard Time)","5428.35","5682.65","5419.90","5670.40"
"Tue Oct 16 2007 00:00:00 GMT+0530 (India Standard Time)","5670.65","5708.35","5578.45","5668.05"
"Wed Oct 17 2007 00:00:00 GMT+0530 (India Standard Time)","5658.90","5658.90","5107.30","5559.30"
"Thu Oct 18 2007 00:00:00 GMT+0530 (India Standard Time)","5551.10","5736.80","5269.65","5351.00"
"Fri Oct 19 2007 00:00:00 GMT+0530 (India Standard Time)","5360.35","5390.85","5101.75","5215.30"
"Mon Oct 22 2007 00:00:00 GMT+0530 (India Standard Time)","5202.75","5247.40","5070.89","5184.00"
"Tue Oct 23 2007 00:00:00 GMT+0530 (India Standard Time)","5185.30","5488.50","5176.85","5473.70"
"Wed Oct 24 2007 00:00:00 GMT+0530 (India Standard Time)","5477.60","5577.90","5419.40","5496.15"
"Thu Oct 25 2007 00:00:00 GMT+0530 (India Standard Time)","5499.05","5605.95","5469.30","5568.95"
"Fri Oct 26 2007 00:00:00 GMT+0530 (India Standard Time)","5564.25","5716.90","5513.35","5702.30"
"Mon Oct 29 2007 00:00:00 GMT+0530 (India Standard Time)","5708.90","5922.50","5708.90","5905.90"
"Tue Oct 30 2007 00:00:00 GMT+0530 (India Standard Time)","5917.55","5976.00","5833.90","5868.75"
"Wed Oct 31 2007 00:00:00 GMT+0530 (India Standard Time)","5868.90","5952.25","5861.30","5900.65"
"Thu Nov 01 2007 00:00:00 GMT+0530 (India Standard Time)","5903.80","6011.95","5837.20","5866.45"
"Fri Nov 02 2007 00:00:00 GMT+0530 (India Standard Time)","5854.85","5944.75","5714.25","5932.40"
"Mon Nov 05 2007 00:00:00 GMT+0530 (India Standard Time)","5931.90","5948.55","5819.60","5847.30"
"Tue Nov 06 2007 00:00:00 GMT+0530 (India Standard Time)","5847.10","5957.20","5759.95","5786.50"
"Wed Nov 07 2007 00:00:00 GMT+0530 (India Standard Time)","5782.40","5861.35","5744.30","5782.35"
"Thu Nov 08 2007 00:00:00 GMT+0530 (India Standard Time)","5779.30","5780.80","5646.75","5698.75"
"Fri Nov 09 2007 00:00:00 GMT+0530 (India Standard Time)","5703.45","5794.20","5614.90","5663.25"
"Mon Nov 12 2007 00:00:00 GMT+0530 (India Standard Time)","5660.60","5660.60","5477.50","5617.10"
"Tue Nov 13 2007 00:00:00 GMT+0530 (India Standard Time)","5612.35","5758.85","5591.60","5695.40"
"Wed Nov 14 2007 00:00:00 GMT+0530 (India Standard Time)","5703.95","5950.20","5700.05","5937.90"
"Thu Nov 15 2007 00:00:00 GMT+0530 (India Standard Time)","5942.70","5966.95","5895.65","5912.10"
"Fri Nov 16 2007 00:00:00 GMT+0530 (India Standard Time)","5913.15","5948.05","5817.40","5906.85"
"Mon Nov 19 2007 00:00:00 GMT+0530 (India Standard Time)","5908.05","5981.80","5893.80","5907.65"
"Tue Nov 20 2007 00:00:00 GMT+0530 (India Standard Time)","5911.25","5923.70","5755.80","5780.90"
"Wed Nov 21 2007 00:00:00 GMT+0530 (India Standard Time)","5778.80","5790.05","5530.85","5561.05"
"Thu Nov 22 2007 00:00:00 GMT+0530 (India Standard Time)","5564.65","5608.65","5394.35","5519.35"
"Fri Nov 23 2007 00:00:00 GMT+0530 (India Standard Time)","5524.30","5638.60","5514.75","5608.60"
"Mon Nov 26 2007 00:00:00 GMT+0530 (India Standard Time)","5611.30","5772.55","5608.95","5731.70"
"Tue Nov 27 2007 00:00:00 GMT+0530 (India Standard Time)","5729.25","5743.55","5655.60","5698.15"
"Wed Nov 28 2007 00:00:00 GMT+0530 (India Standard Time)","5699.55","5749.95","5595.50","5617.55"
"Thu Nov 29 2007 00:00:00 GMT+0530 (India Standard Time)","5617.80","5725.00","5612.10","5634.60"
"Fri Nov 30 2007 00:00:00 GMT+0530 (India Standard Time)","5633.90","5782.55","5632.65","5762.75"
"Mon Dec 03 2007 00:00:00 GMT+0530 (India Standard Time)","5765.45","5878.80","5754.60","5865.00"
"Tue Dec 04 2007 00:00:00 GMT+0530 (India Standard Time)","5870.20","5897.25","5840.30","5858.35"
"Wed Dec 05 2007 00:00:00 GMT+0530 (India Standard Time)","5861.90","5949.30","5859.95","5940.00"
"Thu Dec 06 2007 00:00:00 GMT+0530 (India Standard Time)","5941.05","6027.05","5919.80","5954.70"
"Fri Dec 07 2007 00:00:00 GMT+0530 (India Standard Time)","5963.60","6042.10","5894.80","5974.30"
"Mon Dec 10 2007 00:00:00 GMT+0530 (India Standard Time)","5974.00","6015.30","5923.35","5960.60"
"Tue Dec 11 2007 00:00:00 GMT+0530 (India Standard Time)","5960.40","6111.20","5960.40","6097.25"
"Wed Dec 12 2007 00:00:00 GMT+0530 (India Standard Time)","6067.05","6175.65","6005.45","6159.30"
"Thu Dec 13 2007 00:00:00 GMT+0530 (India Standard Time)","6159.25","6185.40","6040.40","6058.10"
"Fri Dec 14 2007 00:00:00 GMT+0530 (India Standard Time)","6056.20","6078.55","6015.05","6047.70"
"Mon Dec 17 2007 00:00:00 GMT+0530 (India Standard Time)","6037.95","6039.95","5740.60","5777.00"
"Tue Dec 18 2007 00:00:00 GMT+0530 (India Standard Time)","5777.60","5874.60","5710.60","5742.30"
"Wed Dec 19 2007 00:00:00 GMT+0530 (India Standard Time)","5730.25","5840.80","5676.70","5751.15"
"Thu Dec 20 2007 00:00:00 GMT+0530 (India Standard Time)","5751.75","5799.50","5742.75","5766.50"
"Mon Dec 24 2007 00:00:00 GMT+0530 (India Standard Time)","5771.30","6001.05","5771.30","5985.10"
"Wed Dec 26 2007 00:00:00 GMT+0530 (India Standard Time)","5988.45","6085.25","5988.45","6070.75"
"Thu Dec 27 2007 00:00:00 GMT+0530 (India Standard Time)","6069.00","6110.85","6060.20","6081.50"
"Fri Dec 28 2007 00:00:00 GMT+0530 (India Standard Time)","6079.55","6098.60","6021.90","6079.70"
"Mon Dec 31 2007 00:00:00 GMT+0530 (India Standard Time)","6095.00","6167.75","6095.00","6138.60"
"Tue Jan 01 2008 00:00:00 GMT+0530 (India Standard Time)","6136.75","6165.35","6109.85","6144.35"
"Wed Jan 02 2008 00:00:00 GMT+0530 (India Standard Time)","6144.70","6197.00","6060.85","6179.40"
"Thu Jan 03 2008 00:00:00 GMT+0530 (India Standard Time)","6184.25","6230.15","6126.40","6178.55"
"Fri Jan 04 2008 00:00:00 GMT+0530 (India Standard Time)","6179.10","6300.05","6179.10","6274.30"
"Mon Jan 07 2008 00:00:00 GMT+0530 (India Standard Time)","6271.00","6289.80","6193.35","6279.10"
"Tue Jan 08 2008 00:00:00 GMT+0530 (India Standard Time)","6282.45","6357.10","6221.60","6287.85"
"Wed Jan 09 2008 00:00:00 GMT+0530 (India Standard Time)","6287.55","6338.30","6231.25","6272.00"
"Thu Jan 10 2008 00:00:00 GMT+0530 (India Standard Time)","6278.10","6347.00","6142.90","6156.95"
"Fri Jan 11 2008 00:00:00 GMT+0530 (India Standard Time)","6166.65","6224.20","6112.55","6200.10"
"Mon Jan 14 2008 00:00:00 GMT+0530 (India Standard Time)","6208.80","6244.15","6172.00","6206.80"
"Tue Jan 15 2008 00:00:00 GMT+0530 (India Standard Time)","6226.35","6260.45","6053.30","6074.25"
"Wed Jan 16 2008 00:00:00 GMT+0530 (India Standard Time)","6065.00","6065.00","5825.75","5935.75"
"Thu Jan 17 2008 00:00:00 GMT+0530 (India Standard Time)","5937.95","6013.15","5880.30","5913.20"
"Fri Jan 18 2008 00:00:00 GMT+0530 (India Standard Time)","5907.75","5908.75","5677.00","5705.30"
"Mon Jan 21 2008 00:00:00 GMT+0530 (India Standard Time)","5705.00","5705.00","4977.10","5208.80"
"Tue Jan 22 2008 00:00:00 GMT+0530 (India Standard Time)","5203.35","5203.35","4448.50","4899.30"
"Wed Jan 23 2008 00:00:00 GMT+0530 (India Standard Time)","4903.05","5328.05","4891.60","5203.39"
"Thu Jan 24 2008 00:00:00 GMT+0530 (India Standard Time)","5208.00","5357.20","4995.80","5033.45"
"Fri Jan 25 2008 00:00:00 GMT+0530 (India Standard Time)","5035.05","5399.25","5035.05","5383.35"
"Mon Jan 28 2008 00:00:00 GMT+0530 (India Standard Time)","5380.95","5380.95","5071.00","5274.10"
"Tue Jan 29 2008 00:00:00 GMT+0530 (India Standard Time)","5279.55","5391.60","5225.25","5280.80"
"Wed Jan 30 2008 00:00:00 GMT+0530 (India Standard Time)","5283.75","5314.30","5142.25","5167.60"
"Thu Jan 31 2008 00:00:00 GMT+0530 (India Standard Time)","5172.25","5251.65","5071.14","5137.45"
"Fri Feb 01 2008 00:00:00 GMT+0530 (India Standard Time)","5140.60","5339.95","5090.75","5317.25"
"Mon Feb 04 2008 00:00:00 GMT+0530 (India Standard Time)","5315.55","5545.20","5315.55","5463.50"
"Tue Feb 05 2008 00:00:00 GMT+0530 (India Standard Time)","5463.75","5500.60","5412.95","5483.90"
"Wed Feb 06 2008 00:00:00 GMT+0530 (India Standard Time)","5470.40","5470.40","5257.05","5322.55"
"Thu Feb 07 2008 00:00:00 GMT+0530 (India Standard Time)","5322.55","5344.60","5113.85","5133.25"
"Fri Feb 08 2008 00:00:00 GMT+0530 (India Standard Time)","5132.10","5173.85","5034.25","5120.35"
"Mon Feb 11 2008 00:00:00 GMT+0530 (India Standard Time)","5120.55","5126.39","4803.60","4857.00"
"Tue Feb 12 2008 00:00:00 GMT+0530 (India Standard Time)","4877.85","4949.60","4820.45","4838.25"
"Wed Feb 13 2008 00:00:00 GMT+0530 (India Standard Time)","4836.55","4986.55","4836.55","4929.45"
"Thu Feb 14 2008 00:00:00 GMT+0530 (India Standard Time)","4944.64","5220.25","4944.64","5202.00"
"Fri Feb 15 2008 00:00:00 GMT+0530 (India Standard Time)","5202.85","5315.40","5104.75","5302.90"
"Mon Feb 18 2008 00:00:00 GMT+0530 (India Standard Time)","5304.45","5348.60","5224.00","5276.90"
"Tue Feb 19 2008 00:00:00 GMT+0530 (India Standard Time)","5278.40","5368.45","5262.00","5280.80"
"Wed Feb 20 2008 00:00:00 GMT+0530 (India Standard Time)","5267.15","5267.15","5116.30","5154.45"
"Thu Feb 21 2008 00:00:00 GMT+0530 (India Standard Time)","5156.89","5241.35","5120.05","5191.80"
"Fri Feb 22 2008 00:00:00 GMT+0530 (India Standard Time)","5183.39","5184.00","5092.80","5110.75"
"Mon Feb 25 2008 00:00:00 GMT+0530 (India Standard Time)","5112.25","5212.35","5055.14","5200.70"
"Tue Feb 26 2008 00:00:00 GMT+0530 (India Standard Time)","5200.80","5281.20","5200.80","5270.05"
"Wed Feb 27 2008 00:00:00 GMT+0530 (India Standard Time)","5271.40","5368.15","5249.75","5268.40"
"Thu Feb 28 2008 00:00:00 GMT+0530 (India Standard Time)","5266.35","5302.85","5227.14","5285.10"
"Fri Feb 29 2008 00:00:00 GMT+0530 (India Standard Time)","5285.00","5290.80","5098.35","5223.50"
"Mon Mar 03 2008 00:00:00 GMT+0530 (India Standard Time)","5222.80","5222.80","4936.05","4953.00"
"Tue Mar 04 2008 00:00:00 GMT+0530 (India Standard Time)","4958.55","4976.70","4812.95","4864.25"
"Wed Mar 05 2008 00:00:00 GMT+0530 (India Standard Time)","4866.85","4936.75","4847.25","4921.39"
"Fri Mar 07 2008 00:00:00 GMT+0530 (India Standard Time)","4918.30","4918.30","4672.25","4771.60"
"Mon Mar 10 2008 00:00:00 GMT+0530 (India Standard Time)","4767.80","4814.95","4620.50","4800.39"
"Tue Mar 11 2008 00:00:00 GMT+0530 (India Standard Time)","4796.30","4888.50","4732.85","4865.89"
"Wed Mar 12 2008 00:00:00 GMT+0530 (India Standard Time)","4869.75","5019.20","4854.75","4872.00"
"Thu Mar 13 2008 00:00:00 GMT+0530 (India Standard Time)","4868.70","4868.80","4580.14","4623.60"
"Fri Mar 14 2008 00:00:00 GMT+0530 (India Standard Time)","4623.80","4758.95","4607.55","4745.80"
"Mon Mar 17 2008 00:00:00 GMT+0530 (India Standard Time)","4745.45","4745.45","4482.10","4503.10"
"Tue Mar 18 2008 00:00:00 GMT+0530 (India Standard Time)","4519.89","4617.95","4468.55","4533.00"
"Wed Mar 19 2008 00:00:00 GMT+0530 (India Standard Time)","4534.75","4718.39","4533.89","4573.95"
"Mon Mar 24 2008 00:00:00 GMT+0530 (India Standard Time)","4576.80","4649.45","4539.80","4609.85"
"Tue Mar 25 2008 00:00:00 GMT+0530 (India Standard Time)","4616.80","4896.80","4616.80","4877.50"
"Wed Mar 26 2008 00:00:00 GMT+0530 (India Standard Time)","4878.70","4912.30","4808.64","4828.85"
"Thu Mar 27 2008 00:00:00 GMT+0530 (India Standard Time)","4828.80","4863.75","4769.60","4830.25"
"Fri Mar 28 2008 00:00:00 GMT+0530 (India Standard Time)","4830.00","4970.80","4796.35","4942.00"
"Mon Mar 31 2008 00:00:00 GMT+0530 (India Standard Time)","4942.14","4947.00","4703.85","4734.50"
"Tue Apr 01 2008 00:00:00 GMT+0530 (India Standard Time)","4735.64","4800.75","4628.75","4739.55"
"Wed Apr 02 2008 00:00:00 GMT+0530 (India Standard Time)","4741.39","4916.75","4741.39","4754.20"
"Thu Apr 03 2008 00:00:00 GMT+0530 (India Standard Time)","4753.89","4833.25","4738.20","4771.60"
"Fri Apr 04 2008 00:00:00 GMT+0530 (India Standard Time)","4766.70","4791.70","4632.70","4647.00"
"Mon Apr 07 2008 00:00:00 GMT+0530 (India Standard Time)","4631.35","4798.55","4628.80","4761.20"
"Tue Apr 08 2008 00:00:00 GMT+0530 (India Standard Time)","4760.64","4769.55","4677.80","4709.64"
"Wed Apr 09 2008 00:00:00 GMT+0530 (India Standard Time)","4707.05","4758.25","4667.50","4747.05"
"Thu Apr 10 2008 00:00:00 GMT+0530 (India Standard Time)","4747.55","4799.50","4720.89","4733.00"
"Fri Apr 11 2008 00:00:00 GMT+0530 (India Standard Time)","4734.35","4817.39","4727.25","4777.80"
"Tue Apr 15 2008 00:00:00 GMT+0530 (India Standard Time)","4779.95","4917.10","4708.30","4879.64"
"Wed Apr 16 2008 00:00:00 GMT+0530 (India Standard Time)","4881.64","4951.39","4874.05","4887.30"
"Thu Apr 17 2008 00:00:00 GMT+0530 (India Standard Time)","4890.60","4984.95","4889.64","4958.39"
"Mon Apr 21 2008 00:00:00 GMT+0530 (India Standard Time)","4955.89","5053.39","4955.89","5037.00"
"Tue Apr 22 2008 00:00:00 GMT+0530 (India Standard Time)","5037.05","5074.25","4994.05","5049.30"
"Wed Apr 23 2008 00:00:00 GMT+0530 (India Standard Time)","5044.35","5083.50","5003.55","5022.80"
"Thu Apr 24 2008 00:00:00 GMT+0530 (India Standard Time)","5022.89","5072.70","4991.35","4999.85"
"Fri Apr 25 2008 00:00:00 GMT+0530 (India Standard Time)","4999.14","5117.70","4999.14","5111.70"
"Mon Apr 28 2008 00:00:00 GMT+0530 (India Standard Time)","5112.50","5147.45","5079.14","5089.64"
"Tue Apr 29 2008 00:00:00 GMT+0530 (India Standard Time)","5092.39","5210.89","5082.14","5195.50"
"Wed Apr 30 2008 00:00:00 GMT+0530 (India Standard Time)","5198.35","5230.75","5155.85","5165.89"
"Fri May 02 2008 00:00:00 GMT+0530 (India Standard Time)","5265.30","5298.85","5197.60","5228.20"
"Mon May 05 2008 00:00:00 GMT+0530 (India Standard Time)","5227.25","5254.50","5182.60","5192.25"
"Tue May 06 2008 00:00:00 GMT+0530 (India Standard Time)","5192.35","5206.50","5110.89","5144.64"
"Wed May 07 2008 00:00:00 GMT+0530 (India Standard Time)","5156.70","5159.05","5101.25","5135.50"
"Thu May 08 2008 00:00:00 GMT+0530 (India Standard Time)","5135.80","5143.05","5062.45","5081.70"
"Fri May 09 2008 00:00:00 GMT+0530 (India Standard Time)","5070.85","5087.64","4969.39","4982.60"
"Mon May 12 2008 00:00:00 GMT+0530 (India Standard Time)","4981.00","5021.75","4913.80","5012.64"
"Tue May 13 2008 00:00:00 GMT+0530 (India Standard Time)","5008.60","5066.00","4943.75","4957.80"
"Wed May 14 2008 00:00:00 GMT+0530 (India Standard Time)","4958.45","5026.10","4932.05","5011.75"
"Thu May 15 2008 00:00:00 GMT+0530 (India Standard Time)","5010.89","5118.55","4999.60","5115.25"
"Fri May 16 2008 00:00:00 GMT+0530 (India Standard Time)","5115.64","5167.39","5106.39","5157.70"
"Tue May 20 2008 00:00:00 GMT+0530 (India Standard Time)","5157.00","5160.05","5072.39","5104.95"
"Wed May 21 2008 00:00:00 GMT+0530 (India Standard Time)","5105.70","5135.55","5048.70","5117.64"
"Thu May 22 2008 00:00:00 GMT+0530 (India Standard Time)","5117.00","5118.89","5010.70","5025.45"
"Fri May 23 2008 00:00:00 GMT+0530 (India Standard Time)","5026.55","5059.05","4940.70","4946.55"
"Mon May 26 2008 00:00:00 GMT+0530 (India Standard Time)","4953.60","4953.60","4858.00","4875.05"
"Tue May 27 2008 00:00:00 GMT+0530 (India Standard Time)","4877.14","4932.00","4846.20","4859.80"
"Wed May 28 2008 00:00:00 GMT+0530 (India Standard Time)","4862.70","4926.89","4835.64","4918.35"
"Thu May 29 2008 00:00:00 GMT+0530 (India Standard Time)","4926.30","4957.39","4801.89","4835.30"
"Fri May 30 2008 00:00:00 GMT+0530 (India Standard Time)","4844.05","4908.85","4833.45","4870.10"
"Mon Jun 02 2008 00:00:00 GMT+0530 (India Standard Time)","4869.25","4908.80","4713.00","4739.60"
"Tue Jun 03 2008 00:00:00 GMT+0530 (India Standard Time)","4739.30","4739.30","4634.00","4715.89"
"Wed Jun 04 2008 00:00:00 GMT+0530 (India Standard Time)","4718.70","4731.50","4564.50","4585.60"
"Thu Jun 05 2008 00:00:00 GMT+0530 (India Standard Time)","4586.95","4690.60","4536.25","4676.95"
"Fri Jun 06 2008 00:00:00 GMT+0530 (India Standard Time)","4680.55","4746.30","4614.25","4627.80"
"Mon Jun 09 2008 00:00:00 GMT+0530 (India Standard Time)","4626.45","4626.45","4411.60","4500.95"
"Tue Jun 10 2008 00:00:00 GMT+0530 (India Standard Time)","4522.00","4522.55","4369.80","4449.80"
"Wed Jun 11 2008 00:00:00 GMT+0530 (India Standard Time)","4469.64","4541.05","4468.05","4523.60"
"Thu Jun 12 2008 00:00:00 GMT+0530 (India Standard Time)","4524.39","4550.00","4392.00","4539.35"
"Fri Jun 13 2008 00:00:00 GMT+0530 (India Standard Time)","4539.50","4563.35","4491.35","4517.10"
"Mon Jun 16 2008 00:00:00 GMT+0530 (India Standard Time)","4536.30","4617.70","4536.30","4572.50"
"Tue Jun 17 2008 00:00:00 GMT+0530 (India Standard Time)","4572.50","4664.05","4561.75","4653.00"
"Wed Jun 18 2008 00:00:00 GMT+0530 (India Standard Time)","4652.80","4679.75","4569.89","4582.39"
"Thu Jun 19 2008 00:00:00 GMT+0530 (India Standard Time)","4582.55","4585.70","4488.95","4504.25"
"Fri Jun 20 2008 00:00:00 GMT+0530 (India Standard Time)","4504.20","4532.00","4333.60","4347.55"
"Mon Jun 23 2008 00:00:00 GMT+0530 (India Standard Time)","4351.14","4351.14","4225.50","4266.39"
"Tue Jun 24 2008 00:00:00 GMT+0530 (India Standard Time)","4271.05","4305.89","4156.10","4191.10"
"Wed Jun 25 2008 00:00:00 GMT+0530 (India Standard Time)","4189.60","4264.55","4093.20","4252.64"
"Thu Jun 26 2008 00:00:00 GMT+0530 (India Standard Time)","4252.60","4324.75","4230.00","4315.85"
"Fri Jun 27 2008 00:00:00 GMT+0530 (India Standard Time)","4315.30","4315.30","4119.20","4136.64"
"Mon Jun 30 2008 00:00:00 GMT+0530 (India Standard Time)","4136.25","4163.00","4021.70","4040.55"
"Tue Jul 01 2008 00:00:00 GMT+0530 (India Standard Time)","4039.75","4075.40","3878.20","3896.75"
"Wed Jul 02 2008 00:00:00 GMT+0530 (India Standard Time)","3895.30","4107.14","3848.25","4093.35"
"Thu Jul 03 2008 00:00:00 GMT+0530 (India Standard Time)","4094.60","4097.35","3874.85","3925.75"
"Fri Jul 04 2008 00:00:00 GMT+0530 (India Standard Time)","3926.65","4033.50","3896.40","4016.00"
"Mon Jul 07 2008 00:00:00 GMT+0530 (India Standard Time)","4002.00","4114.50","4002.00","4030.00"
"Tue Jul 08 2008 00:00:00 GMT+0530 (India Standard Time)","4028.70","4028.70","3896.05","3988.55"
"Wed Jul 09 2008 00:00:00 GMT+0530 (India Standard Time)","3990.90","4169.39","3990.90","4157.10"
"Thu Jul 10 2008 00:00:00 GMT+0530 (India Standard Time)","4155.64","4187.95","4110.39","4162.20"
"Fri Jul 11 2008 00:00:00 GMT+0530 (India Standard Time)","4166.00","4215.50","4014.45","4049.00"
"Mon Jul 14 2008 00:00:00 GMT+0530 (India Standard Time)","4047.45","4118.10","4004.25","4039.70"
"Tue Jul 15 2008 00:00:00 GMT+0530 (India Standard Time)","4039.30","4040.70","3835.50","3861.10"
"Wed Jul 16 2008 00:00:00 GMT+0530 (India Standard Time)","3861.55","3920.05","3790.20","3816.70"
"Thu Jul 17 2008 00:00:00 GMT+0530 (India Standard Time)","3823.15","3968.75","3823.15","3947.20"
"Fri Jul 18 2008 00:00:00 GMT+0530 (India Standard Time)","3962.95","4110.55","3926.30","4092.25"
"Mon Jul 21 2008 00:00:00 GMT+0530 (India Standard Time)","4092.20","4168.14","4072.75","4159.50"
"Tue Jul 22 2008 00:00:00 GMT+0530 (India Standard Time)","4158.45","4262.45","4137.95","4240.10"
"Wed Jul 23 2008 00:00:00 GMT+0530 (India Standard Time)","4246.70","4491.55","4246.70","4476.80"
"Thu Jul 24 2008 00:00:00 GMT+0530 (India Standard Time)","4476.20","4539.45","4385.85","4433.55"
"Fri Jul 25 2008 00:00:00 GMT+0530 (India Standard Time)","4440.85","4440.85","4297.14","4311.85"
"Mon Jul 28 2008 00:00:00 GMT+0530 (India Standard Time)","4282.25","4352.64","4282.25","4332.10"
"Tue Jul 29 2008 00:00:00 GMT+0530 (India Standard Time)","4332.20","4332.20","4159.14","4189.85"
"Wed Jul 30 2008 00:00:00 GMT+0530 (India Standard Time)","4191.20","4327.00","4191.20","4313.55"
"Thu Jul 31 2008 00:00:00 GMT+0530 (India Standard Time)","4314.35","4342.00","4285.55","4332.95"
"Fri Aug 01 2008 00:00:00 GMT+0530 (India Standard Time)","4331.60","4422.95","4235.70","4413.55"
"Mon Aug 04 2008 00:00:00 GMT+0530 (India Standard Time)","4426.10","4436.14","4362.89","4395.35"
"Tue Aug 05 2008 00:00:00 GMT+0530 (India Standard Time)","4395.80","4515.14","4376.00","4502.85"
"Wed Aug 06 2008 00:00:00 GMT+0530 (India Standard Time)","4506.25","4615.89","4503.89","4517.55"
"Thu Aug 07 2008 00:00:00 GMT+0530 (India Standard Time)","4515.25","4580.14","4493.70","4523.85"
"Fri Aug 08 2008 00:00:00 GMT+0530 (India Standard Time)","4518.35","4546.35","4464.00","4529.50"
"Mon Aug 11 2008 00:00:00 GMT+0530 (India Standard Time)","4529.35","4625.20","4529.35","4620.39"
"Tue Aug 12 2008 00:00:00 GMT+0530 (India Standard Time)","4620.95","4649.85","4525.75","4552.25"
"Wed Aug 13 2008 00:00:00 GMT+0530 (India Standard Time)","4548.05","4572.64","4497.25","4529.05"
"Thu Aug 14 2008 00:00:00 GMT+0530 (India Standard Time)","4524.20","4529.80","4421.25","4430.70"
"Mon Aug 18 2008 00:00:00 GMT+0530 (India Standard Time)","4430.70","4447.39","4379.85","4393.05"
"Tue Aug 19 2008 00:00:00 GMT+0530 (India Standard Time)","4393.10","4393.70","4316.55","4368.25"
"Wed Aug 20 2008 00:00:00 GMT+0530 (India Standard Time)","4365.45","4434.89","4365.45","4415.75"
"Thu Aug 21 2008 00:00:00 GMT+0530 (India Standard Time)","4416.20","4418.55","4271.30","4283.85"
"Fri Aug 22 2008 00:00:00 GMT+0530 (India Standard Time)","4283.85","4337.00","4248.00","4327.45"
"Mon Aug 25 2008 00:00:00 GMT+0530 (India Standard Time)","4317.95","4398.80","4317.95","4335.35"
"Tue Aug 26 2008 00:00:00 GMT+0530 (India Standard Time)","4335.20","4345.05","4283.30","4337.50"
"Wed Aug 27 2008 00:00:00 GMT+0530 (India Standard Time)","4336.85","4364.25","4282.64","4292.10"
"Thu Aug 28 2008 00:00:00 GMT+0530 (India Standard Time)","4290.75","4304.50","4201.85","4214.00"
"Fri Aug 29 2008 00:00:00 GMT+0530 (India Standard Time)","4230.60","4368.80","4230.60","4360.00"
"Mon Sep 01 2008 00:00:00 GMT+0530 (India Standard Time)","4356.10","4365.00","4281.35","4348.64"
"Tue Sep 02 2008 00:00:00 GMT+0530 (India Standard Time)","4358.85","4522.39","4343.10","4504.00"
"Thu Sep 04 2008 00:00:00 GMT+0530 (India Standard Time)","4512.95","4514.60","4419.45","4447.75"
"Fri Sep 05 2008 00:00:00 GMT+0530 (India Standard Time)","4444.70","4444.70","4328.89","4352.30"
"Mon Sep 08 2008 00:00:00 GMT+0530 (India Standard Time)","4358.30","4558.00","4358.30","4482.30"
"Tue Sep 09 2008 00:00:00 GMT+0530 (India Standard Time)","4485.14","4497.50","4418.95","4468.70"
"Wed Sep 10 2008 00:00:00 GMT+0530 (India Standard Time)","4467.50","4467.50","4382.35","4400.25"
"Thu Sep 11 2008 00:00:00 GMT+0530 (India Standard Time)","4397.25","4399.30","4272.75","4290.30"
"Fri Sep 12 2008 00:00:00 GMT+0530 (India Standard Time)","4291.60","4323.89","4200.14","4228.45"
"Mon Sep 15 2008 00:00:00 GMT+0530 (India Standard Time)","4231.95","4237.25","3955.40","4072.90"
"Tue Sep 16 2008 00:00:00 GMT+0530 (India Standard Time)","4072.55","4090.10","3919.35","4074.90"
"Wed Sep 17 2008 00:00:00 GMT+0530 (India Standard Time)","4074.80","4116.70","3974.60","4008.25"
"Thu Sep 18 2008 00:00:00 GMT+0530 (India Standard Time)","4005.25","4050.10","3799.55","4038.15"
"Fri Sep 19 2008 00:00:00 GMT+0530 (India Standard Time)","4040.80","4262.64","4040.80","4245.25"
"Mon Sep 22 2008 00:00:00 GMT+0530 (India Standard Time)","4248.95","4303.25","4202.39","4223.05"
"Tue Sep 23 2008 00:00:00 GMT+0530 (India Standard Time)","4223.89","4224.70","4117.89","4126.89"
"Wed Sep 24 2008 00:00:00 GMT+0530 (India Standard Time)","4125.75","4207.95","4115.85","4161.25"
"Thu Sep 25 2008 00:00:00 GMT+0530 (India Standard Time)","4162.14","4172.60","4077.50","4110.55"
"Fri Sep 26 2008 00:00:00 GMT+0530 (India Standard Time)","4108.75","4110.70","3970.35","3985.25"
"Mon Sep 29 2008 00:00:00 GMT+0530 (India Standard Time)","3990.20","3997.55","3777.30","3850.05"
"Tue Sep 30 2008 00:00:00 GMT+0530 (India Standard Time)","3848.70","3966.85","3715.05","3921.20"
"Wed Oct 01 2008 00:00:00 GMT+0530 (India Standard Time)","3921.85","4000.50","3861.25","3950.75"
"Fri Oct 03 2008 00:00:00 GMT+0530 (India Standard Time)","3953.55","3969.55","3804.85","3818.30"
"Mon Oct 06 2008 00:00:00 GMT+0530 (India Standard Time)","3817.30","3820.85","3581.60","3602.35"
"Tue Oct 07 2008 00:00:00 GMT+0530 (India Standard Time)","3606.95","3732.65","3537.00","3606.60"
"Wed Oct 08 2008 00:00:00 GMT+0530 (India Standard Time)","3604.40","3604.40","3329.45","3513.65"
"Fri Oct 10 2008 00:00:00 GMT+0530 (India Standard Time)","3502.05","3502.05","3198.95","3279.95"
"Mon Oct 13 2008 00:00:00 GMT+0530 (India Standard Time)","3272.90","3510.20","3272.90","3490.70"
"Tue Oct 14 2008 00:00:00 GMT+0530 (India Standard Time)","3494.10","3648.25","3491.50","3518.65"
"Wed Oct 15 2008 00:00:00 GMT+0530 (India Standard Time)","3517.90","3518.50","3324.55","3338.40"
"Thu Oct 16 2008 00:00:00 GMT+0530 (India Standard Time)","3333.85","3333.85","3099.90","3269.30"
"Fri Oct 17 2008 00:00:00 GMT+0530 (India Standard Time)","3269.05","3335.95","3046.60","3074.35"
"Mon Oct 20 2008 00:00:00 GMT+0530 (India Standard Time)","3108.20","3238.40","3058.95","3122.80"
"Tue Oct 21 2008 00:00:00 GMT+0530 (India Standard Time)","3125.40","3254.85","3117.35","3234.90"
"Wed Oct 22 2008 00:00:00 GMT+0530 (India Standard Time)","3234.70","3235.75","3051.80","3065.15"
"Thu Oct 23 2008 00:00:00 GMT+0530 (India Standard Time)","3064.80","3085.10","2917.15","2943.15"
"Fri Oct 24 2008 00:00:00 GMT+0530 (India Standard Time)","2936.25","2936.25","2525.05","2584.00"
"Mon Oct 27 2008 00:00:00 GMT+0530 (India Standard Time)","2583.75","2585.30","2252.75","2524.19"
"Tue Oct 28 2008 00:00:00 GMT+0530 (India Standard Time)","2526.19","2695.95","2526.19","2684.60"
"Wed Oct 29 2008 00:00:00 GMT+0530 (India Standard Time)","2685.30","2781.25","2631.90","2697.05"
"Fri Oct 31 2008 00:00:00 GMT+0530 (India Standard Time)","2696.30","2921.35","2696.30","2885.60"
"Mon Nov 03 2008 00:00:00 GMT+0530 (India Standard Time)","2885.40","3062.05","2885.40","3043.85"
"Tue Nov 04 2008 00:00:00 GMT+0530 (India Standard Time)","3050.25","3152.30","2985.00","3142.10"
"Wed Nov 05 2008 00:00:00 GMT+0530 (India Standard Time)","3155.75","3240.55","2971.00","2994.95"
"Thu Nov 06 2008 00:00:00 GMT+0530 (India Standard Time)","2998.45","3007.80","2860.25","2892.65"
"Fri Nov 07 2008 00:00:00 GMT+0530 (India Standard Time)","2893.25","3010.00","2860.10","2973.00"
"Mon Nov 10 2008 00:00:00 GMT+0530 (India Standard Time)","2973.30","3161.25","2973.30","3148.25"
"Tue Nov 11 2008 00:00:00 GMT+0530 (India Standard Time)","3147.20","3147.20","2919.45","2938.65"
"Wed Nov 12 2008 00:00:00 GMT+0530 (India Standard Time)","2937.90","2975.20","2794.95","2848.45"
"Fri Nov 14 2008 00:00:00 GMT+0530 (India Standard Time)","2848.00","2938.80","2778.80","2810.35"
"Mon Nov 17 2008 00:00:00 GMT+0530 (India Standard Time)","2813.40","2835.70","2694.50","2799.55"
"Tue Nov 18 2008 00:00:00 GMT+0530 (India Standard Time)","2802.45","2802.45","2664.30","2683.15"
"Wed Nov 19 2008 00:00:00 GMT+0530 (India Standard Time)","2682.75","2772.40","2617.90","2635.00"
"Thu Nov 20 2008 00:00:00 GMT+0530 (India Standard Time)","2634.20","2634.20","2502.90","2553.15"
"Fri Nov 21 2008 00:00:00 GMT+0530 (India Standard Time)","2553.60","2718.60","2539.80","2693.45"
"Mon Nov 24 2008 00:00:00 GMT+0530 (India Standard Time)","2690.85","2740.35","2633.80","2708.25"
"Tue Nov 25 2008 00:00:00 GMT+0530 (India Standard Time)","2708.30","2790.70","2638.20","2654.00"
"Wed Nov 26 2008 00:00:00 GMT+0530 (India Standard Time)","2652.45","2762.60","2643.35","2752.25"
"Fri Nov 28 2008 00:00:00 GMT+0530 (India Standard Time)","2745.70","2779.00","2690.30","2755.10"
"Mon Dec 01 2008 00:00:00 GMT+0530 (India Standard Time)","2755.15","2832.85","2669.50","2682.90"
"Tue Dec 02 2008 00:00:00 GMT+0530 (India Standard Time)","2672.90","2672.90","2570.69","2657.80"
"Wed Dec 03 2008 00:00:00 GMT+0530 (India Standard Time)","2657.50","2693.65","2611.94","2656.45"
"Thu Dec 04 2008 00:00:00 GMT+0530 (India Standard Time)","2656.50","2793.80","2646.35","2788.00"
"Fri Dec 05 2008 00:00:00 GMT+0530 (India Standard Time)","2786.65","2821.15","2701.35","2714.40"
"Mon Dec 08 2008 00:00:00 GMT+0530 (India Standard Time)","2714.70","2861.55","2714.70","2784.00"
"Wed Dec 10 2008 00:00:00 GMT+0530 (India Standard Time)","2785.70","2940.15","2785.70","2928.25"
"Thu Dec 11 2008 00:00:00 GMT+0530 (India Standard Time)","2934.05","2945.30","2861.55","2920.15"
"Fri Dec 12 2008 00:00:00 GMT+0530 (India Standard Time)","2915.35","2936.80","2812.55","2921.35"
"Mon Dec 15 2008 00:00:00 GMT+0530 (India Standard Time)","2917.90","3012.10","2917.90","2981.20"
"Tue Dec 16 2008 00:00:00 GMT+0530 (India Standard Time)","2983.60","3052.55","2963.30","3041.75"
"Wed Dec 17 2008 00:00:00 GMT+0530 (India Standard Time)","3040.45","3076.20","2943.50","2954.35"
"Thu Dec 18 2008 00:00:00 GMT+0530 (India Standard Time)","2955.35","3072.55","2922.65","3060.75"
"Fri Dec 19 2008 00:00:00 GMT+0530 (India Standard Time)","3063.00","3106.80","3036.30","3077.50"
"Mon Dec 22 2008 00:00:00 GMT+0530 (India Standard Time)","3077.25","3110.45","3027.80","3039.30"
"Tue Dec 23 2008 00:00:00 GMT+0530 (India Standard Time)","3039.25","3040.00","2957.05","2968.65"
"Wed Dec 24 2008 00:00:00 GMT+0530 (India Standard Time)","2967.40","2968.00","2900.45","2916.85"
"Fri Dec 26 2008 00:00:00 GMT+0530 (India Standard Time)","2919.85","2960.95","2844.80","2857.25"
"Mon Dec 29 2008 00:00:00 GMT+0530 (India Standard Time)","2857.15","2931.80","2812.90","2922.20"
"Tue Dec 30 2008 00:00:00 GMT+0530 (India Standard Time)","2922.55","2999.15","2899.75","2979.50"
"Wed Dec 31 2008 00:00:00 GMT+0530 (India Standard Time)","2979.80","3002.65","2937.35","2959.15"
"Thu Jan 01 2009 00:00:00 GMT+0530 (India Standard Time)","2963.30","3039.25","2963.30","3033.45"
"Fri Jan 02 2009 00:00:00 GMT+0530 (India Standard Time)","3034.60","3079.85","3021.80","3046.75"
"Mon Jan 05 2009 00:00:00 GMT+0530 (India Standard Time)","3058.75","3131.95","3056.45","3121.45"
"Tue Jan 06 2009 00:00:00 GMT+0530 (India Standard Time)","3121.50","3141.80","3056.10","3112.80"
"Wed Jan 07 2009 00:00:00 GMT+0530 (India Standard Time)","3112.80","3147.20","2888.20","2920.40"
"Fri Jan 09 2009 00:00:00 GMT+0530 (India Standard Time)","2919.95","2929.85","2810.25","2873.00"
"Mon Jan 12 2009 00:00:00 GMT+0530 (India Standard Time)","2868.85","2869.20","2748.55","2773.10"
"Tue Jan 13 2009 00:00:00 GMT+0530 (India Standard Time)","2775.00","2802.60","2720.80","2744.95"
"Wed Jan 14 2009 00:00:00 GMT+0530 (India Standard Time)","2748.40","2853.25","2748.40","2835.30"
"Thu Jan 15 2009 00:00:00 GMT+0530 (India Standard Time)","2832.30","2832.30","2701.75","2736.70"
"Fri Jan 16 2009 00:00:00 GMT+0530 (India Standard Time)","2737.00","2835.65","2724.20","2828.45"
"Mon Jan 19 2009 00:00:00 GMT+0530 (India Standard Time)","2828.70","2868.20","2819.90","2846.20"
"Tue Jan 20 2009 00:00:00 GMT+0530 (India Standard Time)","2842.90","2842.90","2758.00","2796.60"
"Wed Jan 21 2009 00:00:00 GMT+0530 (India Standard Time)","2777.40","2787.30","2690.20","2706.15"
"Thu Jan 22 2009 00:00:00 GMT+0530 (India Standard Time)","2714.70","2744.85","2681.40","2713.80"
"Fri Jan 23 2009 00:00:00 GMT+0530 (India Standard Time)","2705.45","2765.55","2661.65","2678.55"
"Tue Jan 27 2009 00:00:00 GMT+0530 (India Standard Time)","2686.05","2777.30","2685.25","2771.35"
"Wed Jan 28 2009 00:00:00 GMT+0530 (India Standard Time)","2771.10","2855.40","2765.60","2849.50"
"Thu Jan 29 2009 00:00:00 GMT+0530 (India Standard Time)","2849.35","2873.85","2795.35","2823.95"
"Fri Jan 30 2009 00:00:00 GMT+0530 (India Standard Time)","2824.05","2881.00","2774.10","2874.80"
"Mon Feb 02 2009 00:00:00 GMT+0530 (India Standard Time)","2872.35","2873.45","2760.70","2766.65"
"Tue Feb 03 2009 00:00:00 GMT+0530 (India Standard Time)","2773.50","2831.70","2752.90","2783.90"
"Wed Feb 04 2009 00:00:00 GMT+0530 (India Standard Time)","2780.70","2842.20","2780.70","2803.05"
"Thu Feb 05 2009 00:00:00 GMT+0530 (India Standard Time)","2802.75","2816.80","2754.85","2780.05"
"Fri Feb 06 2009 00:00:00 GMT+0530 (India Standard Time)","2779.35","2852.50","2778.65","2843.10"
"Mon Feb 09 2009 00:00:00 GMT+0530 (India Standard Time)","2843.05","2926.75","2840.15","2919.90"
"Tue Feb 10 2009 00:00:00 GMT+0530 (India Standard Time)","2919.70","2957.40","2891.75","2934.50"
"Wed Feb 11 2009 00:00:00 GMT+0530 (India Standard Time)","2933.00","2937.50","2877.60","2925.70"
"Thu Feb 12 2009 00:00:00 GMT+0530 (India Standard Time)","2927.40","2939.00","2886.55","2893.05"
"Fri Feb 13 2009 00:00:00 GMT+0530 (India Standard Time)","2896.95","2969.75","2896.85","2948.35"
"Mon Feb 16 2009 00:00:00 GMT+0530 (India Standard Time)","2948.25","2953.20","2839.10","2848.50"
"Tue Feb 17 2009 00:00:00 GMT+0530 (India Standard Time)","2853.85","2854.65","2757.30","2770.50"
"Wed Feb 18 2009 00:00:00 GMT+0530 (India Standard Time)","2755.15","2806.50","2736.65","2776.10"
"Thu Feb 19 2009 00:00:00 GMT+0530 (India Standard Time)","2776.70","2802.15","2767.60","2789.30"
"Fri Feb 20 2009 00:00:00 GMT+0530 (India Standard Time)","2789.30","2789.30","2709.30","2736.40"
"Tue Feb 24 2009 00:00:00 GMT+0530 (India Standard Time)","2737.25","2746.20","2677.55","2733.90"
"Wed Feb 25 2009 00:00:00 GMT+0530 (India Standard Time)","2733.45","2789.35","2733.45","2762.50"
"Thu Feb 26 2009 00:00:00 GMT+0530 (India Standard Time)","2762.20","2797.80","2731.90","2785.60"
"Fri Feb 27 2009 00:00:00 GMT+0530 (India Standard Time)","2785.70","2787.20","2708.45","2763.65"
"Mon Mar 02 2009 00:00:00 GMT+0530 (India Standard Time)","2764.60","2764.60","2659.55","2674.60"
"Tue Mar 03 2009 00:00:00 GMT+0530 (India Standard Time)","2672.15","2688.50","2611.55","2622.40"
"Wed Mar 04 2009 00:00:00 GMT+0530 (India Standard Time)","2611.94","2655.70","2611.94","2645.20"
"Thu Mar 05 2009 00:00:00 GMT+0530 (India Standard Time)","2645.90","2663.90","2564.10","2576.69"
"Fri Mar 06 2009 00:00:00 GMT+0530 (India Standard Time)","2576.75","2628.10","2539.44","2620.15"
"Mon Mar 09 2009 00:00:00 GMT+0530 (India Standard Time)","2620.10","2621.25","2555.60","2573.15"
"Thu Mar 12 2009 00:00:00 GMT+0530 (India Standard Time)","2574.50","2646.10","2574.50","2617.44"
"Fri Mar 13 2009 00:00:00 GMT+0530 (India Standard Time)","2616.60","2726.15","2616.60","2719.25"
"Mon Mar 16 2009 00:00:00 GMT+0530 (India Standard Time)","2716.05","2781.95","2701.95","2777.25"
"Tue Mar 17 2009 00:00:00 GMT+0530 (India Standard Time)","2776.35","2805.60","2738.70","2757.45"
"Wed Mar 18 2009 00:00:00 GMT+0530 (India Standard Time)","2757.65","2836.05","2752.25","2794.70"
"Thu Mar 19 2009 00:00:00 GMT+0530 (India Standard Time)","2797.05","2822.25","2771.35","2807.15"
"Fri Mar 20 2009 00:00:00 GMT+0530 (India Standard Time)","2807.35","2816.10","2773.65","2807.05"
"Mon Mar 23 2009 00:00:00 GMT+0530 (India Standard Time)","2807.25","2949.75","2807.25","2939.90"
"Tue Mar 24 2009 00:00:00 GMT+0530 (India Standard Time)","2923.80","3017.40","2914.50","2938.70"
"Wed Mar 25 2009 00:00:00 GMT+0530 (India Standard Time)","2938.80","2996.50","2923.30","2984.35"
"Thu Mar 26 2009 00:00:00 GMT+0530 (India Standard Time)","2982.25","3103.35","2982.25","3082.25"
"Fri Mar 27 2009 00:00:00 GMT+0530 (India Standard Time)","3079.40","3123.35","3055.90","3108.65"
"Mon Mar 30 2009 00:00:00 GMT+0530 (India Standard Time)","3108.75","3110.20","2962.40","2978.15"
"Tue Mar 31 2009 00:00:00 GMT+0530 (India Standard Time)","2981.70","3054.30","2966.40","3020.95"
"Wed Apr 01 2009 00:00:00 GMT+0530 (India Standard Time)","3023.85","3069.30","2965.70","3060.35"
"Thu Apr 02 2009 00:00:00 GMT+0530 (India Standard Time)","3061.05","3228.75","3061.05","3211.05"
"Mon Apr 06 2009 00:00:00 GMT+0530 (India Standard Time)","3211.35","3303.90","3211.35","3256.60"
"Wed Apr 08 2009 00:00:00 GMT+0530 (India Standard Time)","3255.35","3357.05","3149.25","3342.95"
"Thu Apr 09 2009 00:00:00 GMT+0530 (India Standard Time)","3346.00","3401.15","3307.05","3342.05"
"Mon Apr 13 2009 00:00:00 GMT+0530 (India Standard Time)","3342.20","3417.80","3334.15","3382.60"
"Wed Apr 15 2009 00:00:00 GMT+0530 (India Standard Time)","3381.45","3497.55","3311.80","3484.15"
"Thu Apr 16 2009 00:00:00 GMT+0530 (India Standard Time)","3484.35","3511.25","3354.20","3369.50"
"Fri Apr 17 2009 00:00:00 GMT+0530 (India Standard Time)","3369.50","3489.85","3359.25","3384.40"
"Mon Apr 20 2009 00:00:00 GMT+0530 (India Standard Time)","3384.75","3441.10","3339.45","3377.10"
"Tue Apr 21 2009 00:00:00 GMT+0530 (India Standard Time)","3376.85","3414.70","3309.35","3365.30"
"Wed Apr 22 2009 00:00:00 GMT+0530 (India Standard Time)","3364.60","3401.10","3296.90","3330.30"
"Thu Apr 23 2009 00:00:00 GMT+0530 (India Standard Time)","3330.50","3439.90","3310.50","3423.70"
"Fri Apr 24 2009 00:00:00 GMT+0530 (India Standard Time)","3423.60","3491.35","3402.90","3480.75"
"Mon Apr 27 2009 00:00:00 GMT+0530 (India Standard Time)","3481.30","3517.25","3435.30","3470.00"
"Tue Apr 28 2009 00:00:00 GMT+0530 (India Standard Time)","3469.50","3471.95","3351.50","3362.35"
"Wed Apr 29 2009 00:00:00 GMT+0530 (India Standard Time)","3371.65","3486.40","3366.70","3473.95"
"Mon May 04 2009 00:00:00 GMT+0530 (India Standard Time)","3478.70","3664.50","3478.70","3654.00"
"Tue May 05 2009 00:00:00 GMT+0530 (India Standard Time)","3664.50","3682.20","3618.75","3661.90"
"Wed May 06 2009 00:00:00 GMT+0530 (India Standard Time)","3662.00","3717.05","3608.65","3625.05"
"Thu May 07 2009 00:00:00 GMT+0530 (India Standard Time)","3617.15","3692.05","3617.15","3683.90"
"Fri May 08 2009 00:00:00 GMT+0530 (India Standard Time)","3681.80","3711.25","3582.85","3620.70"
"Mon May 11 2009 00:00:00 GMT+0530 (India Standard Time)","3615.75","3660.20","3534.55","3554.60"
"Tue May 12 2009 00:00:00 GMT+0530 (India Standard Time)","3554.65","3691.65","3534.20","3681.10"
"Wed May 13 2009 00:00:00 GMT+0530 (India Standard Time)","3668.75","3709.60","3610.20","3635.25"
"Thu May 14 2009 00:00:00 GMT+0530 (India Standard Time)","3631.90","3631.90","3537.60","3593.45"
"Fri May 15 2009 00:00:00 GMT+0530 (India Standard Time)","3597.85","3686.25","3597.85","3671.65"
"Mon May 18 2009 00:00:00 GMT+0530 (India Standard Time)","3673.15","4384.30","3673.15","4323.14"
"Tue May 19 2009 00:00:00 GMT+0530 (India Standard Time)","4324.95","4509.39","4167.64","4318.45"
"Wed May 20 2009 00:00:00 GMT+0530 (India Standard Time)","4318.75","4362.85","4244.70","4270.30"
"Thu May 21 2009 00:00:00 GMT+0530 (India Standard Time)","4270.35","4319.00","4199.20","4210.89"
"Fri May 22 2009 00:00:00 GMT+0530 (India Standard Time)","4211.85","4249.50","4155.85","4238.50"
"Mon May 25 2009 00:00:00 GMT+0530 (India Standard Time)","4238.10","4270.05","4205.10","4237.55"
"Tue May 26 2009 00:00:00 GMT+0530 (India Standard Time)","4239.55","4256.05","4092.25","4116.70"
"Wed May 27 2009 00:00:00 GMT+0530 (India Standard Time)","4117.30","4286.45","4115.25","4276.05"
"Thu May 28 2009 00:00:00 GMT+0530 (India Standard Time)","4276.14","4354.85","4254.85","4337.10"
"Fri May 29 2009 00:00:00 GMT+0530 (India Standard Time)","4340.75","4488.05","4340.75","4448.95"
"Mon Jun 01 2009 00:00:00 GMT+0530 (India Standard Time)","4450.39","4545.39","4450.39","4529.89"
"Tue Jun 02 2009 00:00:00 GMT+0530 (India Standard Time)","4530.45","4586.39","4451.30","4525.25"
"Wed Jun 03 2009 00:00:00 GMT+0530 (India Standard Time)","4525.50","4574.89","4478.60","4530.70"
"Thu Jun 04 2009 00:00:00 GMT+0530 (India Standard Time)","4530.30","4582.20","4453.45","4572.64"
"Fri Jun 05 2009 00:00:00 GMT+0530 (India Standard Time)","4573.30","4636.85","4561.95","4586.89"
"Mon Jun 08 2009 00:00:00 GMT+0530 (India Standard Time)","4582.35","4611.39","4404.64","4429.89"
"Tue Jun 09 2009 00:00:00 GMT+0530 (India Standard Time)","4427.75","4562.45","4365.10","4550.95"
"Wed Jun 10 2009 00:00:00 GMT+0530 (India Standard Time)","4551.70","4688.95","4551.70","4655.25"
"Thu Jun 11 2009 00:00:00 GMT+0530 (India Standard Time)","4657.39","4679.55","4586.14","4637.70"
"Fri Jun 12 2009 00:00:00 GMT+0530 (India Standard Time)","4637.55","4693.20","4566.14","4583.39"
"Mon Jun 15 2009 00:00:00 GMT+0530 (India Standard Time)","4584.64","4601.05","4469.60","4484.00"
"Tue Jun 16 2009 00:00:00 GMT+0530 (India Standard Time)","4478.10","4537.95","4405.95","4517.80"
"Wed Jun 17 2009 00:00:00 GMT+0530 (India Standard Time)","4515.35","4517.80","4332.80","4356.14"
"Thu Jun 18 2009 00:00:00 GMT+0530 (India Standard Time)","4352.95","4375.30","4222.14","4251.39"
"Fri Jun 19 2009 00:00:00 GMT+0530 (India Standard Time)","4251.10","4326.20","4206.70","4313.60"
"Mon Jun 22 2009 00:00:00 GMT+0530 (India Standard Time)","4314.20","4352.25","4221.89","4235.25"
"Tue Jun 23 2009 00:00:00 GMT+0530 (India Standard Time)","4223.30","4267.45","4143.25","4247.00"
"Wed Jun 24 2009 00:00:00 GMT+0530 (India Standard Time)","4247.30","4307.00","4218.25","4292.95"
"Thu Jun 25 2009 00:00:00 GMT+0530 (India Standard Time)","4293.85","4337.95","4221.14","4241.85"
"Fri Jun 26 2009 00:00:00 GMT+0530 (India Standard Time)","4243.95","4383.75","4243.95","4375.50"
"Mon Jun 29 2009 00:00:00 GMT+0530 (India Standard Time)","4375.39","4439.95","4350.89","4390.95"
"Tue Jun 30 2009 00:00:00 GMT+0530 (India Standard Time)","4391.50","4426.75","4267.35","4291.10"
"Wed Jul 01 2009 00:00:00 GMT+0530 (India Standard Time)","4292.30","4362.30","4249.70","4340.89"
"Thu Jul 02 2009 00:00:00 GMT+0530 (India Standard Time)","4373.50","4383.64","4288.75","4348.85"
"Fri Jul 03 2009 00:00:00 GMT+0530 (India Standard Time)","4347.30","4434.45","4298.95","4424.25"
"Mon Jul 06 2009 00:00:00 GMT+0530 (India Standard Time)","4429.60","4479.80","4133.70","4165.70"
"Tue Jul 07 2009 00:00:00 GMT+0530 (India Standard Time)","4166.00","4231.80","4155.50","4202.14"
"Wed Jul 08 2009 00:00:00 GMT+0530 (India Standard Time)","4201.85","4201.85","4061.10","4078.90"
"Thu Jul 09 2009 00:00:00 GMT+0530 (India Standard Time)","4078.75","4114.89","4039.85","4080.95"
"Fri Jul 10 2009 00:00:00 GMT+0530 (India Standard Time)","4081.40","4129.95","3976.80","4003.90"
"Mon Jul 13 2009 00:00:00 GMT+0530 (India Standard Time)","4003.40","4003.40","3918.75","3974.05"
"Tue Jul 14 2009 00:00:00 GMT+0530 (India Standard Time)","3974.10","4128.89","3974.10","4111.39"
"Wed Jul 15 2009 00:00:00 GMT+0530 (India Standard Time)","4120.80","4249.55","4118.75","4233.50"
"Thu Jul 16 2009 00:00:00 GMT+0530 (India Standard Time)","4223.50","4305.00","4205.50","4231.39"
"Fri Jul 17 2009 00:00:00 GMT+0530 (India Standard Time)","4231.45","4390.39","4230.14","4374.95"
"Mon Jul 20 2009 00:00:00 GMT+0530 (India Standard Time)","4377.89","4510.30","4377.89","4502.25"
"Tue Jul 21 2009 00:00:00 GMT+0530 (India Standard Time)","4501.50","4524.00","4436.60","4469.10"
"Wed Jul 22 2009 00:00:00 GMT+0530 (India Standard Time)","4469.30","4557.95","4380.45","4398.89"
"Thu Jul 23 2009 00:00:00 GMT+0530 (India Standard Time)","4409.70","4532.39","4405.95","4523.75"
"Fri Jul 24 2009 00:00:00 GMT+0530 (India Standard Time)","4524.80","4578.75","4504.85","4568.55"
"Mon Jul 27 2009 00:00:00 GMT+0530 (India Standard Time)","4568.64","4596.75","4528.50","4572.30"
"Tue Jul 28 2009 00:00:00 GMT+0530 (India Standard Time)","4572.80","4599.89","4529.14","4564.10"
"Wed Jul 29 2009 00:00:00 GMT+0530 (India Standard Time)","4565.80","4573.85","4420.80","4513.50"
"Thu Jul 30 2009 00:00:00 GMT+0530 (India Standard Time)","4513.10","4582.35","4474.50","4571.45"
"Fri Jul 31 2009 00:00:00 GMT+0530 (India Standard Time)","4571.60","4669.75","4571.60","4636.45"
"Mon Aug 03 2009 00:00:00 GMT+0530 (India Standard Time)","4633.80","4723.75","4617.75","4711.39"
"Tue Aug 04 2009 00:00:00 GMT+0530 (India Standard Time)","4706.25","4731.45","4642.60","4680.50"
"Wed Aug 05 2009 00:00:00 GMT+0530 (India Standard Time)","4680.95","4717.20","4629.85","4694.14"
"Thu Aug 06 2009 00:00:00 GMT+0530 (India Standard Time)","4694.35","4718.14","4559.20","4585.50"
"Fri Aug 07 2009 00:00:00 GMT+0530 (India Standard Time)","4591.89","4591.89","4463.95","4481.39"
"Mon Aug 10 2009 00:00:00 GMT+0530 (India Standard Time)","4486.50","4562.50","4399.85","4437.64"
"Tue Aug 11 2009 00:00:00 GMT+0530 (India Standard Time)","4435.00","4510.80","4398.89","4471.35"
"Wed Aug 12 2009 00:00:00 GMT+0530 (India Standard Time)","4473.80","4473.80","4359.39","4457.50"
"Thu Aug 13 2009 00:00:00 GMT+0530 (India Standard Time)","4458.55","4614.14","4458.55","4605.00"
"Fri Aug 14 2009 00:00:00 GMT+0530 (India Standard Time)","4605.14","4619.00","4559.35","4580.05"
"Mon Aug 17 2009 00:00:00 GMT+0530 (India Standard Time)","4578.80","4578.80","4374.60","4387.89"
"Tue Aug 18 2009 00:00:00 GMT+0530 (India Standard Time)","4389.50","4491.45","4372.64","4458.89"
"Wed Aug 19 2009 00:00:00 GMT+0530 (India Standard Time)","4457.75","4477.55","4353.45","4394.10"
"Thu Aug 20 2009 00:00:00 GMT+0530 (India Standard Time)","4394.35","4492.80","4394.35","4453.45"
"Fri Aug 21 2009 00:00:00 GMT+0530 (India Standard Time)","4453.45","4538.70","4400.89","4528.80"
"Mon Aug 24 2009 00:00:00 GMT+0530 (India Standard Time)","4536.95","4656.30","4536.95","4642.80"
"Tue Aug 25 2009 00:00:00 GMT+0530 (India Standard Time)","4641.64","4672.89","4582.50","4659.35"
"Wed Aug 26 2009 00:00:00 GMT+0530 (India Standard Time)","4659.45","4697.80","4659.10","4680.85"
"Thu Aug 27 2009 00:00:00 GMT+0530 (India Standard Time)","4679.00","4707.89","4645.14","4688.20"
"Fri Aug 28 2009 00:00:00 GMT+0530 (India Standard Time)","4688.39","4743.75","4651.39","4732.35"
"Mon Aug 31 2009 00:00:00 GMT+0530 (India Standard Time)","4730.85","4730.85","4635.00","4662.10"
"Tue Sep 01 2009 00:00:00 GMT+0530 (India Standard Time)","4662.20","4735.89","4600.64","4625.35"
"Wed Sep 02 2009 00:00:00 GMT+0530 (India Standard Time)","4624.00","4650.45","4576.60","4608.35"
"Thu Sep 03 2009 00:00:00 GMT+0530 (India Standard Time)","4608.75","4647.35","4581.05","4593.55"
"Fri Sep 04 2009 00:00:00 GMT+0530 (India Standard Time)","4608.70","4697.20","4580.35","4680.39"
"Mon Sep 07 2009 00:00:00 GMT+0530 (India Standard Time)","4682.39","4790.00","4679.30","4782.89"
"Tue Sep 08 2009 00:00:00 GMT+0530 (India Standard Time)","4782.85","4842.20","4782.64","4805.25"
"Wed Sep 09 2009 00:00:00 GMT+0530 (India Standard Time)","4804.89","4825.05","4783.50","4814.25"
"Thu Sep 10 2009 00:00:00 GMT+0530 (India Standard Time)","4814.35","4889.05","4807.89","4819.39"
"Fri Sep 11 2009 00:00:00 GMT+0530 (India Standard Time)","4819.39","4856.14","4791.55","4829.55"
"Mon Sep 14 2009 00:00:00 GMT+0530 (India Standard Time)","4830.35","4832.25","4786.25","4808.60"
"Tue Sep 15 2009 00:00:00 GMT+0530 (India Standard Time)","4808.35","4899.45","4808.35","4892.10"
"Wed Sep 16 2009 00:00:00 GMT+0530 (India Standard Time)","4894.64","4966.30","4894.64","4958.39"
"Thu Sep 17 2009 00:00:00 GMT+0530 (India Standard Time)","4958.55","5003.05","4944.14","4965.55"
"Fri Sep 18 2009 00:00:00 GMT+0530 (India Standard Time)","4963.95","4980.85","4931.89","4976.05"
"Tue Sep 22 2009 00:00:00 GMT+0530 (India Standard Time)","4977.10","5036.30","4977.10","5020.20"
"Wed Sep 23 2009 00:00:00 GMT+0530 (India Standard Time)","5019.95","5030.75","4957.05","4969.95"
"Thu Sep 24 2009 00:00:00 GMT+0530 (India Standard Time)","4977.14","5016.70","4904.05","4986.55"
"Fri Sep 25 2009 00:00:00 GMT+0530 (India Standard Time)","4985.10","4994.35","4931.25","4958.95"
"Tue Sep 29 2009 00:00:00 GMT+0530 (India Standard Time)","4959.14","5020.25","4959.10","5006.85"
"Wed Sep 30 2009 00:00:00 GMT+0530 (India Standard Time)","5007.64","5087.60","5004.35","5083.95"
"Thu Oct 01 2009 00:00:00 GMT+0530 (India Standard Time)","5087.20","5110.50","5057.05","5083.39"
"Mon Oct 05 2009 00:00:00 GMT+0530 (India Standard Time)","5076.05","5076.05","4991.95","5003.20"
"Tue Oct 06 2009 00:00:00 GMT+0530 (India Standard Time)","5003.64","5034.70","4921.05","5027.39"
"Wed Oct 07 2009 00:00:00 GMT+0530 (India Standard Time)","5031.70","5077.00","4972.95","4985.75"
"Thu Oct 08 2009 00:00:00 GMT+0530 (India Standard Time)","5011.25","5043.05","4971.75","5002.25"
"Fri Oct 09 2009 00:00:00 GMT+0530 (India Standard Time)","4993.00","5032.60","4934.55","4945.20"
"Mon Oct 12 2009 00:00:00 GMT+0530 (India Standard Time)","4945.45","5068.05","4945.45","5054.25"
"Wed Oct 14 2009 00:00:00 GMT+0530 (India Standard Time)","5054.35","5127.39","5054.35","5118.20"
"Thu Oct 15 2009 00:00:00 GMT+0530 (India Standard Time)","5118.55","5152.25","5077.10","5108.85"
"Fri Oct 16 2009 00:00:00 GMT+0530 (India Standard Time)","5108.64","5149.64","5093.20","5142.14"
"Sat Oct 17 2009 00:00:00 GMT+0530 (India Standard Time)","5159.35","5176.80","5124.25","5141.80"
"Tue Oct 20 2009 00:00:00 GMT+0530 (India Standard Time)","5145.60","5181.95","5102.64","5114.45"
"Wed Oct 21 2009 00:00:00 GMT+0530 (India Standard Time)","5114.85","5117.45","5051.64","5063.60"
"Thu Oct 22 2009 00:00:00 GMT+0530 (India Standard Time)","5063.35","5064.25","4968.45","4988.60"
"Fri Oct 23 2009 00:00:00 GMT+0530 (India Standard Time)","4986.55","5054.95","4983.25","4997.05"
"Mon Oct 26 2009 00:00:00 GMT+0530 (India Standard Time)","4997.14","5033.75","4961.35","4970.89"
"Tue Oct 27 2009 00:00:00 GMT+0530 (India Standard Time)","4970.55","4970.55","4829.50","4846.70"
"Wed Oct 28 2009 00:00:00 GMT+0530 (India Standard Time)","4846.55","4867.00","4784.10","4826.14"
"Thu Oct 29 2009 00:00:00 GMT+0530 (India Standard Time)","4826.10","4826.10","4738.39","4750.55"
"Fri Oct 30 2009 00:00:00 GMT+0530 (India Standard Time)","4751.10","4853.64","4687.50","4711.70"
"Tue Nov 03 2009 00:00:00 GMT+0530 (India Standard Time)","4712.25","4729.85","4538.50","4563.89"
"Wed Nov 04 2009 00:00:00 GMT+0530 (India Standard Time)","4567.30","4717.80","4565.00","4710.80"
"Thu Nov 05 2009 00:00:00 GMT+0530 (India Standard Time)","4711.64","4776.35","4610.60","4765.55"
"Fri Nov 06 2009 00:00:00 GMT+0530 (India Standard Time)","4767.50","4836.20","4764.85","4796.14"
"Mon Nov 09 2009 00:00:00 GMT+0530 (India Standard Time)","4796.14","4905.25","4789.89","4898.39"
"Tue Nov 10 2009 00:00:00 GMT+0530 (India Standard Time)","4898.89","4947.70","4860.10","4881.70"
"Wed Nov 11 2009 00:00:00 GMT+0530 (India Standard Time)","4882.30","5016.70","4870.05","5003.95"
"Thu Nov 12 2009 00:00:00 GMT+0530 (India Standard Time)","5004.39","5014.39","4924.75","4952.64"
"Fri Nov 13 2009 00:00:00 GMT+0530 (India Standard Time)","4952.35","5017.89","4942.64","4998.95"
"Mon Nov 16 2009 00:00:00 GMT+0530 (India Standard Time)","4996.50","5073.20","4994.00","5058.05"
"Tue Nov 17 2009 00:00:00 GMT+0530 (India Standard Time)","5058.95","5074.00","5010.14","5062.25"
"Wed Nov 18 2009 00:00:00 GMT+0530 (India Standard Time)","5061.50","5079.30","5041.64","5054.70"
"Thu Nov 19 2009 00:00:00 GMT+0530 (India Standard Time)","5043.95","5053.45","4963.70","4989.00"
"Fri Nov 20 2009 00:00:00 GMT+0530 (India Standard Time)","4988.75","5063.30","4932.80","5052.45"
"Mon Nov 23 2009 00:00:00 GMT+0530 (India Standard Time)","5052.95","5113.10","5052.10","5103.55"
"Tue Nov 24 2009 00:00:00 GMT+0530 (India Standard Time)","5105.00","5112.85","5053.50","5090.55"
"Wed Nov 25 2009 00:00:00 GMT+0530 (India Standard Time)","5091.55","5138.00","5078.35","5108.14"
"Thu Nov 26 2009 00:00:00 GMT+0530 (India Standard Time)","5116.45","5116.45","4986.05","5005.55"
"Fri Nov 27 2009 00:00:00 GMT+0530 (India Standard Time)","5005.05","5005.05","4806.70","4941.75"
"Mon Nov 30 2009 00:00:00 GMT+0530 (India Standard Time)","4942.25","5066.35","4942.25","5032.70"
"Tue Dec 01 2009 00:00:00 GMT+0530 (India Standard Time)","5039.70","5130.35","5038.85","5122.00"
"Wed Dec 02 2009 00:00:00 GMT+0530 (India Standard Time)","5122.75","5161.75","5111.75","5123.25"
"Thu Dec 03 2009 00:00:00 GMT+0530 (India Standard Time)","5124.55","5181.00","5106.60","5131.70"
"Fri Dec 04 2009 00:00:00 GMT+0530 (India Standard Time)","5131.70","5161.80","5081.85","5108.89"
"Mon Dec 07 2009 00:00:00 GMT+0530 (India Standard Time)","5108.85","5131.30","5051.55","5066.70"
"Tue Dec 08 2009 00:00:00 GMT+0530 (India Standard Time)","5068.55","5152.55","5058.89","5147.89"
"Wed Dec 09 2009 00:00:00 GMT+0530 (India Standard Time)","5147.64","5147.64","5090.60","5112.00"
"Thu Dec 10 2009 00:00:00 GMT+0530 (India Standard Time)","5112.39","5146.45","5084.64","5134.60"
"Fri Dec 11 2009 00:00:00 GMT+0530 (India Standard Time)","5136.05","5182.55","5088.39","5117.30"
"Mon Dec 14 2009 00:00:00 GMT+0530 (India Standard Time)","5117.45","5156.70","5090.14","5105.70"
"Tue Dec 15 2009 00:00:00 GMT+0530 (India Standard Time)","5105.75","5129.45","5018.25","5033.05"
"Wed Dec 16 2009 00:00:00 GMT+0530 (India Standard Time)","5032.95","5067.25","5001.80","5042.05"
"Thu Dec 17 2009 00:00:00 GMT+0530 (India Standard Time)","5046.64","5064.20","5013.14","5041.75"
"Fri Dec 18 2009 00:00:00 GMT+0530 (India Standard Time)","5042.00","5043.39","4979.05","4987.70"
"Mon Dec 21 2009 00:00:00 GMT+0530 (India Standard Time)","4983.64","4997.85","4943.95","4952.60"
"Tue Dec 22 2009 00:00:00 GMT+0530 (India Standard Time)","4953.35","4997.30","4953.35","4985.85"
"Wed Dec 23 2009 00:00:00 GMT+0530 (India Standard Time)","4990.05","5150.60","4990.05","5144.60"
"Thu Dec 24 2009 00:00:00 GMT+0530 (India Standard Time)","5144.80","5197.89","5129.05","5178.39"
"Tue Dec 29 2009 00:00:00 GMT+0530 (India Standard Time)","5180.75","5214.60","5175.85","5187.95"
"Wed Dec 30 2009 00:00:00 GMT+0530 (India Standard Time)","5188.75","5197.05","5160.10","5169.45"
"Thu Dec 31 2009 00:00:00 GMT+0530 (India Standard Time)","5171.20","5221.85","5168.75","5201.05"
"Mon Jan 04 2010 00:00:00 GMT+0530 (India Standard Time)","5200.89","5238.45","5167.10","5232.20"
"Tue Jan 05 2010 00:00:00 GMT+0530 (India Standard Time)","5277.15","5288.35","5242.39","5277.90"
"Wed Jan 06 2010 00:00:00 GMT+0530 (India Standard Time)","5278.15","5310.85","5260.05","5281.80"
"Thu Jan 07 2010 00:00:00 GMT+0530 (India Standard Time)","5281.80","5302.55","5244.75","5263.10"
"Fri Jan 08 2010 00:00:00 GMT+0530 (India Standard Time)","5264.25","5276.75","5234.70","5244.75"
"Mon Jan 11 2010 00:00:00 GMT+0530 (India Standard Time)","5263.80","5287.20","5227.80","5249.40"
"Tue Jan 12 2010 00:00:00 GMT+0530 (India Standard Time)","5251.10","5300.50","5200.95","5210.39"
"Wed Jan 13 2010 00:00:00 GMT+0530 (India Standard Time)","5212.60","5239.20","5169.55","5233.95"
"Thu Jan 14 2010 00:00:00 GMT+0530 (India Standard Time)","5234.50","5272.85","5232.50","5259.90"
"Fri Jan 15 2010 00:00:00 GMT+0530 (India Standard Time)","5259.90","5279.85","5242.45","5252.20"
"Mon Jan 18 2010 00:00:00 GMT+0530 (India Standard Time)","5253.65","5292.50","5228.95","5274.85"
"Tue Jan 19 2010 00:00:00 GMT+0530 (India Standard Time)","5274.20","5287.80","5218.64","5225.64"
"Wed Jan 20 2010 00:00:00 GMT+0530 (India Standard Time)","5226.10","5256.70","5201.39","5221.70"
"Thu Jan 21 2010 00:00:00 GMT+0530 (India Standard Time)","5220.20","5220.35","5085.45","5094.14"
"Fri Jan 22 2010 00:00:00 GMT+0530 (India Standard Time)","5094.14","5094.14","4954.85","5036.00"
"Mon Jan 25 2010 00:00:00 GMT+0530 (India Standard Time)","5034.55","5035.70","4983.05","5007.89"
"Wed Jan 27 2010 00:00:00 GMT+0530 (India Standard Time)","5008.50","5008.50","4833.05","4853.10"
"Thu Jan 28 2010 00:00:00 GMT+0530 (India Standard Time)","4863.00","4929.89","4824.95","4867.25"
"Fri Jan 29 2010 00:00:00 GMT+0530 (India Standard Time)","4866.14","4893.70","4766.00","4882.05"
"Mon Feb 01 2010 00:00:00 GMT+0530 (India Standard Time)","4882.05","4918.80","4827.14","4899.70"
"Tue Feb 02 2010 00:00:00 GMT+0530 (India Standard Time)","4907.85","4951.14","4814.10","4830.10"
"Wed Feb 03 2010 00:00:00 GMT+0530 (India Standard Time)","4831.00","4949.14","4831.00","4931.85"
"Thu Feb 04 2010 00:00:00 GMT+0530 (India Standard Time)","4931.30","4931.30","4832.35","4845.35"
"Fri Feb 05 2010 00:00:00 GMT+0530 (India Standard Time)","4819.64","4827.00","4692.35","4718.64"
"Sat Feb 06 2010 00:00:00 GMT+0530 (India Standard Time)","4712.75","4768.14","4712.75","4757.25"
"Mon Feb 08 2010 00:00:00 GMT+0530 (India Standard Time)","4755.35","4799.05","4675.39","4760.39"
"Tue Feb 09 2010 00:00:00 GMT+0530 (India Standard Time)","4760.55","4810.39","4739.35","4792.64"
"Wed Feb 10 2010 00:00:00 GMT+0530 (India Standard Time)","4793.00","4826.85","4748.10","4757.20"
"Thu Feb 11 2010 00:00:00 GMT+0530 (India Standard Time)","4757.25","4843.80","4757.25","4826.85"
"Mon Feb 15 2010 00:00:00 GMT+0530 (India Standard Time)","4827.89","4845.60","4783.89","4801.95"
"Tue Feb 16 2010 00:00:00 GMT+0530 (India Standard Time)","4801.80","4880.00","4791.35","4855.75"
"Wed Feb 17 2010 00:00:00 GMT+0530 (India Standard Time)","4858.64","4929.70","4857.60","4914.00"
"Thu Feb 18 2010 00:00:00 GMT+0530 (India Standard Time)","4915.10","4922.05","4873.70","4887.75"
"Fri Feb 19 2010 00:00:00 GMT+0530 (India Standard Time)","4887.30","4887.30","4805.55","4844.89"
"Mon Feb 22 2010 00:00:00 GMT+0530 (India Standard Time)","4849.35","4912.05","4845.89","4856.39"
"Tue Feb 23 2010 00:00:00 GMT+0530 (India Standard Time)","4856.60","4884.10","4833.14","4870.05"
"Wed Feb 24 2010 00:00:00 GMT+0530 (India Standard Time)","4869.55","4880.55","4834.64","4858.60"
"Thu Feb 25 2010 00:00:00 GMT+0530 (India Standard Time)","4859.00","4880.14","4835.60","4859.75"
"Fri Feb 26 2010 00:00:00 GMT+0530 (India Standard Time)","4858.50","4992.00","4858.45","4922.30"
"Tue Mar 02 2010 00:00:00 GMT+0530 (India Standard Time)","4935.60","5029.45","4935.35","5017.00"
"Wed Mar 03 2010 00:00:00 GMT+0530 (India Standard Time)","5015.80","5093.25","5015.10","5088.10"
"Thu Mar 04 2010 00:00:00 GMT+0530 (India Standard Time)","5096.95","5096.95","5049.00","5080.25"
"Fri Mar 05 2010 00:00:00 GMT+0530 (India Standard Time)","5080.55","5118.64","5068.05","5088.70"
"Mon Mar 08 2010 00:00:00 GMT+0530 (India Standard Time)","5092.14","5147.10","5092.14","5124.00"
"Tue Mar 09 2010 00:00:00 GMT+0530 (India Standard Time)","5121.05","5131.80","5094.35","5101.50"
"Wed Mar 10 2010 00:00:00 GMT+0530 (India Standard Time)","5101.60","5137.39","5092.05","5116.25"
"Thu Mar 11 2010 00:00:00 GMT+0530 (India Standard Time)","5116.35","5152.60","5102.10","5133.39"
"Fri Mar 12 2010 00:00:00 GMT+0530 (India Standard Time)","5131.80","5158.10","5122.10","5137.00"
"Mon Mar 15 2010 00:00:00 GMT+0530 (India Standard Time)","5134.45","5151.05","5101.20","5128.89"
"Tue Mar 16 2010 00:00:00 GMT+0530 (India Standard Time)","5128.95","5209.25","5125.70","5198.10"
"Wed Mar 17 2010 00:00:00 GMT+0530 (India Standard Time)","5198.45","5260.50","5177.14","5231.89"
"Thu Mar 18 2010 00:00:00 GMT+0530 (India Standard Time)","5232.55","5255.65","5214.39","5245.90"
"Fri Mar 19 2010 00:00:00 GMT+0530 (India Standard Time)","5246.80","5269.95","5237.10","5262.80"
"Mon Mar 22 2010 00:00:00 GMT+0530 (India Standard Time)","5260.95","5260.95","5187.05","5205.20"
"Tue Mar 23 2010 00:00:00 GMT+0530 (India Standard Time)","5205.85","5243.60","5193.39","5225.30"
"Thu Mar 25 2010 00:00:00 GMT+0530 (India Standard Time)","5225.30","5267.30","5202.95","5260.40"
"Fri Mar 26 2010 00:00:00 GMT+0530 (India Standard Time)","5260.55","5293.75","5260.55","5282.00"
"Mon Mar 29 2010 00:00:00 GMT+0530 (India Standard Time)","5283.90","5329.55","5242.14","5302.85"
"Tue Mar 30 2010 00:00:00 GMT+0530 (India Standard Time)","5302.95","5325.00","5251.35","5262.45"
"Wed Mar 31 2010 00:00:00 GMT+0530 (India Standard Time)","5260.40","5293.90","5235.14","5249.10"
"Thu Apr 01 2010 00:00:00 GMT+0530 (India Standard Time)","5249.20","5298.60","5249.20","5290.50"
"Mon Apr 05 2010 00:00:00 GMT+0530 (India Standard Time)","5291.40","5377.55","5291.40","5368.40"
"Tue Apr 06 2010 00:00:00 GMT+0530 (India Standard Time)","5369.65","5388.65","5351.70","5366.00"
"Wed Apr 07 2010 00:00:00 GMT+0530 (India Standard Time)","5365.70","5399.65","5345.05","5374.65"
"Thu Apr 08 2010 00:00:00 GMT+0530 (India Standard Time)","5376.30","5383.65","5290.25","5304.45"
"Fri Apr 09 2010 00:00:00 GMT+0530 (India Standard Time)","5302.40","5377.45","5302.25","5361.75"
"Mon Apr 12 2010 00:00:00 GMT+0530 (India Standard Time)","5354.15","5382.15","5324.90","5339.70"
"Tue Apr 13 2010 00:00:00 GMT+0530 (India Standard Time)","5340.85","5356.50","5301.70","5322.95"
"Thu Apr 15 2010 00:00:00 GMT+0530 (India Standard Time)","5323.30","5373.15","5265.30","5273.60"
"Fri Apr 16 2010 00:00:00 GMT+0530 (India Standard Time)","5273.40","5283.05","5237.55","5262.60"
"Mon Apr 19 2010 00:00:00 GMT+0530 (India Standard Time)","5279.05","5279.05","5160.89","5203.64"
"Tue Apr 20 2010 00:00:00 GMT+0530 (India Standard Time)","5208.30","5257.25","5208.30","5230.10"
"Wed Apr 21 2010 00:00:00 GMT+0530 (India Standard Time)","5230.30","5266.30","5230.30","5244.90"
"Thu Apr 22 2010 00:00:00 GMT+0530 (India Standard Time)","5248.60","5331.80","5221.10","5269.35"
"Fri Apr 23 2010 00:00:00 GMT+0530 (India Standard Time)","5269.65","5311.05","5269.65","5304.10"
"Mon Apr 26 2010 00:00:00 GMT+0530 (India Standard Time)","5299.35","5342.35","5299.35","5322.45"
"Tue Apr 27 2010 00:00:00 GMT+0530 (India Standard Time)","5322.10","5330.55","5301.40","5308.35"
"Wed Apr 28 2010 00:00:00 GMT+0530 (India Standard Time)","5308.20","5308.25","5202.45","5215.45"
"Thu Apr 29 2010 00:00:00 GMT+0530 (India Standard Time)","5215.25","5264.75","5214.80","5254.15"
"Fri Apr 30 2010 00:00:00 GMT+0530 (India Standard Time)","5254.20","5294.80","5254.20","5278.00"
"Mon May 03 2010 00:00:00 GMT+0530 (India Standard Time)","5278.40","5278.70","5210.05","5222.75"
"Tue May 04 2010 00:00:00 GMT+0530 (India Standard Time)","5223.89","5250.15","5134.85","5148.50"
"Wed May 05 2010 00:00:00 GMT+0530 (India Standard Time)","5148.35","5148.35","5056.50","5124.89"
"Thu May 06 2010 00:00:00 GMT+0530 (India Standard Time)","5124.39","5124.89","5037.75","5090.85"
"Fri May 07 2010 00:00:00 GMT+0530 (India Standard Time)","5072.30","5085.64","4984.60","5018.05"
"Mon May 10 2010 00:00:00 GMT+0530 (India Standard Time)","5026.60","5203.30","5026.60","5193.60"
"Tue May 11 2010 00:00:00 GMT+0530 (India Standard Time)","5189.75","5206.70","5126.50","5136.14"
"Wed May 12 2010 00:00:00 GMT+0530 (India Standard Time)","5133.75","5172.85","5098.80","5156.64"
"Thu May 13 2010 00:00:00 GMT+0530 (India Standard Time)","5157.55","5212.70","5147.95","5178.89"
"Fri May 14 2010 00:00:00 GMT+0530 (India Standard Time)","5180.55","5192.75","5070.95","5093.50"
"Mon May 17 2010 00:00:00 GMT+0530 (India Standard Time)","5093.89","5094.55","4966.25","5059.89"
"Tue May 18 2010 00:00:00 GMT+0530 (India Standard Time)","5059.55","5105.20","5024.25","5066.20"
"Wed May 19 2010 00:00:00 GMT+0530 (India Standard Time)","5065.10","5065.10","4908.14","4919.64"
"Thu May 20 2010 00:00:00 GMT+0530 (India Standard Time)","4924.30","4980.25","4924.30","4947.60"
"Fri May 21 2010 00:00:00 GMT+0530 (India Standard Time)","4946.70","4946.70","4842.30","4931.14"
"Mon May 24 2010 00:00:00 GMT+0530 (India Standard Time)","4944.30","5029.55","4923.45","4943.95"
"Tue May 25 2010 00:00:00 GMT+0530 (India Standard Time)","4945.30","4946.60","4786.45","4806.75"
"Wed May 26 2010 00:00:00 GMT+0530 (India Standard Time)","4807.30","4925.45","4807.30","4917.39"
"Thu May 27 2010 00:00:00 GMT+0530 (India Standard Time)","4915.14","5016.60","4897.60","5003.10"
"Fri May 28 2010 00:00:00 GMT+0530 (India Standard Time)","5005.60","5077.25","5005.60","5066.55"
"Mon May 31 2010 00:00:00 GMT+0530 (India Standard Time)","5076.10","5097.60","5038.55","5086.30"
"Tue Jun 01 2010 00:00:00 GMT+0530 (India Standard Time)","5086.25","5086.95","4961.05","4970.20"
"Wed Jun 02 2010 00:00:00 GMT+0530 (India Standard Time)","4970.75","5031.20","4967.05","5019.85"
"Thu Jun 03 2010 00:00:00 GMT+0530 (India Standard Time)","5020.14","5125.70","5020.14","5110.50"
"Fri Jun 04 2010 00:00:00 GMT+0530 (India Standard Time)","5112.60","5147.89","5091.60","5135.50"
"Mon Jun 07 2010 00:00:00 GMT+0530 (India Standard Time)","5132.95","5132.95","5004.25","5034.00"
"Tue Jun 08 2010 00:00:00 GMT+0530 (India Standard Time)","5036.70","5071.35","4967.30","4987.10"
"Wed Jun 09 2010 00:00:00 GMT+0530 (India Standard Time)","4985.05","5050.60","4980.10","5000.30"
"Thu Jun 10 2010 00:00:00 GMT+0530 (India Standard Time)","4999.60","5085.20","4997.60","5078.60"
"Fri Jun 11 2010 00:00:00 GMT+0530 (India Standard Time)","5078.75","5139.05","5078.75","5119.35"
"Mon Jun 14 2010 00:00:00 GMT+0530 (India Standard Time)","5120.14","5201.25","5120.14","5197.70"
"Tue Jun 15 2010 00:00:00 GMT+0530 (India Standard Time)","5201.30","5231.45","5171.05","5222.35"
"Wed Jun 16 2010 00:00:00 GMT+0530 (India Standard Time)","5225.05","5255.65","5214.89","5233.35"
"Thu Jun 17 2010 00:00:00 GMT+0530 (India Standard Time)","5233.64","5285.55","5206.55","5274.85"
"Fri Jun 18 2010 00:00:00 GMT+0530 (India Standard Time)","5274.95","5302.30","5245.50","5262.60"
"Mon Jun 21 2010 00:00:00 GMT+0530 (India Standard Time)","5266.50","5366.75","5266.50","5353.30"
"Tue Jun 22 2010 00:00:00 GMT+0530 (India Standard Time)","5353.95","5354.35","5311.05","5316.55"
"Wed Jun 23 2010 00:00:00 GMT+0530 (India Standard Time)","5316.15","5333.30","5288.15","5323.15"
"Thu Jun 24 2010 00:00:00 GMT+0530 (India Standard Time)","5323.25","5348.30","5284.55","5320.60"
"Fri Jun 25 2010 00:00:00 GMT+0530 (India Standard Time)","5320.50","5320.50","5259.90","5269.05"
"Mon Jun 28 2010 00:00:00 GMT+0530 (India Standard Time)","5271.10","5339.45","5270.75","5333.50"
"Tue Jun 29 2010 00:00:00 GMT+0530 (India Standard Time)","5333.55","5334.15","5235.80","5256.15"
"Wed Jun 30 2010 00:00:00 GMT+0530 (India Standard Time)","5254.25","5320.35","5210.00","5312.50"
"Thu Jul 01 2010 00:00:00 GMT+0530 (India Standard Time)","5312.05","5312.55","5232.10","5251.40"
"Fri Jul 02 2010 00:00:00 GMT+0530 (India Standard Time)","5251.25","5277.25","5225.60","5237.10"
"Mon Jul 05 2010 00:00:00 GMT+0530 (India Standard Time)","5237.00","5252.75","5225.85","5235.89"
"Tue Jul 06 2010 00:00:00 GMT+0530 (India Standard Time)","5236.10","5297.45","5231.50","5289.05"
"Wed Jul 07 2010 00:00:00 GMT+0530 (India Standard Time)","5293.10","5296.75","5233.45","5241.10"
"Thu Jul 08 2010 00:00:00 GMT+0530 (India Standard Time)","5242.00","5320.50","5242.00","5296.85"
"Fri Jul 09 2010 00:00:00 GMT+0530 (India Standard Time)","5297.20","5359.05","5297.20","5352.45"
"Mon Jul 12 2010 00:00:00 GMT+0530 (India Standard Time)","5352.25","5402.70","5351.60","5383.00"
"Tue Jul 13 2010 00:00:00 GMT+0530 (India Standard Time)","5370.20","5406.20","5357.85","5400.65"