"Date","Open","High","Low","Close"
"Tue Jan 27 1998 00:00:00 GMT+0530 (India Standard Time)","986.90","988.00","959.40","963.30"
"Wed Jan 28 1998 00:00:00 GMT+0530 (India Standard Time)","962.60","969.70","940.10","944.80"
"Thu Jan 29 1998 00:00:00 GMT+0530 (India Standard Time)","944.50","944.50","929.00","941.30"
"Fri Jan 30 1998 00:00:00 GMT+0530 (India Standard Time)","941.40","965.30","941.40","963.40"
"Mon Feb 02 1998 00:00:00 GMT+0530 (India Standard Time)","963.40","978.00","962.20","976.60"
"Tue Feb 03 1998 00:00:00 GMT+0530 (India Standard Time)","977.00","979.50","967.80","975.20"
"Wed Feb 04 1998 00:00:00 GMT+0530 (India Standard Time)","975.90","988.40","965.40","967.90"
"Thu Feb 05 1998 00:00:00 GMT+0530 (India Standard Time)","968.10","980.40","968.10","976.10"
"Fri Feb 06 1998 00:00:00 GMT+0530 (India Standard Time)","976.10","981.20","971.90","977.60"
"Mon Feb 09 1998 00:00:00 GMT+0530 (India Standard Time)","977.50","980.70","973.10","976.10"
"Tue Feb 10 1998 00:00:00 GMT+0530 (India Standard Time)","976.10","976.10","962.00","963.70"
"Wed Feb 11 1998 00:00:00 GMT+0530 (India Standard Time)","964.20","971.70","956.00","958.90"
"Thu Feb 12 1998 00:00:00 GMT+0530 (India Standard Time)","959.00","960.20","949.60","956.60"
"Fri Feb 13 1998 00:00:00 GMT+0530 (India Standard Time)","956.80","978.10","956.80","974.50"
"Tue Feb 17 1998 00:00:00 GMT+0530 (India Standard Time)","974.60","1002.10","974.60","991.70"
"Wed Feb 18 1998 00:00:00 GMT+0530 (India Standard Time)","992.10","997.80","984.00","988.80"
"Thu Feb 19 1998 00:00:00 GMT+0530 (India Standard Time)","988.90","1001.10","988.90","997.50"
"Fri Feb 20 1998 00:00:00 GMT+0530 (India Standard Time)","997.10","1006.20","991.80","993.60"
"Mon Feb 23 1998 00:00:00 GMT+0530 (India Standard Time)","994.10","1011.70","994.10","1009.60"
"Tue Feb 24 1998 00:00:00 GMT+0530 (India Standard Time)","1009.50","1017.50","1007.40","1014.10"
"Wed Feb 25 1998 00:00:00 GMT+0530 (India Standard Time)","1014.10","1037.10","1014.10","1036.00"
"Thu Feb 26 1998 00:00:00 GMT+0530 (India Standard Time)","1036.30","1048.50","1032.40","1045.80"
"Fri Feb 27 1998 00:00:00 GMT+0530 (India Standard Time)","1045.80","1064.10","1045.70","1060.70"
"Mon Mar 02 1998 00:00:00 GMT+0530 (India Standard Time)","1060.90","1100.80","1060.90","1098.20"
"Tue Mar 03 1998 00:00:00 GMT+0530 (India Standard Time)","1099.20","1101.90","1046.70","1063.50"
"Wed Mar 04 1998 00:00:00 GMT+0530 (India Standard Time)","1062.70","1094.40","1062.70","1092.30"
"Thu Mar 05 1998 00:00:00 GMT+0530 (India Standard Time)","1091.90","1098.90","1079.90","1083.30"
"Fri Mar 06 1998 00:00:00 GMT+0530 (India Standard Time)","1083.30","1086.00","1073.20","1081.40"
"Mon Mar 09 1998 00:00:00 GMT+0530 (India Standard Time)","1081.90","1100.40","1081.90","1099.50"
"Tue Mar 10 1998 00:00:00 GMT+0530 (India Standard Time)","1099.30","1102.80","1082.70","1086.00"
"Wed Mar 11 1998 00:00:00 GMT+0530 (India Standard Time)","1086.60","1102.50","1074.50","1083.00"
"Thu Mar 12 1998 00:00:00 GMT+0530 (India Standard Time)","1083.30","1083.90","1072.40","1077.50"
"Mon Mar 16 1998 00:00:00 GMT+0530 (India Standard Time)","1077.70","1102.50","1077.70","1090.40"
"Tue Mar 17 1998 00:00:00 GMT+0530 (India Standard Time)","1090.20","1090.20","1072.70","1083.30"
"Wed Mar 18 1998 00:00:00 GMT+0530 (India Standard Time)","1083.80","1108.20","1083.80","1103.30"
"Thu Mar 19 1998 00:00:00 GMT+0530 (India Standard Time)","1103.80","1113.40","1099.80","1105.80"
"Fri Mar 20 1998 00:00:00 GMT+0530 (India Standard Time)","1105.50","1112.40","1097.70","1109.50"
"Mon Mar 23 1998 00:00:00 GMT+0530 (India Standard Time)","1110.00","1124.80","1110.00","1124.00"
"Tue Mar 24 1998 00:00:00 GMT+0530 (India Standard Time)","1124.20","1137.80","1117.30","1120.80"
"Wed Mar 25 1998 00:00:00 GMT+0530 (India Standard Time)","1121.40","1149.30","1121.40","1146.90"
"Thu Mar 26 1998 00:00:00 GMT+0530 (India Standard Time)","1147.60","1156.70","1127.30","1129.50"
"Fri Mar 27 1998 00:00:00 GMT+0530 (India Standard Time)","1129.50","1142.00","1121.20","1140.30"
"Mon Mar 30 1998 00:00:00 GMT+0530 (India Standard Time)","1140.50","1146.60","1122.90","1124.80"
"Tue Mar 31 1998 00:00:00 GMT+0530 (India Standard Time)","1124.70","1127.50","1111.80","1116.90"
"Wed Apr 01 1998 00:00:00 GMT+0530 (India Standard Time)","1117.10","1151.00","1117.10","1150.00"
"Thu Apr 02 1998 00:00:00 GMT+0530 (India Standard Time)","1150.40","1169.50","1150.40","1157.40"
"Fri Apr 03 1998 00:00:00 GMT+0530 (India Standard Time)","1157.90","1174.50","1157.30","1173.40"
"Mon Apr 06 1998 00:00:00 GMT+0530 (India Standard Time)","1173.50","1191.50","1173.50","1187.00"
"Tue Apr 07 1998 00:00:00 GMT+0530 (India Standard Time)","1187.30","1199.50","1184.00","1187.80"
"Thu Apr 09 1998 00:00:00 GMT+0530 (India Standard Time)","1189.40","1224.20","1189.40","1209.50"
"Fri Apr 10 1998 00:00:00 GMT+0530 (India Standard Time)","1209.70","1209.90","1189.40","1192.40"
"Mon Apr 13 1998 00:00:00 GMT+0530 (India Standard Time)","1191.60","1191.60","1156.80","1159.40"
"Wed Apr 15 1998 00:00:00 GMT+0530 (India Standard Time)","1159.50","1210.50","1159.50","1206.30"
"Thu Apr 16 1998 00:00:00 GMT+0530 (India Standard Time)","1206.30","1215.00","1194.50","1197.00"
"Fri Apr 17 1998 00:00:00 GMT+0530 (India Standard Time)","1197.00","1211.80","1189.70","1210.00"
"Mon Apr 20 1998 00:00:00 GMT+0530 (India Standard Time)","1210.00","1222.50","1202.20","1207.10"
"Tue Apr 21 1998 00:00:00 GMT+0530 (India Standard Time)","1207.20","1218.90","1207.20","1212.70"
"Wed Apr 22 1998 00:00:00 GMT+0530 (India Standard Time)","1212.90","1247.10","1208.00","1210.80"
"Thu Apr 23 1998 00:00:00 GMT+0530 (India Standard Time)","1210.20","1211.30","1179.70","1182.00"
"Fri Apr 24 1998 00:00:00 GMT+0530 (India Standard Time)","1182.10","1183.70","1144.80","1173.80"
"Mon Apr 27 1998 00:00:00 GMT+0530 (India Standard Time)","1173.80","1180.20","1161.20","1164.30"
"Tue Apr 28 1998 00:00:00 GMT+0530 (India Standard Time)","1164.00","1164.30","1144.50","1146.80"
"Wed Apr 29 1998 00:00:00 GMT+0530 (India Standard Time)","1151.30","1178.00","1147.00","1151.00"
"Thu Apr 30 1998 00:00:00 GMT+0530 (India Standard Time)","1151.40","1161.00","1137.80","1159.30"
"Mon May 04 1998 00:00:00 GMT+0530 (India Standard Time)","1159.80","1185.70","1159.80","1185.10"
"Tue May 05 1998 00:00:00 GMT+0530 (India Standard Time)","1185.20","1191.20","1177.30","1188.00"
"Wed May 06 1998 00:00:00 GMT+0530 (India Standard Time)","1188.00","1196.70","1169.10","1172.40"
"Fri May 08 1998 00:00:00 GMT+0530 (India Standard Time)","1172.00","1172.20","1157.30","1161.50"
"Mon May 11 1998 00:00:00 GMT+0530 (India Standard Time)","1162.20","1162.90","1156.40","1160.30"
"Tue May 12 1998 00:00:00 GMT+0530 (India Standard Time)","1160.10","1160.10","1100.00","1132.20"
"Wed May 13 1998 00:00:00 GMT+0530 (India Standard Time)","1132.00","1132.00","1091.20","1094.00"
"Thu May 14 1998 00:00:00 GMT+0530 (India Standard Time)","1094.00","1121.70","1081.50","1118.60"
"Fri May 15 1998 00:00:00 GMT+0530 (India Standard Time)","1119.10","1130.40","1104.20","1110.00"
"Mon May 18 1998 00:00:00 GMT+0530 (India Standard Time)","1110.60","1130.00","1110.60","1119.80"
"Tue May 19 1998 00:00:00 GMT+0530 (India Standard Time)","1119.80","1125.10","1116.20","1121.70"
"Wed May 20 1998 00:00:00 GMT+0530 (India Standard Time)","1121.70","1142.90","1121.70","1141.30"
"Thu May 21 1998 00:00:00 GMT+0530 (India Standard Time)","1141.60","1146.30","1120.30","1126.10"
"Fri May 22 1998 00:00:00 GMT+0530 (India Standard Time)","1126.00","1131.20","1118.50","1126.50"
"Mon May 25 1998 00:00:00 GMT+0530 (India Standard Time)","1125.90","1127.00","1111.20","1122.90"
"Tue May 26 1998 00:00:00 GMT+0530 (India Standard Time)","1123.10","1123.10","1101.50","1104.40"
"Wed May 27 1998 00:00:00 GMT+0530 (India Standard Time)","1104.00","1107.20","1089.00","1090.90"
"Thu May 28 1998 00:00:00 GMT+0530 (India Standard Time)","1090.50","1097.00","1073.30","1075.50"
"Fri May 29 1998 00:00:00 GMT+0530 (India Standard Time)","1075.30","1077.10","1037.90","1063.10"
"Mon Jun 01 1998 00:00:00 GMT+0530 (India Standard Time)","1064.00","1100.00","1049.40","1053.70"
"Tue Jun 02 1998 00:00:00 GMT+0530 (India Standard Time)","1053.40","1053.60","1016.20","1019.60"
"Wed Jun 03 1998 00:00:00 GMT+0530 (India Standard Time)","1019.30","1037.30","1009.90","1033.90"
"Thu Jun 04 1998 00:00:00 GMT+0530 (India Standard Time)","1034.00","1044.40","1023.30","1027.00"
"Fri Jun 05 1998 00:00:00 GMT+0530 (India Standard Time)","1026.50","1026.50","989.20","993.50"
"Mon Jun 08 1998 00:00:00 GMT+0530 (India Standard Time)","993.50","1003.10","936.50","968.60"
"Tue Jun 09 1998 00:00:00 GMT+0530 (India Standard Time)","968.90","1002.40","964.70","995.00"
"Wed Jun 10 1998 00:00:00 GMT+0530 (India Standard Time)","994.50","998.60","959.60","962.90"
"Thu Jun 11 1998 00:00:00 GMT+0530 (India Standard Time)","962.10","964.60","929.90","961.30"
"Fri Jun 12 1998 00:00:00 GMT+0530 (India Standard Time)","961.60","987.30","961.60","971.10"
"Mon Jun 15 1998 00:00:00 GMT+0530 (India Standard Time)","970.90","970.90","914.30","916.80"
"Tue Jun 16 1998 00:00:00 GMT+0530 (India Standard Time)","916.20","916.20","862.10","910.10"
"Wed Jun 17 1998 00:00:00 GMT+0530 (India Standard Time)","910.90","980.30","910.90","976.50"
"Thu Jun 18 1998 00:00:00 GMT+0530 (India Standard Time)","977.00","990.10","952.60","956.10"
"Fri Jun 19 1998 00:00:00 GMT+0530 (India Standard Time)","955.00","955.00","910.50","913.20"
"Mon Jun 22 1998 00:00:00 GMT+0530 (India Standard Time)","912.90","912.90","853.30","880.20"
"Tue Jun 23 1998 00:00:00 GMT+0530 (India Standard Time)","882.20","882.20","853.00","875.60"
"Wed Jun 24 1998 00:00:00 GMT+0530 (India Standard Time)","875.40","910.00","873.60","908.50"
"Thu Jun 25 1998 00:00:00 GMT+0530 (India Standard Time)","908.60","939.10","908.60","932.10"
"Fri Jun 26 1998 00:00:00 GMT+0530 (India Standard Time)","931.80","932.50","914.40","924.30"
"Mon Jun 29 1998 00:00:00 GMT+0530 (India Standard Time)","923.20","951.20","916.60","949.10"
"Tue Jun 30 1998 00:00:00 GMT+0530 (India Standard Time)","949.40","952.70","933.00","941.60"
"Wed Jul 01 1998 00:00:00 GMT+0530 (India Standard Time)","941.60","945.50","916.50","942.20"
"Thu Jul 02 1998 00:00:00 GMT+0530 (India Standard Time)","941.60","941.60","918.10","919.90"
"Fri Jul 03 1998 00:00:00 GMT+0530 (India Standard Time)","920.00","920.00","898.60","900.50"
"Mon Jul 06 1998 00:00:00 GMT+0530 (India Standard Time)","901.00","919.50","900.90","917.30"
"Tue Jul 07 1998 00:00:00 GMT+0530 (India Standard Time)","917.40","936.00","917.40","924.70"
"Wed Jul 08 1998 00:00:00 GMT+0530 (India Standard Time)","925.10","948.30","924.90","944.10"
"Thu Jul 09 1998 00:00:00 GMT+0530 (India Standard Time)","944.10","966.10","944.10","961.00"
"Fri Jul 10 1998 00:00:00 GMT+0530 (India Standard Time)","961.60","982.20","961.60","980.10"
"Mon Jul 13 1998 00:00:00 GMT+0530 (India Standard Time)","980.30","991.70","959.40","964.30"
"Tue Jul 14 1998 00:00:00 GMT+0530 (India Standard Time)","964.10","970.30","954.50","967.30"
"Wed Jul 15 1998 00:00:00 GMT+0530 (India Standard Time)","968.00","988.50","968.00","971.40"
"Thu Jul 16 1998 00:00:00 GMT+0530 (India Standard Time)","972.00","1005.90","969.50","1004.00"
"Fri Jul 17 1998 00:00:00 GMT+0530 (India Standard Time)","1005.10","1015.50","996.60","1000.90"
"Mon Jul 20 1998 00:00:00 GMT+0530 (India Standard Time)","1001.90","1002.40","973.70","977.30"
"Tue Jul 21 1998 00:00:00 GMT+0530 (India Standard Time)","977.60","983.40","960.80","965.50"
"Wed Jul 22 1998 00:00:00 GMT+0530 (India Standard Time)","965.50","976.50","959.50","965.70"
"Thu Jul 23 1998 00:00:00 GMT+0530 (India Standard Time)","965.30","965.30","931.70","934.40"
"Fri Jul 24 1998 00:00:00 GMT+0530 (India Standard Time)","933.50","934.70","915.50","920.10"
"Mon Jul 27 1998 00:00:00 GMT+0530 (India Standard Time)","919.40","929.40","895.80","899.30"
"Tue Jul 28 1998 00:00:00 GMT+0530 (India Standard Time)","899.10","920.00","897.60","917.20"
"Wed Jul 29 1998 00:00:00 GMT+0530 (India Standard Time)","917.40","940.10","917.40","937.80"
"Thu Jul 30 1998 00:00:00 GMT+0530 (India Standard Time)","938.10","949.80","926.80","932.60"
"Fri Jul 31 1998 00:00:00 GMT+0530 (India Standard Time)","932.60","939.60","925.20","931.40"
"Mon Aug 03 1998 00:00:00 GMT+0530 (India Standard Time)","930.80","930.80","903.50","906.00"
"Tue Aug 04 1998 00:00:00 GMT+0530 (India Standard Time)","905.60","913.40","903.10","906.20"
"Wed Aug 05 1998 00:00:00 GMT+0530 (India Standard Time)","905.60","911.80","890.90","907.40"
"Thu Aug 06 1998 00:00:00 GMT+0530 (India Standard Time)","907.90","919.00","900.20","902.70"
"Fri Aug 07 1998 00:00:00 GMT+0530 (India Standard Time)","902.70","903.50","892.90","895.50"
"Mon Aug 10 1998 00:00:00 GMT+0530 (India Standard Time)","895.10","895.10","877.50","878.70"
"Tue Aug 11 1998 00:00:00 GMT+0530 (India Standard Time)","878.70","878.70","863.60","866.50"
"Wed Aug 12 1998 00:00:00 GMT+0530 (India Standard Time)","866.30","871.40","853.10","860.10"
"Thu Aug 13 1998 00:00:00 GMT+0530 (India Standard Time)","859.80","878.40","854.50","872.20"
"Fri Aug 14 1998 00:00:00 GMT+0530 (India Standard Time)","872.80","876.80","863.50","864.10"
"Mon Aug 17 1998 00:00:00 GMT+0530 (India Standard Time)","864.30","873.20","853.00","854.50"
"Tue Aug 18 1998 00:00:00 GMT+0530 (India Standard Time)","854.50","854.80","831.10","832.40"
"Wed Aug 19 1998 00:00:00 GMT+0530 (India Standard Time)","832.80","853.90","830.10","838.30"
"Thu Aug 20 1998 00:00:00 GMT+0530 (India Standard Time)","839.30","871.10","839.30","868.70"
"Fri Aug 21 1998 00:00:00 GMT+0530 (India Standard Time)","868.50","871.10","853.40","855.40"
"Mon Aug 24 1998 00:00:00 GMT+0530 (India Standard Time)","855.20","860.90","845.30","859.80"
"Tue Aug 25 1998 00:00:00 GMT+0530 (India Standard Time)","859.80","874.10","859.80","871.90"
"Thu Aug 27 1998 00:00:00 GMT+0530 (India Standard Time)","872.10","889.70","872.10","877.40"
"Fri Aug 28 1998 00:00:00 GMT+0530 (India Standard Time)","877.10","877.10","847.10","849.80"
"Mon Aug 31 1998 00:00:00 GMT+0530 (India Standard Time)","850.30","858.60","841.10","852.80"
"Tue Sep 01 1998 00:00:00 GMT+0530 (India Standard Time)","852.70","852.70","832.00","834.50"
"Wed Sep 02 1998 00:00:00 GMT+0530 (India Standard Time)","834.50","847.90","834.50","842.50"
"Thu Sep 03 1998 00:00:00 GMT+0530 (India Standard Time)","842.30","852.00","838.70","846.40"
"Fri Sep 04 1998 00:00:00 GMT+0530 (India Standard Time)","846.90","868.00","846.90","866.50"
"Mon Sep 07 1998 00:00:00 GMT+0530 (India Standard Time)","866.90","889.40","866.90","887.10"
"Tue Sep 08 1998 00:00:00 GMT+0530 (India Standard Time)","887.20","902.00","882.60","899.90"
"Wed Sep 09 1998 00:00:00 GMT+0530 (India Standard Time)","900.20","916.80","900.20","903.60"
"Thu Sep 10 1998 00:00:00 GMT+0530 (India Standard Time)","903.10","913.20","897.30","907.40"
"Fri Sep 11 1998 00:00:00 GMT+0530 (India Standard Time)","907.10","907.10","893.30","899.70"
"Mon Sep 14 1998 00:00:00 GMT+0530 (India Standard Time)","900.20","921.60","900.20","920.50"
"Tue Sep 15 1998 00:00:00 GMT+0530 (India Standard Time)","920.10","923.20","915.60","920.80"
"Wed Sep 16 1998 00:00:00 GMT+0530 (India Standard Time)","921.40","926.50","912.60","914.50"
"Thu Sep 17 1998 00:00:00 GMT+0530 (India Standard Time)","914.40","919.90","908.50","910.10"
"Fri Sep 18 1998 00:00:00 GMT+0530 (India Standard Time)","910.00","910.00","899.90","901.60"
"Mon Sep 21 1998 00:00:00 GMT+0530 (India Standard Time)","902.10","908.00","895.80","897.70"
"Tue Sep 22 1998 00:00:00 GMT+0530 (India Standard Time)","897.80","900.80","891.40","897.20"
"Wed Sep 23 1998 00:00:00 GMT+0530 (India Standard Time)","897.90","910.70","897.90","907.70"
"Thu Sep 24 1998 00:00:00 GMT+0530 (India Standard Time)","908.20","936.50","908.20","934.80"
"Fri Sep 25 1998 00:00:00 GMT+0530 (India Standard Time)","935.30","945.20","933.00","934.90"
"Mon Sep 28 1998 00:00:00 GMT+0530 (India Standard Time)","935.60","941.40","926.00","927.90"
"Tue Sep 29 1998 00:00:00 GMT+0530 (India Standard Time)","928.30","932.50","902.40","908.40"
"Wed Sep 30 1998 00:00:00 GMT+0530 (India Standard Time)","908.30","912.20","896.00","904.90"
"Mon Oct 05 1998 00:00:00 GMT+0530 (India Standard Time)","904.70","904.70","839.30","840.70"
"Tue Oct 06 1998 00:00:00 GMT+0530 (India Standard Time)","839.90","848.20","820.10","845.70"
"Wed Oct 07 1998 00:00:00 GMT+0530 (India Standard Time)","846.10","875.70","846.00","874.20"
"Thu Oct 08 1998 00:00:00 GMT+0530 (India Standard Time)","874.60","885.20","845.10","847.90"
"Fri Oct 09 1998 00:00:00 GMT+0530 (India Standard Time)","847.90","861.50","842.10","849.10"
"Mon Oct 12 1998 00:00:00 GMT+0530 (India Standard Time)","849.70","860.90","832.10","835.80"
"Tue Oct 13 1998 00:00:00 GMT+0530 (India Standard Time)","835.40","835.70","810.00","816.70"
"Wed Oct 14 1998 00:00:00 GMT+0530 (India Standard Time)","816.50","846.70","816.50","843.50"
"Thu Oct 15 1998 00:00:00 GMT+0530 (India Standard Time)","843.60","845.90","832.10","835.60"
"Fri Oct 16 1998 00:00:00 GMT+0530 (India Standard Time)","836.20","844.70","829.20","839.50"
"Mon Oct 19 1998 00:00:00 GMT+0530 (India Standard Time)","839.70","840.00","830.10","831.20"
"Tue Oct 20 1998 00:00:00 GMT+0530 (India Standard Time)","831.10","831.40","803.30","808.70"
"Thu Oct 22 1998 00:00:00 GMT+0530 (India Standard Time)","809.30","825.20","805.70","811.60"
"Fri Oct 23 1998 00:00:00 GMT+0530 (India Standard Time)","811.80","820.30","804.70","817.30"
"Mon Oct 26 1998 00:00:00 GMT+0530 (India Standard Time)","817.60","854.10","817.60","845.20"
"Tue Oct 27 1998 00:00:00 GMT+0530 (India Standard Time)","845.40","848.20","835.70","841.60"
"Wed Oct 28 1998 00:00:00 GMT+0530 (India Standard Time)","842.80","857.70","831.50","833.80"
"Thu Oct 29 1998 00:00:00 GMT+0530 (India Standard Time)","833.50","834.00","818.90","832.20"
"Fri Oct 30 1998 00:00:00 GMT+0530 (India Standard Time)","832.60","839.20","826.80","828.80"
"Sat Oct 31 1998 00:00:00 GMT+0530 (India Standard Time)","828.20","828.20","819.80","824.00"
"Mon Nov 02 1998 00:00:00 GMT+0530 (India Standard Time)","824.20","829.10","812.30","823.20"
"Tue Nov 03 1998 00:00:00 GMT+0530 (India Standard Time)","823.20","825.30","818.60","820.90"
"Thu Nov 05 1998 00:00:00 GMT+0530 (India Standard Time)","821.30","830.40","821.30","829.10"
"Fri Nov 06 1998 00:00:00 GMT+0530 (India Standard Time)","829.20","842.10","829.20","840.80"
"Mon Nov 09 1998 00:00:00 GMT+0530 (India Standard Time)","841.30","870.50","841.30","864.60"
"Tue Nov 10 1998 00:00:00 GMT+0530 (India Standard Time)","864.80","871.60","859.70","868.70"
"Wed Nov 11 1998 00:00:00 GMT+0530 (India Standard Time)","869.40","882.10","866.60","868.80"
"Thu Nov 12 1998 00:00:00 GMT+0530 (India Standard Time)","868.40","874.20","857.20","871.70"
"Fri Nov 13 1998 00:00:00 GMT+0530 (India Standard Time)","871.70","877.20","865.00","867.20"
"Mon Nov 16 1998 00:00:00 GMT+0530 (India Standard Time)","866.50","866.50","854.30","855.30"
"Tue Nov 17 1998 00:00:00 GMT+0530 (India Standard Time)","855.40","861.60","854.50","860.00"
"Wed Nov 18 1998 00:00:00 GMT+0530 (India Standard Time)","862.90","876.10","862.90","875.00"
"Thu Nov 19 1998 00:00:00 GMT+0530 (India Standard Time)","875.70","878.80","864.30","865.10"
"Fri Nov 20 1998 00:00:00 GMT+0530 (India Standard Time)","865.10","867.70","855.30","857.90"
"Sat Nov 21 1998 00:00:00 GMT+0530 (India Standard Time)","857.80","857.90","853.90","857.40"
"Mon Nov 23 1998 00:00:00 GMT+0530 (India Standard Time)","856.40","856.40","844.80","847.50"
"Tue Nov 24 1998 00:00:00 GMT+0530 (India Standard Time)","850.00","851.50","840.70","841.70"
"Thu Nov 26 1998 00:00:00 GMT+0530 (India Standard Time)","838.80","843.50","821.40","824.40"
"Fri Nov 27 1998 00:00:00 GMT+0530 (India Standard Time)","823.30","824.60","810.30","812.40"
"Sat Nov 28 1998 00:00:00 GMT+0530 (India Standard Time)","812.70","817.40","804.30","810.80"
"Mon Nov 30 1998 00:00:00 GMT+0530 (India Standard Time)","808.60","817.70","800.10","817.70"
"Tue Dec 01 1998 00:00:00 GMT+0530 (India Standard Time)","816.50","820.80","812.20","816.60"
"Wed Dec 02 1998 00:00:00 GMT+0530 (India Standard Time)","820.30","826.00","817.30","821.10"
"Thu Dec 03 1998 00:00:00 GMT+0530 (India Standard Time)","821.30","822.50","814.50","817.00"
"Fri Dec 04 1998 00:00:00 GMT+0530 (India Standard Time)","816.10","828.30","813.10","828.30"
"Mon Dec 07 1998 00:00:00 GMT+0530 (India Standard Time)","829.70","846.00","828.20","845.10"
"Tue Dec 08 1998 00:00:00 GMT+0530 (India Standard Time)","844.90","853.80","840.50","853.00"
"Wed Dec 09 1998 00:00:00 GMT+0530 (India Standard Time)","855.90","864.70","855.10","856.50"
"Thu Dec 10 1998 00:00:00 GMT+0530 (India Standard Time)","858.60","865.80","858.50","864.40"
"Fri Dec 11 1998 00:00:00 GMT+0530 (India Standard Time)","867.10","874.20","865.70","870.00"
"Mon Dec 14 1998 00:00:00 GMT+0530 (India Standard Time)","871.60","874.70","861.90","863.60"
"Tue Dec 15 1998 00:00:00 GMT+0530 (India Standard Time)","861.00","861.10","844.50","845.00"
"Wed Dec 16 1998 00:00:00 GMT+0530 (India Standard Time)","844.60","851.50","836.80","851.50"
"Thu Dec 17 1998 00:00:00 GMT+0530 (India Standard Time)","835.40","845.10","827.90","830.20"
"Fri Dec 18 1998 00:00:00 GMT+0530 (India Standard Time)","830.30","838.80","827.30","835.20"
"Mon Dec 21 1998 00:00:00 GMT+0530 (India Standard Time)","845.60","859.50","845.20","859.30"
"Tue Dec 22 1998 00:00:00 GMT+0530 (India Standard Time)","864.50","864.90","851.30","857.30"
"Wed Dec 23 1998 00:00:00 GMT+0530 (India Standard Time)","866.20","874.60","858.70","858.70"
"Thu Dec 24 1998 00:00:00 GMT+0530 (India Standard Time)","856.30","863.50","854.70","861.10"
"Mon Dec 28 1998 00:00:00 GMT+0530 (India Standard Time)","869.70","882.70","866.20","879.80"
"Tue Dec 29 1998 00:00:00 GMT+0530 (India Standard Time)","876.90","881.20","867.80","872.60"
"Wed Dec 30 1998 00:00:00 GMT+0530 (India Standard Time)","887.40","903.80","887.00","899.90"
"Thu Dec 31 1998 00:00:00 GMT+0530 (India Standard Time)","900.50","902.90","884.20","884.20"
"Fri Jan 01 1999 00:00:00 GMT+0530 (India Standard Time)","886.70","892.20","882.60","890.80"
"Mon Jan 04 1999 00:00:00 GMT+0530 (India Standard Time)","896.40","905.40","895.70","897.80"
"Tue Jan 05 1999 00:00:00 GMT+0530 (India Standard Time)","901.00","907.20","893.10","907.20"
"Wed Jan 06 1999 00:00:00 GMT+0530 (India Standard Time)","923.30","930.50","915.60","928.20"
"Thu Jan 07 1999 00:00:00 GMT+0530 (India Standard Time)","932.90","961.10","932.90","954.70"
"Fri Jan 08 1999 00:00:00 GMT+0530 (India Standard Time)","969.90","990.00","966.40","990.00"
"Mon Jan 11 1999 00:00:00 GMT+0530 (India Standard Time)","1005.10","1016.30","985.60","985.60"
"Tue Jan 12 1999 00:00:00 GMT+0530 (India Standard Time)","976.70","985.50","953.90","964.40"
"Wed Jan 13 1999 00:00:00 GMT+0530 (India Standard Time)","980.30","986.20","958.00","961.20"
"Thu Jan 14 1999 00:00:00 GMT+0530 (India Standard Time)","948.00","968.40","944.50","954.70"
"Fri Jan 15 1999 00:00:00 GMT+0530 (India Standard Time)","961.70","967.80","932.20","934.30"
"Mon Jan 18 1999 00:00:00 GMT+0530 (India Standard Time)","938.60","945.00","922.80","944.90"
"Tue Jan 19 1999 00:00:00 GMT+0530 (India Standard Time)","944.10","948.00","923.20","924.10"
"Thu Jan 21 1999 00:00:00 GMT+0530 (India Standard Time)","935.10","967.20","932.80","967.20"
"Fri Jan 22 1999 00:00:00 GMT+0530 (India Standard Time)","976.60","980.40","955.10","957.00"
"Mon Jan 25 1999 00:00:00 GMT+0530 (India Standard Time)","954.30","956.60","935.00","949.80"
"Wed Jan 27 1999 00:00:00 GMT+0530 (India Standard Time)","968.50","985.20","967.60","971.30"
"Thu Jan 28 1999 00:00:00 GMT+0530 (India Standard Time)","971.20","976.70","954.20","955.10"
"Fri Jan 29 1999 00:00:00 GMT+0530 (India Standard Time)","956.80","966.30","952.70","966.20"
"Mon Feb 01 1999 00:00:00 GMT+0530 (India Standard Time)","962.40","968.00","940.10","940.10"
"Tue Feb 02 1999 00:00:00 GMT+0530 (India Standard Time)","940.10","945.10","924.90","931.20"
"Wed Feb 03 1999 00:00:00 GMT+0530 (India Standard Time)","948.00","955.50","940.70","952.40"
"Thu Feb 04 1999 00:00:00 GMT+0530 (India Standard Time)","957.10","958.80","937.50","939.70"
"Fri Feb 05 1999 00:00:00 GMT+0530 (India Standard Time)","939.60","943.70","930.10","936.30"
"Mon Feb 08 1999 00:00:00 GMT+0530 (India Standard Time)","937.70","940.90","916.50","916.50"
"Tue Feb 09 1999 00:00:00 GMT+0530 (India Standard Time)","914.70","924.70","907.40","924.70"
"Wed Feb 10 1999 00:00:00 GMT+0530 (India Standard Time)","938.80","959.60","935.20","959.40"
"Thu Feb 11 1999 00:00:00 GMT+0530 (India Standard Time)","966.80","973.70","958.10","960.00"
"Fri Feb 12 1999 00:00:00 GMT+0530 (India Standard Time)","965.70","972.70","962.30","970.20"
"Mon Feb 15 1999 00:00:00 GMT+0530 (India Standard Time)","974.10","976.80","954.50","954.50"
"Tue Feb 16 1999 00:00:00 GMT+0530 (India Standard Time)","952.50","960.20","951.50","958.90"
"Wed Feb 17 1999 00:00:00 GMT+0530 (India Standard Time)","970.10","978.70","953.10","969.00"
"Thu Feb 18 1999 00:00:00 GMT+0530 (India Standard Time)","974.10","989.10","968.70","973.40"
"Fri Feb 19 1999 00:00:00 GMT+0530 (India Standard Time)","979.40","985.40","975.80","976.30"
"Mon Feb 22 1999 00:00:00 GMT+0530 (India Standard Time)","978.50","978.80","953.60","953.80"
"Tue Feb 23 1999 00:00:00 GMT+0530 (India Standard Time)","949.30","952.60","938.60","949.60"
"Wed Feb 24 1999 00:00:00 GMT+0530 (India Standard Time)","959.80","961.40","947.90","957.60"
"Thu Feb 25 1999 00:00:00 GMT+0530 (India Standard Time)","954.70","962.60","951.90","954.30"
"Fri Feb 26 1999 00:00:00 GMT+0530 (India Standard Time)","955.40","955.70","938.20","941.20"
"Sat Feb 27 1999 00:00:00 GMT+0530 (India Standard Time)","947.30","981.50","932.20","981.30"
"Mon Mar 01 1999 00:00:00 GMT+0530 (India Standard Time)","992.40","1018.40","984.40","1015.80"
"Wed Mar 03 1999 00:00:00 GMT+0530 (India Standard Time)","1066.40","1073.00","1051.80","1051.80"
"Thu Mar 04 1999 00:00:00 GMT+0530 (India Standard Time)","1056.80","1060.50","1030.40","1041.20"
"Fri Mar 05 1999 00:00:00 GMT+0530 (India Standard Time)","1043.40","1061.40","1033.80","1054.40"
"Mon Mar 08 1999 00:00:00 GMT+0530 (India Standard Time)","1064.30","1080.30","1056.80","1072.00"
"Tue Mar 09 1999 00:00:00 GMT+0530 (India Standard Time)","1074.20","1084.60","1071.70","1078.30"
"Wed Mar 10 1999 00:00:00 GMT+0530 (India Standard Time)","1099.10","1099.80","1062.70","1078.80"
"Thu Mar 11 1999 00:00:00 GMT+0530 (India Standard Time)","1080.10","1085.40","1059.50","1059.50"
"Fri Mar 12 1999 00:00:00 GMT+0530 (India Standard Time)","1066.80","1074.10","1057.00","1072.60"
"Mon Mar 15 1999 00:00:00 GMT+0530 (India Standard Time)","1073.10","1082.50","1063.40","1073.90"
"Tue Mar 16 1999 00:00:00 GMT+0530 (India Standard Time)","1068.80","1075.70","1052.90","1053.10"
"Wed Mar 17 1999 00:00:00 GMT+0530 (India Standard Time)","1078.20","1088.50","1057.70","1060.60"
"Thu Mar 18 1999 00:00:00 GMT+0530 (India Standard Time)","1061.40","1074.50","1058.20","1074.50"
"Fri Mar 19 1999 00:00:00 GMT+0530 (India Standard Time)","1080.70","1083.10","1056.40","1062.90"
"Sat Mar 20 1999 00:00:00 GMT+0530 (India Standard Time)","1063.10","1063.60","1053.50","1060.30"
"Mon Mar 22 1999 00:00:00 GMT+0530 (India Standard Time)","1052.50","1066.50","1044.00","1063.00"
"Tue Mar 23 1999 00:00:00 GMT+0530 (India Standard Time)","1063.90","1079.80","1063.90","1072.90"
"Wed Mar 24 1999 00:00:00 GMT+0530 (India Standard Time)","1091.10","1091.90","1047.00","1062.80"
"Thu Mar 25 1999 00:00:00 GMT+0530 (India Standard Time)","1057.90","1068.10","1053.30","1054.90"
"Fri Mar 26 1999 00:00:00 GMT+0530 (India Standard Time)","1054.90","1057.80","1033.00","1041.20"
"Tue Mar 30 1999 00:00:00 GMT+0530 (India Standard Time)","1036.00","1054.60","1028.40","1054.50"
"Wed Mar 31 1999 00:00:00 GMT+0530 (India Standard Time)","1076.90","1090.40","1073.60","1078.00"
"Thu Apr 01 1999 00:00:00 GMT+0530 (India Standard Time)","1082.50","1084.00","1062.40","1063.40"
"Mon Apr 05 1999 00:00:00 GMT+0530 (India Standard Time)","1030.60","1036.40","1008.30","1011.40"
"Tue Apr 06 1999 00:00:00 GMT+0530 (India Standard Time)","999.80","1025.90","993.00","1024.20"
"Wed Apr 07 1999 00:00:00 GMT+0530 (India Standard Time)","1027.30","1043.40","1027.00","1031.00"
"Thu Apr 08 1999 00:00:00 GMT+0530 (India Standard Time)","1033.00","1036.90","1015.30","1020.30"
"Fri Apr 09 1999 00:00:00 GMT+0530 (India Standard Time)","1021.50","1022.10","989.70","993.40"
"Mon Apr 12 1999 00:00:00 GMT+0530 (India Standard Time)","984.50","999.60","972.70","998.20"
"Tue Apr 13 1999 00:00:00 GMT+0530 (India Standard Time)","991.00","1006.10","989.90","994.20"
"Thu Apr 15 1999 00:00:00 GMT+0530 (India Standard Time)","968.40","980.60","964.30","968.60"
"Fri Apr 16 1999 00:00:00 GMT+0530 (India Standard Time)","970.90","1044.80","965.10","1044.40"
"Sat Apr 17 1999 00:00:00 GMT+0530 (India Standard Time)","1065.50","1069.50","961.40","966.90"
"Mon Apr 19 1999 00:00:00 GMT+0530 (India Standard Time)","961.30","1000.60","955.70","993.90"
"Tue Apr 20 1999 00:00:00 GMT+0530 (India Standard Time)","995.60","1003.70","983.70","995.40"
"Wed Apr 21 1999 00:00:00 GMT+0530 (India Standard Time)","997.30","1003.40","990.90","996.60"
"Thu Apr 22 1999 00:00:00 GMT+0530 (India Standard Time)","999.50","1012.00","971.90","981.60"
"Fri Apr 23 1999 00:00:00 GMT+0530 (India Standard Time)","987.00","994.30","968.10","982.00"
"Mon Apr 26 1999 00:00:00 GMT+0530 (India Standard Time)","945.90","955.50","931.30","931.30"
"Wed Apr 28 1999 00:00:00 GMT+0530 (India Standard Time)","928.80","944.40","916.00","943.50"
"Thu Apr 29 1999 00:00:00 GMT+0530 (India Standard Time)","950.20","966.60","948.40","966.60"
"Fri Apr 30 1999 00:00:00 GMT+0530 (India Standard Time)","970.90","980.70","969.60","978.20"
"Mon May 03 1999 00:00:00 GMT+0530 (India Standard Time)","979.80","986.40","968.20","970.70"
"Tue May 04 1999 00:00:00 GMT+0530 (India Standard Time)","971.90","1008.30","971.80","1008.30"
"Wed May 05 1999 00:00:00 GMT+0530 (India Standard Time)","1014.60","1034.50","1004.90","1019.50"
"Thu May 06 1999 00:00:00 GMT+0530 (India Standard Time)","1024.90","1048.00","1023.90","1046.90"
"Fri May 07 1999 00:00:00 GMT+0530 (India Standard Time)","1065.40","1080.70","1059.00","1062.90"
"Mon May 10 1999 00:00:00 GMT+0530 (India Standard Time)","1070.70","1094.20","1070.30","1094.20"
"Tue May 11 1999 00:00:00 GMT+0530 (India Standard Time)","1102.20","1121.90","1100.50","1116.00"
"Wed May 12 1999 00:00:00 GMT+0530 (India Standard Time)","1135.40","1142.00","1086.70","1110.90"
"Thu May 13 1999 00:00:00 GMT+0530 (India Standard Time)","1131.90","1149.50","1130.80","1148.00"
"Fri May 14 1999 00:00:00 GMT+0530 (India Standard Time)","1157.50","1173.50","1144.90","1165.30"
"Mon May 17 1999 00:00:00 GMT+0530 (India Standard Time)","1164.40","1171.00","1120.70","1151.90"
"Tue May 18 1999 00:00:00 GMT+0530 (India Standard Time)","1155.70","1176.30","1153.40","1160.10"
"Wed May 19 1999 00:00:00 GMT+0530 (India Standard Time)","1169.50","1189.20","1161.50","1180.20"
"Thu May 20 1999 00:00:00 GMT+0530 (India Standard Time)","1181.00","1201.30","1166.90","1166.90"
"Fri May 21 1999 00:00:00 GMT+0530 (India Standard Time)","1176.90","1177.00","1139.00","1145.80"
"Mon May 24 1999 00:00:00 GMT+0530 (India Standard Time)","1147.40","1154.50","1132.50","1151.50"
"Tue May 25 1999 00:00:00 GMT+0530 (India Standard Time)","1148.00","1164.20","1147.40","1160.20"
"Wed May 26 1999 00:00:00 GMT+0530 (India Standard Time)","1165.10","1170.00","1122.50","1135.50"
"Thu May 27 1999 00:00:00 GMT+0530 (India Standard Time)","1132.80","1147.90","1091.40","1091.40"
"Fri May 28 1999 00:00:00 GMT+0530 (India Standard Time)","1088.00","1098.20","1049.90","1081.50"
"Mon May 31 1999 00:00:00 GMT+0530 (India Standard Time)","1098.00","1132.80","1097.80","1132.30"
"Tue Jun 01 1999 00:00:00 GMT+0530 (India Standard Time)","1125.50","1139.80","1113.00","1123.80"
"Wed Jun 02 1999 00:00:00 GMT+0530 (India Standard Time)","1120.60","1127.60","1107.20","1125.10"
"Thu Jun 03 1999 00:00:00 GMT+0530 (India Standard Time)","1129.90","1141.00","1127.30","1136.60"
"Fri Jun 04 1999 00:00:00 GMT+0530 (India Standard Time)","1150.00","1162.00","1149.00","1155.00"
"Mon Jun 07 1999 00:00:00 GMT+0530 (India Standard Time)","1159.50","1164.10","1150.20","1156.60"
"Tue Jun 08 1999 00:00:00 GMT+0530 (India Standard Time)","1145.90","1178.90","1138.00","1178.90"
"Wed Jun 09 1999 00:00:00 GMT+0530 (India Standard Time)","1180.00","1192.00","1159.20","1163.20"
"Thu Jun 10 1999 00:00:00 GMT+0530 (India Standard Time)","1163.70","1175.90","1159.50","1162.50"
"Fri Jun 11 1999 00:00:00 GMT+0530 (India Standard Time)","1161.80","1162.90","1140.20","1141.90"
"Mon Jun 14 1999 00:00:00 GMT+0530 (India Standard Time)","1140.70","1140.70","1099.80","1126.90"
"Tue Jun 15 1999 00:00:00 GMT+0530 (India Standard Time)","1127.40","1143.30","1113.30","1120.50"
"Wed Jun 16 1999 00:00:00 GMT+0530 (India Standard Time)","1120.30","1152.30","1109.70","1148.10"
"Thu Jun 17 1999 00:00:00 GMT+0530 (India Standard Time)","1148.90","1181.90","1148.90","1176.30"
"Fri Jun 18 1999 00:00:00 GMT+0530 (India Standard Time)","1177.10","1189.20","1172.20","1175.10"
"Mon Jun 21 1999 00:00:00 GMT+0530 (India Standard Time)","1175.30","1203.30","1175.30","1202.30"
"Tue Jun 22 1999 00:00:00 GMT+0530 (India Standard Time)","1202.90","1219.40","1201.20","1214.30"
"Wed Jun 23 1999 00:00:00 GMT+0530 (India Standard Time)","1215.90","1228.50","1188.60","1193.10"
"Thu Jun 24 1999 00:00:00 GMT+0530 (India Standard Time)","1192.50","1193.00","1171.30","1181.30"
"Fri Jun 25 1999 00:00:00 GMT+0530 (India Standard Time)","1181.50","1197.00","1174.20","1177.00"
"Mon Jun 28 1999 00:00:00 GMT+0530 (India Standard Time)","1177.00","1194.90","1177.00","1192.20"
"Tue Jun 29 1999 00:00:00 GMT+0530 (India Standard Time)","1192.20","1198.70","1185.30","1191.30"
"Wed Jun 30 1999 00:00:00 GMT+0530 (India Standard Time)","1191.40","1193.90","1179.60","1187.70"
"Thu Jul 01 1999 00:00:00 GMT+0530 (India Standard Time)","1187.80","1197.00","1179.30","1183.20"
"Fri Jul 02 1999 00:00:00 GMT+0530 (India Standard Time)","1183.60","1204.10","1183.60","1197.80"
"Mon Jul 05 1999 00:00:00 GMT+0530 (India Standard Time)","1197.90","1232.40","1197.90","1230.20"
"Tue Jul 06 1999 00:00:00 GMT+0530 (India Standard Time)","1230.30","1246.40","1230.30","1241.20"
"Wed Jul 07 1999 00:00:00 GMT+0530 (India Standard Time)","1241.60","1255.70","1238.10","1243.70"
"Thu Jul 08 1999 00:00:00 GMT+0530 (India Standard Time)","1243.90","1251.10","1238.40","1244.00"
"Fri Jul 09 1999 00:00:00 GMT+0530 (India Standard Time)","1244.40","1260.70","1244.40","1254.00"
"Mon Jul 12 1999 00:00:00 GMT+0530 (India Standard Time)","1254.00","1318.00","1254.00","1315.30"
"Tue Jul 13 1999 00:00:00 GMT+0530 (India Standard Time)","1315.70","1338.10","1315.70","1321.40"
"Wed Jul 14 1999 00:00:00 GMT+0530 (India Standard Time)","1322.90","1341.10","1306.20","1335.10"
"Thu Jul 15 1999 00:00:00 GMT+0530 (India Standard Time)","1335.50","1367.90","1310.40","1317.70"
"Fri Jul 16 1999 00:00:00 GMT+0530 (India Standard Time)","1318.30","1331.70","1312.30","1324.20"
"Mon Jul 19 1999 00:00:00 GMT+0530 (India Standard Time)","1325.30","1357.80","1325.30","1349.60"
"Tue Jul 20 1999 00:00:00 GMT+0530 (India Standard Time)","1349.60","1350.30","1310.80","1314.70"
"Wed Jul 21 1999 00:00:00 GMT+0530 (India Standard Time)","1314.80","1346.60","1302.80","1340.10"
"Thu Jul 22 1999 00:00:00 GMT+0530 (India Standard Time)","1339.00","1358.20","1337.50","1349.20"
"Fri Jul 23 1999 00:00:00 GMT+0530 (India Standard Time)","1350.00","1367.30","1339.60","1342.90"
"Mon Jul 26 1999 00:00:00 GMT+0530 (India Standard Time)","1342.60","1342.60","1314.80","1326.10"
"Tue Jul 27 1999 00:00:00 GMT+0530 (India Standard Time)","1325.40","1327.00","1304.40","1309.80"
"Wed Jul 28 1999 00:00:00 GMT+0530 (India Standard Time)","1309.70","1337.00","1309.70","1320.10"
"Thu Jul 29 1999 00:00:00 GMT+0530 (India Standard Time)","1320.70","1329.70","1312.50","1325.70"
"Fri Jul 30 1999 00:00:00 GMT+0530 (India Standard Time)","1325.50","1325.50","1302.50","1310.10"
"Mon Aug 02 1999 00:00:00 GMT+0530 (India Standard Time)","1309.80","1310.80","1282.80","1289.50"
"Tue Aug 03 1999 00:00:00 GMT+0530 (India Standard Time)","1289.20","1290.80","1277.80","1285.00"
"Wed Aug 04 1999 00:00:00 GMT+0530 (India Standard Time)","1285.90","1329.30","1285.90","1326.40"
"Thu Aug 05 1999 00:00:00 GMT+0530 (India Standard Time)","1326.70","1345.80","1317.50","1323.30"
"Fri Aug 06 1999 00:00:00 GMT+0530 (India Standard Time)","1323.10","1326.00","1315.10","1316.80"
"Mon Aug 09 1999 00:00:00 GMT+0530 (India Standard Time)","1316.90","1332.90","1312.80","1327.70"
"Tue Aug 10 1999 00:00:00 GMT+0530 (India Standard Time)","1328.10","1328.40","1305.80","1309.70"
"Wed Aug 11 1999 00:00:00 GMT+0530 (India Standard Time)","1308.70","1328.20","1295.20","1315.30"
"Thu Aug 12 1999 00:00:00 GMT+0530 (India Standard Time)","1315.90","1321.50","1308.00","1309.50"
"Fri Aug 13 1999 00:00:00 GMT+0530 (India Standard Time)","1309.70","1317.10","1290.30","1291.80"
"Mon Aug 16 1999 00:00:00 GMT+0530 (India Standard Time)","1292.30","1314.10","1292.30","1309.90"
"Tue Aug 17 1999 00:00:00 GMT+0530 (India Standard Time)","1310.30","1327.90","1310.30","1322.70"
"Wed Aug 18 1999 00:00:00 GMT+0530 (India Standard Time)","1326.00","1371.90","1326.00","1363.30"
"Thu Aug 19 1999 00:00:00 GMT+0530 (India Standard Time)","1363.50","1375.40","1341.50","1345.00"
"Fri Aug 20 1999 00:00:00 GMT+0530 (India Standard Time)","1345.60","1350.30","1332.40","1347.30"
"Mon Aug 23 1999 00:00:00 GMT+0530 (India Standard Time)","1347.70","1375.90","1347.70","1369.70"
"Tue Aug 24 1999 00:00:00 GMT+0530 (India Standard Time)","1370.00","1385.60","1369.90","1382.60"
"Wed Aug 25 1999 00:00:00 GMT+0530 (India Standard Time)","1383.40","1414.00","1341.30","1371.60"
"Thu Aug 26 1999 00:00:00 GMT+0530 (India Standard Time)","1371.90","1408.10","1371.90","1402.50"
"Fri Aug 27 1999 00:00:00 GMT+0530 (India Standard Time)","1402.60","1425.20","1402.60","1417.50"
"Mon Aug 30 1999 00:00:00 GMT+0530 (India Standard Time)","1417.80","1435.50","1417.80","1422.60"
"Tue Aug 31 1999 00:00:00 GMT+0530 (India Standard Time)","1422.60","1424.00","1409.50","1412.00"
"Wed Sep 01 1999 00:00:00 GMT+0530 (India Standard Time)","1412.00","1430.80","1397.70","1410.70"
"Thu Sep 02 1999 00:00:00 GMT+0530 (India Standard Time)","1410.00","1410.00","1372.50","1375.80"
"Fri Sep 03 1999 00:00:00 GMT+0530 (India Standard Time)","1375.70","1384.20","1370.90","1374.90"
"Mon Sep 06 1999 00:00:00 GMT+0530 (India Standard Time)","1375.40","1392.00","1372.50","1390.20"
"Tue Sep 07 1999 00:00:00 GMT+0530 (India Standard Time)","1391.20","1403.70","1378.90","1383.20"
"Wed Sep 08 1999 00:00:00 GMT+0530 (India Standard Time)","1385.50","1413.40","1385.50","1399.50"
"Thu Sep 09 1999 00:00:00 GMT+0530 (India Standard Time)","1400.10","1402.20","1388.60","1396.90"
"Fri Sep 10 1999 00:00:00 GMT+0530 (India Standard Time)","1397.10","1398.60","1388.80","1391.10"
"Tue Sep 14 1999 00:00:00 GMT+0530 (India Standard Time)","1391.90","1397.40","1366.20","1370.50"
"Wed Sep 15 1999 00:00:00 GMT+0530 (India Standard Time)","1371.00","1392.30","1371.00","1374.70"
"Thu Sep 16 1999 00:00:00 GMT+0530 (India Standard Time)","1374.40","1375.30","1347.30","1351.20"
"Fri Sep 17 1999 00:00:00 GMT+0530 (India Standard Time)","1350.30","1364.00","1329.70","1359.70"
"Mon Sep 20 1999 00:00:00 GMT+0530 (India Standard Time)","1359.80","1379.00","1356.30","1357.80"
"Tue Sep 21 1999 00:00:00 GMT+0530 (India Standard Time)","1358.40","1367.70","1348.60","1350.60"
"Wed Sep 22 1999 00:00:00 GMT+0530 (India Standard Time)","1350.70","1400.00","1350.70","1386.40"
"Thu Sep 23 1999 00:00:00 GMT+0530 (India Standard Time)","1387.90","1403.50","1387.40","1398.00"
"Fri Sep 24 1999 00:00:00 GMT+0530 (India Standard Time)","1397.40","1427.70","1396.70","1412.20"
"Mon Sep 27 1999 00:00:00 GMT+0530 (India Standard Time)","1413.80","1427.10","1387.00","1389.50"
"Tue Sep 28 1999 00:00:00 GMT+0530 (India Standard Time)","1389.20","1389.40","1363.40","1379.10"
"Wed Sep 29 1999 00:00:00 GMT+0530 (India Standard Time)","1380.70","1429.00","1380.30","1415.30"
"Thu Sep 30 1999 00:00:00 GMT+0530 (India Standard Time)","1415.50","1432.50","1409.50","1413.10"
"Fri Oct 01 1999 00:00:00 GMT+0530 (India Standard Time)","1414.60","1419.10","1389.00","1403.20"
"Mon Oct 04 1999 00:00:00 GMT+0530 (India Standard Time)","1403.40","1406.30","1367.80","1372.30"
"Tue Oct 05 1999 00:00:00 GMT+0530 (India Standard Time)","1372.40","1384.30","1358.90","1378.10"
"Wed Oct 06 1999 00:00:00 GMT+0530 (India Standard Time)","1377.60","1419.70","1377.10","1392.70"
"Thu Oct 07 1999 00:00:00 GMT+0530 (India Standard Time)","1394.30","1475.40","1394.30","1469.70"
"Fri Oct 08 1999 00:00:00 GMT+0530 (India Standard Time)","1470.00","1502.60","1462.70","1479.20"
"Mon Oct 11 1999 00:00:00 GMT+0530 (India Standard Time)","1480.80","1504.50","1479.10","1484.00"
"Tue Oct 12 1999 00:00:00 GMT+0530 (India Standard Time)","1484.40","1493.10","1472.30","1483.80"
"Wed Oct 13 1999 00:00:00 GMT+0530 (India Standard Time)","1485.40","1510.50","1466.00","1496.30"
"Thu Oct 14 1999 00:00:00 GMT+0530 (India Standard Time)","1497.30","1522.80","1496.60","1505.20"
"Fri Oct 15 1999 00:00:00 GMT+0530 (India Standard Time)","1505.70","1512.00","1448.90","1454.50"
"Mon Oct 18 1999 00:00:00 GMT+0530 (India Standard Time)","1454.90","1461.40","1426.10","1444.00"
"Wed Oct 20 1999 00:00:00 GMT+0530 (India Standard Time)","1446.20","1498.70","1446.20","1477.60"
"Thu Oct 21 1999 00:00:00 GMT+0530 (India Standard Time)","1478.00","1496.40","1448.30","1453.30"
"Fri Oct 22 1999 00:00:00 GMT+0530 (India Standard Time)","1452.60","1452.60","1421.40","1430.20"
"Sat Oct 23 1999 00:00:00 GMT+0530 (India Standard Time)","1430.70","1451.80","1429.10","1449.80"
"Mon Oct 25 1999 00:00:00 GMT+0530 (India Standard Time)","1449.80","1457.20","1410.80","1426.20"
"Tue Oct 26 1999 00:00:00 GMT+0530 (India Standard Time)","1426.60","1431.50","1410.90","1414.30"
"Wed Oct 27 1999 00:00:00 GMT+0530 (India Standard Time)","1419.10","1440.70","1400.70","1411.40"
"Thu Oct 28 1999 00:00:00 GMT+0530 (India Standard Time)","1411.20","1411.40","1361.00","1367.70"
"Fri Oct 29 1999 00:00:00 GMT+0530 (India Standard Time)","1367.90","1370.80","1296.70","1325.40"
"Mon Nov 01 1999 00:00:00 GMT+0530 (India Standard Time)","1325.90","1332.70","1260.80","1270.00"
"Tue Nov 02 1999 00:00:00 GMT+0530 (India Standard Time)","1269.30","1335.60","1239.80","1332.20"
"Wed Nov 03 1999 00:00:00 GMT+0530 (India Standard Time)","1332.70","1353.50","1303.20","1326.40"
"Thu Nov 04 1999 00:00:00 GMT+0530 (India Standard Time)","1326.80","1339.70","1313.60","1336.80"
"Fri Nov 05 1999 00:00:00 GMT+0530 (India Standard Time)","1336.70","1369.60","1336.50","1364.50"
"Sun Nov 07 1999 00:00:00 GMT+0530 (India Standard Time)","1364.70","1382.20","1364.70","1369.60"
"Tue Nov 09 1999 00:00:00 GMT+0530 (India Standard Time)","1370.50","1374.80","1345.20","1371.20"
"Wed Nov 10 1999 00:00:00 GMT+0530 (India Standard Time)","1371.60","1392.50","1371.60","1389.10"
"Thu Nov 11 1999 00:00:00 GMT+0530 (India Standard Time)","1389.20","1402.70","1382.30","1389.60"
"Fri Nov 12 1999 00:00:00 GMT+0530 (India Standard Time)","1389.20","1389.40","1368.80","1373.50"
"Mon Nov 15 1999 00:00:00 GMT+0530 (India Standard Time)","1372.70","1381.10","1358.10","1362.70"
"Tue Nov 16 1999 00:00:00 GMT+0530 (India Standard Time)","1362.30","1362.30","1351.40","1357.70"
"Wed Nov 17 1999 00:00:00 GMT+0530 (India Standard Time)","1367.60","1381.50","1352.20","1352.20"
"Thu Nov 18 1999 00:00:00 GMT+0530 (India Standard Time)","1353.40","1366.20","1342.20","1364.20"
"Fri Nov 19 1999 00:00:00 GMT+0530 (India Standard Time)","1365.20","1381.00","1360.00","1361.80"
"Mon Nov 22 1999 00:00:00 GMT+0530 (India Standard Time)","1362.40","1378.10","1358.20","1375.20"
"Wed Nov 24 1999 00:00:00 GMT+0530 (India Standard Time)","1376.50","1404.00","1376.50","1394.90"
"Thu Nov 25 1999 00:00:00 GMT+0530 (India Standard Time)","1395.80","1417.60","1395.80","1408.60"
"Fri Nov 26 1999 00:00:00 GMT+0530 (India Standard Time)","1409.30","1418.10","1395.50","1399.60"
"Mon Nov 29 1999 00:00:00 GMT+0530 (India Standard Time)","1399.80","1401.20","1382.20","1384.60"
"Tue Nov 30 1999 00:00:00 GMT+0530 (India Standard Time)","1384.90","1386.70","1370.50","1376.10"
"Wed Dec 01 1999 00:00:00 GMT+0530 (India Standard Time)","1375.00","1401.10","1374.70","1388.70"
"Thu Dec 02 1999 00:00:00 GMT+0530 (India Standard Time)","1388.20","1420.70","1387.20","1408.80"
"Fri Dec 03 1999 00:00:00 GMT+0530 (India Standard Time)","1409.00","1436.60","1409.00","1418.00"
"Mon Dec 06 1999 00:00:00 GMT+0530 (India Standard Time)","1418.30","1445.60","1418.30","1442.80"
"Tue Dec 07 1999 00:00:00 GMT+0530 (India Standard Time)","1443.20","1455.40","1439.60","1445.10"
"Wed Dec 08 1999 00:00:00 GMT+0530 (India Standard Time)","1451.10","1486.10","1420.90","1438.60"
"Thu Dec 09 1999 00:00:00 GMT+0530 (India Standard Time)","1437.10","1451.50","1428.00","1447.50"
"Fri Dec 10 1999 00:00:00 GMT+0530 (India Standard Time)","1448.00","1462.60","1437.00","1439.70"
"Mon Dec 13 1999 00:00:00 GMT+0530 (India Standard Time)","1440.20","1444.90","1421.80","1427.60"
"Tue Dec 14 1999 00:00:00 GMT+0530 (India Standard Time)","1427.90","1431.20","1391.10","1398.20"
"Wed Dec 15 1999 00:00:00 GMT+0530 (India Standard Time)","1396.60","1410.80","1376.70","1401.40"
"Thu Dec 16 1999 00:00:00 GMT+0530 (India Standard Time)","1404.00","1428.50","1402.70","1419.70"
"Fri Dec 17 1999 00:00:00 GMT+0530 (India Standard Time)","1420.10","1439.20","1414.10","1419.30"
"Mon Dec 20 1999 00:00:00 GMT+0530 (India Standard Time)","1419.40","1435.50","1418.70","1422.40"
"Tue Dec 21 1999 00:00:00 GMT+0530 (India Standard Time)","1422.60","1437.60","1413.80","1421.70"
"Wed Dec 22 1999 00:00:00 GMT+0530 (India Standard Time)","1429.10","1486.90","1429.10","1481.70"
"Thu Dec 23 1999 00:00:00 GMT+0530 (India Standard Time)","1481.60","1510.80","1481.60","1488.30"
"Fri Dec 24 1999 00:00:00 GMT+0530 (India Standard Time)","1488.00","1489.90","1453.30","1459.00"
"Mon Dec 27 1999 00:00:00 GMT+0530 (India Standard Time)","1459.60","1460.50","1427.70","1432.10"
"Tue Dec 28 1999 00:00:00 GMT+0530 (India Standard Time)","1427.40","1451.30","1418.80","1442.20"
"Wed Dec 29 1999 00:00:00 GMT+0530 (India Standard Time)","1443.90","1483.40","1443.90","1476.30"
"Thu Dec 30 1999 00:00:00 GMT+0530 (India Standard Time)","1489.20","1504.90","1476.70","1480.40"
"Mon Jan 03 2000 00:00:00 GMT+0530 (India Standard Time)","1482.10","1592.90","1482.10","1592.20"
"Tue Jan 04 2000 00:00:00 GMT+0530 (India Standard Time)","1594.40","1641.90","1594.40","1638.70"
"Wed Jan 05 2000 00:00:00 GMT+0530 (India Standard Time)","1634.50","1635.50","1555.00","1595.80"
"Thu Jan 06 2000 00:00:00 GMT+0530 (India Standard Time)","1595.80","1639.00","1595.80","1617.60"
"Fri Jan 07 2000 00:00:00 GMT+0530 (India Standard Time)","1616.60","1628.20","1597.20","1613.30"
"Mon Jan 10 2000 00:00:00 GMT+0530 (India Standard Time)","1615.60","1662.10","1614.90","1632.90"
"Tue Jan 11 2000 00:00:00 GMT+0530 (India Standard Time)","1633.20","1639.90","1548.20","1572.50"
"Wed Jan 12 2000 00:00:00 GMT+0530 (India Standard Time)","1572.30","1631.50","1571.70","1624.80"
"Thu Jan 13 2000 00:00:00 GMT+0530 (India Standard Time)","1627.80","1671.10","1613.60","1621.40"
"Fri Jan 14 2000 00:00:00 GMT+0530 (India Standard Time)","1622.10","1627.40","1591.40","1622.70"
"Mon Jan 17 2000 00:00:00 GMT+0530 (India Standard Time)","1623.50","1668.40","1604.60","1611.60"
"Tue Jan 18 2000 00:00:00 GMT+0530 (India Standard Time)","1611.60","1615.10","1587.80","1606.70"
"Wed Jan 19 2000 00:00:00 GMT+0530 (India Standard Time)","1610.00","1644.40","1608.80","1634.80"
"Thu Jan 20 2000 00:00:00 GMT+0530 (India Standard Time)","1634.60","1644.40","1596.60","1601.10"
"Fri Jan 21 2000 00:00:00 GMT+0530 (India Standard Time)","1601.20","1626.50","1593.20","1620.60"
"Mon Jan 24 2000 00:00:00 GMT+0530 (India Standard Time)","1623.00","1645.00","1608.30","1613.60"
"Tue Jan 25 2000 00:00:00 GMT+0530 (India Standard Time)","1612.90","1613.60","1579.50","1586.40"
"Thu Jan 27 2000 00:00:00 GMT+0530 (India Standard Time)","1600.50","1633.50","1600.00","1603.90"
"Fri Jan 28 2000 00:00:00 GMT+0530 (India Standard Time)","1603.60","1610.90","1592.70","1599.10"
"Mon Jan 31 2000 00:00:00 GMT+0530 (India Standard Time)","1598.30","1598.30","1538.70","1546.20"
"Tue Feb 01 2000 00:00:00 GMT+0530 (India Standard Time)","1546.20","1554.10","1521.40","1549.50"
"Wed Feb 02 2000 00:00:00 GMT+0530 (India Standard Time)","1554.20","1605.90","1554.20","1588.00"
"Thu Feb 03 2000 00:00:00 GMT+0530 (India Standard Time)","1591.20","1616.70","1591.20","1597.90"
"Fri Feb 04 2000 00:00:00 GMT+0530 (India Standard Time)","1598.50","1621.30","1596.40","1599.70"
"Mon Feb 07 2000 00:00:00 GMT+0530 (India Standard Time)","1599.80","1645.90","1599.80","1636.60"
"Tue Feb 08 2000 00:00:00 GMT+0530 (India Standard Time)","1636.60","1676.10","1636.60","1662.70"
"Wed Feb 09 2000 00:00:00 GMT+0530 (India Standard Time)","1666.90","1731.60","1666.70","1689.60"
"Thu Feb 10 2000 00:00:00 GMT+0530 (India Standard Time)","1692.10","1713.70","1692.10","1711.20"
"Fri Feb 11 2000 00:00:00 GMT+0530 (India Standard Time)","1712.80","1771.60","1712.80","1756.00"
"Mon Feb 14 2000 00:00:00 GMT+0530 (India Standard Time)","1777.70","1795.40","1738.70","1744.50"
"Tue Feb 15 2000 00:00:00 GMT+0530 (India Standard Time)","1744.50","1744.50","1694.40","1702.50"
"Wed Feb 16 2000 00:00:00 GMT+0530 (India Standard Time)","1704.80","1742.80","1704.10","1711.10"
"Thu Feb 17 2000 00:00:00 GMT+0530 (India Standard Time)","1710.00","1753.10","1710.00","1742.10"
"Fri Feb 18 2000 00:00:00 GMT+0530 (India Standard Time)","1742.30","1764.10","1713.40","1717.80"
"Mon Feb 21 2000 00:00:00 GMT+0530 (India Standard Time)","1719.50","1767.80","1719.50","1753.50"
"Tue Feb 22 2000 00:00:00 GMT+0530 (India Standard Time)","1754.20","1781.00","1733.50","1739.00"
"Wed Feb 23 2000 00:00:00 GMT+0530 (India Standard Time)","1745.20","1818.10","1689.20","1696.40"
"Thu Feb 24 2000 00:00:00 GMT+0530 (India Standard Time)","1696.40","1751.60","1693.10","1732.00"
"Fri Feb 25 2000 00:00:00 GMT+0530 (India Standard Time)","1734.00","1757.00","1699.20","1710.40"
"Mon Feb 28 2000 00:00:00 GMT+0530 (India Standard Time)","1711.10","1726.60","1670.70","1722.50"
"Tue Feb 29 2000 00:00:00 GMT+0530 (India Standard Time)","1722.80","1783.30","1626.30","1654.80"
"Wed Mar 01 2000 00:00:00 GMT+0530 (India Standard Time)","1661.50","1727.90","1630.00","1712.70"
"Thu Mar 02 2000 00:00:00 GMT+0530 (India Standard Time)","1713.60","1773.80","1690.00","1696.50"
"Fri Mar 03 2000 00:00:00 GMT+0530 (India Standard Time)","1696.40","1719.10","1644.40","1656.00"
"Mon Mar 06 2000 00:00:00 GMT+0530 (India Standard Time)","1656.00","1721.00","1656.00","1688.50"
"Tue Mar 07 2000 00:00:00 GMT+0530 (India Standard Time)","1711.80","1730.80","1684.90","1702.70"
"Wed Mar 08 2000 00:00:00 GMT+0530 (India Standard Time)","1717.70","1765.20","1654.40","1666.30"
"Thu Mar 09 2000 00:00:00 GMT+0530 (India Standard Time)","1667.40","1692.20","1595.40","1646.20"
"Fri Mar 10 2000 00:00:00 GMT+0530 (India Standard Time)","1647.80","1680.40","1588.20","1602.70"
"Mon Mar 13 2000 00:00:00 GMT+0530 (India Standard Time)","1601.40","1645.00","1553.40","1560.70"
"Tue Mar 14 2000 00:00:00 GMT+0530 (India Standard Time)","1561.50","1571.30","1503.20","1567.00"
"Wed Mar 15 2000 00:00:00 GMT+0530 (India Standard Time)","1546.80","1630.90","1538.70","1620.10"
"Thu Mar 16 2000 00:00:00 GMT+0530 (India Standard Time)","1620.40","1621.20","1554.30","1562.20"
"Tue Mar 21 2000 00:00:00 GMT+0530 (India Standard Time)","1563.30","1585.20","1542.60","1556.60"
"Wed Mar 22 2000 00:00:00 GMT+0530 (India Standard Time)","1551.00","1604.00","1551.00","1589.60"
"Thu Mar 23 2000 00:00:00 GMT+0530 (India Standard Time)","1590.30","1629.20","1544.50","1553.40"
"Fri Mar 24 2000 00:00:00 GMT+0530 (India Standard Time)","1554.20","1579.40","1540.40","1569.50"
"Mon Mar 27 2000 00:00:00 GMT+0530 (India Standard Time)","1570.40","1593.30","1555.70","1562.90"
"Tue Mar 28 2000 00:00:00 GMT+0530 (India Standard Time)","1563.30","1575.80","1527.50","1568.60"
"Wed Mar 29 2000 00:00:00 GMT+0530 (India Standard Time)","1569.30","1609.40","1553.40","1558.20"
"Thu Mar 30 2000 00:00:00 GMT+0530 (India Standard Time)","1556.90","1557.80","1489.10","1549.50"
"Fri Mar 31 2000 00:00:00 GMT+0530 (India Standard Time)","1545.50","1545.50","1493.90","1528.40"
"Mon Apr 03 2000 00:00:00 GMT+0530 (India Standard Time)","1528.70","1555.50","1510.70","1534.70"
"Tue Apr 04 2000 00:00:00 GMT+0530 (India Standard Time)","1534.00","1534.00","1420.80","1428.10"
"Wed Apr 05 2000 00:00:00 GMT+0530 (India Standard Time)","1428.50","1467.40","1391.60","1434.60"
"Thu Apr 06 2000 00:00:00 GMT+0530 (India Standard Time)","1436.10","1475.20","1381.00","1452.90"
"Fri Apr 07 2000 00:00:00 GMT+0530 (India Standard Time)","1453.30","1558.00","1453.30","1557.10"
"Mon Apr 10 2000 00:00:00 GMT+0530 (India Standard Time)","1557.50","1636.90","1557.50","1613.00"
"Tue Apr 11 2000 00:00:00 GMT+0530 (India Standard Time)","1613.00","1631.60","1550.80","1624.60"
"Wed Apr 12 2000 00:00:00 GMT+0530 (India Standard Time)","1624.40","1628.50","1586.00","1592.70"
"Thu Apr 13 2000 00:00:00 GMT+0530 (India Standard Time)","1587.90","1587.90","1502.70","1518.60"
"Mon Apr 17 2000 00:00:00 GMT+0530 (India Standard Time)","1518.50","1518.50","1412.40","1443.50"
"Tue Apr 18 2000 00:00:00 GMT+0530 (India Standard Time)","1443.50","1478.80","1410.00","1414.80"
"Wed Apr 19 2000 00:00:00 GMT+0530 (India Standard Time)","1417.70","1469.00","1375.00","1404.90"
"Thu Apr 20 2000 00:00:00 GMT+0530 (India Standard Time)","1405.70","1425.50","1339.70","1415.60"
"Mon Apr 24 2000 00:00:00 GMT+0530 (India Standard Time)","1416.00","1431.80","1371.80","1388.00"
"Tue Apr 25 2000 00:00:00 GMT+0530 (India Standard Time)","1383.80","1383.80","1311.30","1359.40"
"Wed Apr 26 2000 00:00:00 GMT+0530 (India Standard Time)","1362.50","1439.00","1362.50","1436.10"
"Thu Apr 27 2000 00:00:00 GMT+0530 (India Standard Time)","1436.10","1455.80","1400.60","1416.90"
"Fri Apr 28 2000 00:00:00 GMT+0530 (India Standard Time)","1419.90","1438.00","1396.50","1406.50"
"Tue May 02 2000 00:00:00 GMT+0530 (India Standard Time)","1410.00","1421.50","1319.60","1333.40"
"Wed May 03 2000 00:00:00 GMT+0530 (India Standard Time)","1330.10","1342.10","1258.00","1316.00"
"Thu May 04 2000 00:00:00 GMT+0530 (India Standard Time)","1317.90","1385.10","1317.90","1380.50"
"Fri May 05 2000 00:00:00 GMT+0530 (India Standard Time)","1381.90","1428.60","1381.90","1422.40"
"Mon May 08 2000 00:00:00 GMT+0530 (India Standard Time)","1423.20","1436.60","1358.80","1365.00"
"Tue May 09 2000 00:00:00 GMT+0530 (India Standard Time)","1362.40","1385.70","1328.00","1378.50"
"Wed May 10 2000 00:00:00 GMT+0530 (India Standard Time)","1380.40","1391.30","1359.60","1363.10"
"Thu May 11 2000 00:00:00 GMT+0530 (India Standard Time)","1359.10","1359.10","1295.90","1304.50"
"Fri May 12 2000 00:00:00 GMT+0530 (India Standard Time)","1305.30","1326.30","1276.40","1282.80"
"Mon May 15 2000 00:00:00 GMT+0530 (India Standard Time)","1281.30","1311.70","1220.70","1299.20"
"Tue May 16 2000 00:00:00 GMT+0530 (India Standard Time)","1300.20","1310.40","1287.80","1306.80"
"Wed May 17 2000 00:00:00 GMT+0530 (India Standard Time)","1310.80","1347.70","1303.70","1311.60"
"Thu May 18 2000 00:00:00 GMT+0530 (India Standard Time)","1311.30","1316.20","1289.50","1293.40"
"Fri May 19 2000 00:00:00 GMT+0530 (India Standard Time)","1293.40","1293.40","1252.70","1268.00"
"Mon May 22 2000 00:00:00 GMT+0530 (India Standard Time)","1267.80","1267.80","1228.40","1233.00"
"Tue May 23 2000 00:00:00 GMT+0530 (India Standard Time)","1229.20","1230.90","1203.20","1224.40"
"Wed May 24 2000 00:00:00 GMT+0530 (India Standard Time)","1224.50","1246.20","1201.50","1235.90"
"Thu May 25 2000 00:00:00 GMT+0530 (India Standard Time)","1237.00","1269.80","1235.70","1247.60"
"Fri May 26 2000 00:00:00 GMT+0530 (India Standard Time)","1247.00","1278.70","1232.80","1275.30"
"Mon May 29 2000 00:00:00 GMT+0530 (India Standard Time)","1273.70","1317.70","1267.40","1311.00"
"Tue May 30 2000 00:00:00 GMT+0530 (India Standard Time)","1310.80","1347.30","1304.90","1344.80"
"Wed May 31 2000 00:00:00 GMT+0530 (India Standard Time)","1355.30","1410.70","1355.30","1380.40"
"Thu Jun 01 2000 00:00:00 GMT+0530 (India Standard Time)","1380.40","1380.40","1345.10","1349.00"
"Fri Jun 02 2000 00:00:00 GMT+0530 (India Standard Time)","1350.10","1395.30","1350.10","1389.20"
"Mon Jun 05 2000 00:00:00 GMT+0530 (India Standard Time)","1390.90","1461.00","1390.90","1404.60"
"Tue Jun 06 2000 00:00:00 GMT+0530 (India Standard Time)","1405.40","1426.10","1392.70","1421.70"
"Wed Jun 07 2000 00:00:00 GMT+0530 (India Standard Time)","1423.40","1442.70","1413.80","1430.30"
"Thu Jun 08 2000 00:00:00 GMT+0530 (India Standard Time)","1430.50","1468.70","1430.50","1463.60"
"Fri Jun 09 2000 00:00:00 GMT+0530 (India Standard Time)","1464.30","1485.50","1458.90","1467.20"
"Mon Jun 12 2000 00:00:00 GMT+0530 (India Standard Time)","1464.40","1477.50","1437.10","1440.40"
"Tue Jun 13 2000 00:00:00 GMT+0530 (India Standard Time)","1438.80","1438.80","1411.90","1432.90"
"Wed Jun 14 2000 00:00:00 GMT+0530 (India Standard Time)","1434.90","1459.10","1423.90","1435.50"
"Thu Jun 15 2000 00:00:00 GMT+0530 (India Standard Time)","1437.00","1452.80","1422.40","1445.20"
"Fri Jun 16 2000 00:00:00 GMT+0530 (India Standard Time)","1443.10","1480.80","1441.60","1477.30"
"Mon Jun 19 2000 00:00:00 GMT+0530 (India Standard Time)","1477.50","1510.40","1477.50","1498.70"
"Tue Jun 20 2000 00:00:00 GMT+0530 (India Standard Time)","1498.00","1518.00","1497.00","1507.10"
"Wed Jun 21 2000 00:00:00 GMT+0530 (India Standard Time)","1524.00","1539.10","1470.40","1475.10"
"Thu Jun 22 2000 00:00:00 GMT+0530 (India Standard Time)","1475.60","1491.40","1461.30","1488.20"
"Fri Jun 23 2000 00:00:00 GMT+0530 (India Standard Time)","1487.80","1499.80","1462.70","1472.20"
"Mon Jun 26 2000 00:00:00 GMT+0530 (India Standard Time)","1472.10","1472.10","1431.20","1451.60"
"Tue Jun 27 2000 00:00:00 GMT+0530 (India Standard Time)","1452.80","1467.10","1448.90","1454.30"
"Wed Jun 28 2000 00:00:00 GMT+0530 (India Standard Time)","1453.70","1474.70","1445.60","1470.00"
"Thu Jun 29 2000 00:00:00 GMT+0530 (India Standard Time)","1471.30","1505.70","1471.30","1492.30"
"Fri Jun 30 2000 00:00:00 GMT+0530 (India Standard Time)","1490.20","1490.60","1462.40","1471.40"
"Mon Jul 03 2000 00:00:00 GMT+0530 (India Standard Time)","1473.40","1498.70","1473.40","1495.20"
"Tue Jul 04 2000 00:00:00 GMT+0530 (India Standard Time)","1496.10","1516.80","1494.80","1511.30"
"Wed Jul 05 2000 00:00:00 GMT+0530 (India Standard Time)","1511.50","1530.90","1511.50","1526.00"
"Thu Jul 06 2000 00:00:00 GMT+0530 (India Standard Time)","1525.10","1525.10","1504.00","1516.80"
"Fri Jul 07 2000 00:00:00 GMT+0530 (India Standard Time)","1517.00","1528.10","1513.40","1517.60"
"Mon Jul 10 2000 00:00:00 GMT+0530 (India Standard Time)","1518.10","1523.20","1502.70","1509.60"
"Tue Jul 11 2000 00:00:00 GMT+0530 (India Standard Time)","1510.50","1523.10","1506.10","1518.50"
"Wed Jul 12 2000 00:00:00 GMT+0530 (India Standard Time)","1518.70","1537.10","1507.90","1533.30"
"Thu Jul 13 2000 00:00:00 GMT+0530 (India Standard Time)","1535.50","1564.70","1513.60","1522.60"
"Fri Jul 14 2000 00:00:00 GMT+0530 (India Standard Time)","1522.20","1534.30","1505.90","1509.70"
"Mon Jul 17 2000 00:00:00 GMT+0530 (India Standard Time)","1509.20","1512.20","1475.10","1479.60"
"Tue Jul 18 2000 00:00:00 GMT+0530 (India Standard Time)","1479.30","1482.90","1458.60","1463.10"
"Wed Jul 19 2000 00:00:00 GMT+0530 (India Standard Time)","1464.50","1468.50","1432.80","1435.80"
"Thu Jul 20 2000 00:00:00 GMT+0530 (India Standard Time)","1434.90","1443.20","1416.00","1424.20"
"Fri Jul 21 2000 00:00:00 GMT+0530 (India Standard Time)","1424.90","1435.20","1394.30","1397.20"
"Mon Jul 24 2000 00:00:00 GMT+0530 (India Standard Time)","1397.00","1397.00","1310.80","1317.70"
"Tue Jul 25 2000 00:00:00 GMT+0530 (India Standard Time)","1317.30","1363.40","1269.20","1348.90"
"Wed Jul 26 2000 00:00:00 GMT+0530 (India Standard Time)","1350.80","1371.80","1315.10","1318.20"
"Thu Jul 27 2000 00:00:00 GMT+0530 (India Standard Time)","1317.00","1342.70","1291.30","1338.00"
"Fri Jul 28 2000 00:00:00 GMT+0530 (India Standard Time)","1337.70","1359.40","1327.90","1333.80"
"Mon Jul 31 2000 00:00:00 GMT+0530 (India Standard Time)","1333.30","1343.60","1317.30","1332.80"
"Tue Aug 01 2000 00:00:00 GMT+0530 (India Standard Time)","1332.80","1344.50","1322.60","1326.80"
"Wed Aug 02 2000 00:00:00 GMT+0530 (India Standard Time)","1323.70","1333.80","1312.20","1331.90"
"Thu Aug 03 2000 00:00:00 GMT+0530 (India Standard Time)","1330.70","1339.40","1319.00","1321.20"
"Fri Aug 04 2000 00:00:00 GMT+0530 (India Standard Time)","1320.20","1333.10","1302.60","1318.50"
"Mon Aug 07 2000 00:00:00 GMT+0530 (India Standard Time)","1319.70","1321.70","1299.90","1310.80"
"Tue Aug 08 2000 00:00:00 GMT+0530 (India Standard Time)","1312.10","1348.20","1311.10","1345.60"
"Wed Aug 09 2000 00:00:00 GMT+0530 (India Standard Time)","1345.90","1363.90","1341.00","1344.90"
"Thu Aug 10 2000 00:00:00 GMT+0530 (India Standard Time)","1345.20","1360.40","1325.10","1328.00"
"Fri Aug 11 2000 00:00:00 GMT+0530 (India Standard Time)","1328.10","1328.10","1306.50","1310.70"
"Mon Aug 14 2000 00:00:00 GMT+0530 (India Standard Time)","1312.20","1321.50","1295.40","1317.90"
"Wed Aug 16 2000 00:00:00 GMT+0530 (India Standard Time)","1319.30","1354.90","1319.30","1351.40"
"Thu Aug 17 2000 00:00:00 GMT+0530 (India Standard Time)","1351.50","1363.00","1334.90","1341.40"
"Fri Aug 18 2000 00:00:00 GMT+0530 (India Standard Time)","1342.00","1360.60","1339.00","1358.00"
"Mon Aug 21 2000 00:00:00 GMT+0530 (India Standard Time)","1358.70","1374.50","1358.70","1370.20"
"Tue Aug 22 2000 00:00:00 GMT+0530 (India Standard Time)","1370.70","1394.90","1370.70","1381.20"
"Wed Aug 23 2000 00:00:00 GMT+0530 (India Standard Time)","1381.60","1398.90","1376.90","1386.00"
"Thu Aug 24 2000 00:00:00 GMT+0530 (India Standard Time)","1386.30","1390.40","1374.90","1386.90"
"Fri Aug 25 2000 00:00:00 GMT+0530 (India Standard Time)","1387.30","1396.10","1377.70","1381.20"
"Mon Aug 28 2000 00:00:00 GMT+0530 (India Standard Time)","1379.60","1383.40","1368.20","1369.80"
"Tue Aug 29 2000 00:00:00 GMT+0530 (India Standard Time)","1368.60","1373.50","1360.60","1367.70"
"Wed Aug 30 2000 00:00:00 GMT+0530 (India Standard Time)","1369.90","1384.80","1369.80","1375.90"
"Thu Aug 31 2000 00:00:00 GMT+0530 (India Standard Time)","1376.50","1397.30","1375.90","1394.10"
"Mon Sep 04 2000 00:00:00 GMT+0530 (India Standard Time)","1395.90","1433.10","1395.90","1427.70"
"Tue Sep 05 2000 00:00:00 GMT+0530 (India Standard Time)","1428.00","1434.60","1420.90","1428.20"
"Wed Sep 06 2000 00:00:00 GMT+0530 (India Standard Time)","1430.90","1444.40","1421.00","1435.30"
"Thu Sep 07 2000 00:00:00 GMT+0530 (India Standard Time)","1434.70","1450.20","1424.30","1439.70"
"Fri Sep 08 2000 00:00:00 GMT+0530 (India Standard Time)","1440.60","1453.10","1440.60","1450.00"
"Mon Sep 11 2000 00:00:00 GMT+0530 (India Standard Time)","1449.30","1469.00","1448.90","1456.30"
"Tue Sep 12 2000 00:00:00 GMT+0530 (India Standard Time)","1457.10","1470.50","1447.80","1467.60"
"Wed Sep 13 2000 00:00:00 GMT+0530 (India Standard Time)","1467.60","1482.00","1452.60","1456.10"
"Thu Sep 14 2000 00:00:00 GMT+0530 (India Standard Time)","1456.70","1466.60","1437.80","1445.30"
"Fri Sep 15 2000 00:00:00 GMT+0530 (India Standard Time)","1443.20","1451.00","1411.50","1417.20"
"Mon Sep 18 2000 00:00:00 GMT+0530 (India Standard Time)","1416.00","1416.00","1352.10","1354.30"
"Tue Sep 19 2000 00:00:00 GMT+0530 (India Standard Time)","1351.80","1361.70","1295.30","1317.00"
"Wed Sep 20 2000 00:00:00 GMT+0530 (India Standard Time)","1317.80","1351.10","1311.10","1342.90"
"Thu Sep 21 2000 00:00:00 GMT+0530 (India Standard Time)","1341.60","1347.40","1325.70","1329.80"
"Fri Sep 22 2000 00:00:00 GMT+0530 (India Standard Time)","1329.10","1329.10","1261.20","1266.40"
"Mon Sep 25 2000 00:00:00 GMT+0530 (India Standard Time)","1268.40","1305.00","1268.40","1292.50"
"Tue Sep 26 2000 00:00:00 GMT+0530 (India Standard Time)","1292.90","1298.20","1261.00","1267.90"
"Wed Sep 27 2000 00:00:00 GMT+0530 (India Standard Time)","1267.40","1299.00","1249.30","1292.50"
"Thu Sep 28 2000 00:00:00 GMT+0530 (India Standard Time)","1292.40","1302.70","1260.80","1266.40"
"Fri Sep 29 2000 00:00:00 GMT+0530 (India Standard Time)","1267.30","1284.10","1264.40","1271.60"
"Tue Oct 03 2000 00:00:00 GMT+0530 (India Standard Time)","1270.70","1288.10","1254.30","1282.00"
"Wed Oct 04 2000 00:00:00 GMT+0530 (India Standard Time)","1281.40","1300.00","1275.80","1297.80"
"Thu Oct 05 2000 00:00:00 GMT+0530 (India Standard Time)","1296.00","1306.40","1282.50","1284.70"
"Fri Oct 06 2000 00:00:00 GMT+0530 (India Standard Time)","1284.30","1287.80","1262.60","1285.00"
"Mon Oct 09 2000 00:00:00 GMT+0530 (India Standard Time)","1285.00","1286.30","1264.20","1267.30"
"Tue Oct 10 2000 00:00:00 GMT+0530 (India Standard Time)","1268.70","1272.70","1230.00","1238.90"
"Wed Oct 11 2000 00:00:00 GMT+0530 (India Standard Time)","1232.80","1234.00","1193.80","1201.90"
"Thu Oct 12 2000 00:00:00 GMT+0530 (India Standard Time)","1201.30","1214.30","1185.00","1206.20"
"Fri Oct 13 2000 00:00:00 GMT+0530 (India Standard Time)","1205.70","1205.70","1167.50","1176.70"
"Mon Oct 16 2000 00:00:00 GMT+0530 (India Standard Time)","1177.80","1228.80","1173.30","1175.40"
"Tue Oct 17 2000 00:00:00 GMT+0530 (India Standard Time)","1174.30","1174.30","1140.50","1158.00"
"Wed Oct 18 2000 00:00:00 GMT+0530 (India Standard Time)","1157.00","1157.00","1122.80","1136.00"
"Thu Oct 19 2000 00:00:00 GMT+0530 (India Standard Time)","1135.60","1171.50","1108.20","1166.10"
"Fri Oct 20 2000 00:00:00 GMT+0530 (India Standard Time)","1166.20","1202.70","1166.20","1172.00"
"Mon Oct 23 2000 00:00:00 GMT+0530 (India Standard Time)","1171.70","1172.10","1141.40","1143.90"
"Tue Oct 24 2000 00:00:00 GMT+0530 (India Standard Time)","1143.00","1155.30","1132.90","1152.40"
"Wed Oct 25 2000 00:00:00 GMT+0530 (India Standard Time)","1158.20","1190.40","1157.20","1183.90"
"Thu Oct 26 2000 00:00:00 GMT+0530 (India Standard Time)","1182.80","1188.20","1176.50","1186.30"
"Fri Oct 27 2000 00:00:00 GMT+0530 (India Standard Time)","1186.90","1192.90","1171.80","1178.70"
"Mon Oct 30 2000 00:00:00 GMT+0530 (India Standard Time)","1178.70","1185.80","1164.20","1167.10"
"Tue Oct 31 2000 00:00:00 GMT+0530 (India Standard Time)","1167.20","1175.50","1155.10","1172.70"
"Wed Nov 01 2000 00:00:00 GMT+0530 (India Standard Time)","1178.20","1203.80","1177.00","1200.80"
"Thu Nov 02 2000 00:00:00 GMT+0530 (India Standard Time)","1201.20","1226.30","1199.70","1224.80"
"Fri Nov 03 2000 00:00:00 GMT+0530 (India Standard Time)","1225.00","1249.20","1225.00","1242.00"
"Mon Nov 06 2000 00:00:00 GMT+0530 (India Standard Time)","1242.10","1261.40","1236.60","1240.20"
"Tue Nov 07 2000 00:00:00 GMT+0530 (India Standard Time)","1239.00","1249.00","1232.30","1246.70"
"Wed Nov 08 2000 00:00:00 GMT+0530 (India Standard Time)","1246.60","1277.20","1246.60","1266.80"
"Thu Nov 09 2000 00:00:00 GMT+0530 (India Standard Time)","1266.70","1275.50","1255.90","1269.90"
"Fri Nov 10 2000 00:00:00 GMT+0530 (India Standard Time)","1271.30","1271.40","1237.50","1239.50"
"Mon Nov 13 2000 00:00:00 GMT+0530 (India Standard Time)","1239.30","1239.30","1199.90","1208.00"
"Tue Nov 14 2000 00:00:00 GMT+0530 (India Standard Time)","1207.20","1246.90","1207.00","1242.80"
"Wed Nov 15 2000 00:00:00 GMT+0530 (India Standard Time)","1245.00","1270.00","1243.20","1247.00"
"Thu Nov 16 2000 00:00:00 GMT+0530 (India Standard Time)","1246.50","1254.50","1228.50","1233.20"
"Fri Nov 17 2000 00:00:00 GMT+0530 (India Standard Time)","1232.30","1238.00","1216.90","1236.00"
"Mon Nov 20 2000 00:00:00 GMT+0530 (India Standard Time)","1236.00","1241.70","1231.00","1237.50"
"Tue Nov 21 2000 00:00:00 GMT+0530 (India Standard Time)","1236.90","1237.80","1224.30","1235.00"
"Wed Nov 22 2000 00:00:00 GMT+0530 (India Standard Time)","1235.80","1247.50","1220.00","1222.30"
"Thu Nov 23 2000 00:00:00 GMT+0530 (India Standard Time)","1221.20","1223.00","1209.80","1216.00"
"Fri Nov 24 2000 00:00:00 GMT+0530 (India Standard Time)","1216.00","1230.00","1216.00","1225.20"
"Mon Nov 27 2000 00:00:00 GMT+0530 (India Standard Time)","1225.40","1254.40","1225.30","1252.90"
"Tue Nov 28 2000 00:00:00 GMT+0530 (India Standard Time)","1252.90","1275.40","1248.90","1272.70"
"Wed Nov 29 2000 00:00:00 GMT+0530 (India Standard Time)","1272.20","1281.00","1253.40","1264.70"
"Thu Nov 30 2000 00:00:00 GMT+0530 (India Standard Time)","1264.70","1272.00","1258.40","1268.10"
"Fri Dec 01 2000 00:00:00 GMT+0530 (India Standard Time)","1268.00","1280.50","1255.20","1276.20"
"Mon Dec 04 2000 00:00:00 GMT+0530 (India Standard Time)","1276.20","1290.00","1273.60","1275.50"
"Tue Dec 05 2000 00:00:00 GMT+0530 (India Standard Time)","1275.70","1288.20","1275.50","1284.60"
"Wed Dec 06 2000 00:00:00 GMT+0530 (India Standard Time)","1284.80","1319.80","1284.80","1298.50"
"Thu Dec 07 2000 00:00:00 GMT+0530 (India Standard Time)","1298.90","1308.40","1295.00","1302.50"
"Fri Dec 08 2000 00:00:00 GMT+0530 (India Standard Time)","1303.30","1317.20","1303.30","1313.70"
"Mon Dec 11 2000 00:00:00 GMT+0530 (India Standard Time)","1313.70","1333.50","1313.70","1332.10"
"Tue Dec 12 2000 00:00:00 GMT+0530 (India Standard Time)","1332.20","1341.70","1327.60","1333.30"
"Wed Dec 13 2000 00:00:00 GMT+0530 (India Standard Time)","1333.80","1360.80","1333.80","1354.30"
"Thu Dec 14 2000 00:00:00 GMT+0530 (India Standard Time)","1354.40","1369.50","1346.10","1349.30"
"Fri Dec 15 2000 00:00:00 GMT+0530 (India Standard Time)","1349.20","1349.20","1308.10","1312.60"
"Mon Dec 18 2000 00:00:00 GMT+0530 (India Standard Time)","1310.10","1321.60","1297.20","1317.60"
"Tue Dec 19 2000 00:00:00 GMT+0530 (India Standard Time)","1317.70","1325.60","1307.00","1310.50"
"Wed Dec 20 2000 00:00:00 GMT+0530 (India Standard Time)","1312.80","1313.40","1285.40","1295.20"
"Thu Dec 21 2000 00:00:00 GMT+0530 (India Standard Time)","1294.20","1294.20","1257.00","1277.40"
"Fri Dec 22 2000 00:00:00 GMT+0530 (India Standard Time)","1278.90","1292.80","1237.30","1242.00"
"Tue Dec 26 2000 00:00:00 GMT+0530 (India Standard Time)","1242.00","1248.50","1207.90","1212.00"
"Wed Dec 27 2000 00:00:00 GMT+0530 (India Standard Time)","1212.10","1239.00","1208.70","1228.30"
"Thu Dec 28 2000 00:00:00 GMT+0530 (India Standard Time)","1229.30","1253.50","1229.30","1248.90"
"Fri Dec 29 2000 00:00:00 GMT+0530 (India Standard Time)","1249.00","1265.90","1242.20","1263.50"
"Mon Jan 01 2001 00:00:00 GMT+0530 (India Standard Time)","1263.50","1276.10","1250.60","1254.30"
"Tue Jan 02 2001 00:00:00 GMT+0530 (India Standard Time)","1254.20","1279.50","1248.50","1271.80"
"Wed Jan 03 2001 00:00:00 GMT+0530 (India Standard Time)","1271.80","1293.50","1263.90","1291.20"
"Thu Jan 04 2001 00:00:00 GMT+0530 (India Standard Time)","1291.30","1331.30","1291.30","1307.60"
"Fri Jan 05 2001 00:00:00 GMT+0530 (India Standard Time)","1307.50","1330.30","1306.20","1327.20"
"Mon Jan 08 2001 00:00:00 GMT+0530 (India Standard Time)","1327.30","1334.20","1303.30","1309.20"
"Tue Jan 09 2001 00:00:00 GMT+0530 (India Standard Time)","1309.20","1323.40","1304.90","1311.60"
"Wed Jan 10 2001 00:00:00 GMT+0530 (India Standard Time)","1311.60","1324.30","1285.30","1287.30"
"Thu Jan 11 2001 00:00:00 GMT+0530 (India Standard Time)","1287.50","1296.70","1275.90","1280.40"
"Fri Jan 12 2001 00:00:00 GMT+0530 (India Standard Time)","1280.40","1298.80","1279.40","1286.70"
"Mon Jan 15 2001 00:00:00 GMT+0530 (India Standard Time)","1286.80","1295.20","1277.80","1286.70"
"Tue Jan 16 2001 00:00:00 GMT+0530 (India Standard Time)","1287.00","1302.50","1279.80","1293.00"
"Wed Jan 17 2001 00:00:00 GMT+0530 (India Standard Time)","1299.40","1312.30","1295.30","1297.90"
"Thu Jan 18 2001 00:00:00 GMT+0530 (India Standard Time)","1297.90","1309.90","1297.90","1305.90"
"Fri Jan 19 2001 00:00:00 GMT+0530 (India Standard Time)","1306.00","1333.50","1306.00","1329.10"
"Mon Jan 22 2001 00:00:00 GMT+0530 (India Standard Time)","1329.30","1351.80","1329.30","1348.00"
"Tue Jan 23 2001 00:00:00 GMT+0530 (India Standard Time)","1347.90","1362.00","1346.50","1355.20"
"Wed Jan 24 2001 00:00:00 GMT+0530 (India Standard Time)","1355.30","1371.10","1355.30","1365.90"
"Thu Jan 25 2001 00:00:00 GMT+0530 (India Standard Time)","1366.00","1374.20","1353.50","1370.10"
"Mon Jan 29 2001 00:00:00 GMT+0530 (India Standard Time)","1368.50","1368.50","1312.10","1342.00"
"Tue Jan 30 2001 00:00:00 GMT+0530 (India Standard Time)","1342.10","1382.50","1342.00","1379.70"
"Wed Jan 31 2001 00:00:00 GMT+0530 (India Standard Time)","1385.80","1396.00","1369.00","1371.70"
"Thu Feb 01 2001 00:00:00 GMT+0530 (India Standard Time)","1371.50","1373.50","1340.90","1359.10"
"Fri Feb 02 2001 00:00:00 GMT+0530 (India Standard Time)","1359.10","1384.90","1355.30","1378.80"
"Mon Feb 05 2001 00:00:00 GMT+0530 (India Standard Time)","1378.80","1392.10","1373.40","1382.60"
"Tue Feb 06 2001 00:00:00 GMT+0530 (India Standard Time)","1382.70","1395.40","1382.70","1387.10"
"Wed Feb 07 2001 00:00:00 GMT+0530 (India Standard Time)","1387.30","1391.80","1368.00","1370.80"
"Thu Feb 08 2001 00:00:00 GMT+0530 (India Standard Time)","1370.60","1396.80","1365.00","1395.50"
"Fri Feb 09 2001 00:00:00 GMT+0530 (India Standard Time)","1395.50","1416.30","1395.50","1405.70"
"Mon Feb 12 2001 00:00:00 GMT+0530 (India Standard Time)","1405.70","1416.40","1397.60","1402.20"
"Tue Feb 13 2001 00:00:00 GMT+0530 (India Standard Time)","1402.20","1412.70","1386.60","1391.20"
"Wed Feb 14 2001 00:00:00 GMT+0530 (India Standard Time)","1393.10","1396.30","1380.60","1393.30"
"Thu Feb 15 2001 00:00:00 GMT+0530 (India Standard Time)","1393.30","1421.00","1393.30","1416.70"
"Fri Feb 16 2001 00:00:00 GMT+0530 (India Standard Time)","1415.80","1422.90","1376.10","1381.30"
"Mon Feb 19 2001 00:00:00 GMT+0530 (India Standard Time)","1381.40","1392.00","1369.40","1384.80"
"Tue Feb 20 2001 00:00:00 GMT+0530 (India Standard Time)","1384.80","1392.80","1380.40","1383.80"
"Wed Feb 21 2001 00:00:00 GMT+0530 (India Standard Time)","1383.90","1389.50","1364.20","1370.10"
"Thu Feb 22 2001 00:00:00 GMT+0530 (India Standard Time)","1370.00","1370.00","1335.60","1355.10"
"Fri Feb 23 2001 00:00:00 GMT+0530 (India Standard Time)","1355.10","1362.80","1314.10","1320.40"
"Mon Feb 26 2001 00:00:00 GMT+0530 (India Standard Time)","1320.90","1325.20","1299.00","1312.40"
"Tue Feb 27 2001 00:00:00 GMT+0530 (India Standard Time)","1312.40","1324.00","1281.90","1295.50"
"Wed Feb 28 2001 00:00:00 GMT+0530 (India Standard Time)","1295.30","1362.20","1294.50","1351.40"
"Thu Mar 01 2001 00:00:00 GMT+0530 (India Standard Time)","1351.70","1399.50","1345.00","1358.00"
"Fri Mar 02 2001 00:00:00 GMT+0530 (India Standard Time)","1360.20","1386.70","1301.80","1306.30"
"Mon Mar 05 2001 00:00:00 GMT+0530 (India Standard Time)","1304.80","1316.40","1259.00","1271.40"
"Wed Mar 07 2001 00:00:00 GMT+0530 (India Standard Time)","1272.80","1311.10","1249.40","1290.50"
"Thu Mar 08 2001 00:00:00 GMT+0530 (India Standard Time)","1290.80","1307.90","1279.30","1292.80"
"Fri Mar 09 2001 00:00:00 GMT+0530 (India Standard Time)","1292.70","1292.70","1219.30","1254.70"
"Mon Mar 12 2001 00:00:00 GMT+0530 (India Standard Time)","1253.20","1253.20","1193.90","1197.90"
"Tue Mar 13 2001 00:00:00 GMT+0530 (India Standard Time)","1197.80","1201.10","1098.70","1124.70"
"Wed Mar 14 2001 00:00:00 GMT+0530 (India Standard Time)","1125.10","1200.20","1114.50","1194.20"
"Thu Mar 15 2001 00:00:00 GMT+0530 (India Standard Time)","1191.50","1219.70","1170.70","1217.10"
"Fri Mar 16 2001 00:00:00 GMT+0530 (India Standard Time)","1216.90","1233.40","1179.50","1193.50"
"Mon Mar 19 2001 00:00:00 GMT+0530 (India Standard Time)","1192.80","1201.70","1173.10","1186.70"
"Tue Mar 20 2001 00:00:00 GMT+0530 (India Standard Time)","1186.80","1193.30","1162.30","1170.90"
"Wed Mar 21 2001 00:00:00 GMT+0530 (India Standard Time)","1168.80","1212.20","1156.10","1207.00"
"Thu Mar 22 2001 00:00:00 GMT+0530 (India Standard Time)","1206.40","1218.30","1184.90","1187.50"
"Fri Mar 23 2001 00:00:00 GMT+0530 (India Standard Time)","1187.50","1196.50","1139.60","1161.30"
"Mon Mar 26 2001 00:00:00 GMT+0530 (India Standard Time)","1159.80","1165.60","1147.50","1161.50"
"Tue Mar 27 2001 00:00:00 GMT+0530 (India Standard Time)","1161.50","1182.70","1157.20","1177.70"
"Wed Mar 28 2001 00:00:00 GMT+0530 (India Standard Time)","1177.50","1209.50","1177.50","1206.20"
"Thu Mar 29 2001 00:00:00 GMT+0530 (India Standard Time)","1204.90","1210.00","1185.00","1195.00"
"Fri Mar 30 2001 00:00:00 GMT+0530 (India Standard Time)","1195.00","1195.20","1144.60","1148.20"
"Mon Apr 02 2001 00:00:00 GMT+0530 (India Standard Time)","1148.00","1148.00","1094.30","1138.00"
"Tue Apr 03 2001 00:00:00 GMT+0530 (India Standard Time)","1136.60","1153.00","1128.00","1149.20"
"Wed Apr 04 2001 00:00:00 GMT+0530 (India Standard Time)","1146.00","1146.10","1120.30","1136.60"
"Fri Apr 06 2001 00:00:00 GMT+0530 (India Standard Time)","1137.50","1171.80","1133.00","1139.50"
"Mon Apr 09 2001 00:00:00 GMT+0530 (India Standard Time)","1137.50","1138.50","1116.00","1128.30"
"Tue Apr 10 2001 00:00:00 GMT+0530 (India Standard Time)","1129.00","1129.70","1093.00","1103.00"
"Wed Apr 11 2001 00:00:00 GMT+0530 (India Standard Time)","1104.90","1116.80","1056.00","1066.80"
"Thu Apr 12 2001 00:00:00 GMT+0530 (India Standard Time)","1066.70","1066.70","1001.80","1024.90"
"Mon Apr 16 2001 00:00:00 GMT+0530 (India Standard Time)","1024.00","1049.40","1000.10","1044.50"
"Tue Apr 17 2001 00:00:00 GMT+0530 (India Standard Time)","1044.80","1072.90","1037.70","1067.00"
"Wed Apr 18 2001 00:00:00 GMT+0530 (India Standard Time)","1066.50","1106.30","1063.00","1103.40"
"Thu Apr 19 2001 00:00:00 GMT+0530 (India Standard Time)","1103.50","1159.30","1103.50","1144.40"
"Fri Apr 20 2001 00:00:00 GMT+0530 (India Standard Time)","1145.70","1156.40","1120.50","1144.00"
"Mon Apr 23 2001 00:00:00 GMT+0530 (India Standard Time)","1144.00","1162.00","1137.30","1149.70"
"Tue Apr 24 2001 00:00:00 GMT+0530 (India Standard Time)","1149.50","1149.50","1128.40","1146.30"
"Wed Apr 25 2001 00:00:00 GMT+0530 (India Standard Time)","1146.50","1162.80","1142.30","1155.30"
"Thu Apr 26 2001 00:00:00 GMT+0530 (India Standard Time)","1155.40","1170.20","1138.80","1143.70"
"Fri Apr 27 2001 00:00:00 GMT+0530 (India Standard Time)","1143.60","1143.60","1078.00","1101.30"
"Mon Apr 30 2001 00:00:00 GMT+0530 (India Standard Time)","1101.40","1127.90","1101.40","1125.20"
"Wed May 02 2001 00:00:00 GMT+0530 (India Standard Time)","1125.40","1150.60","1125.20","1137.20"
"Thu May 03 2001 00:00:00 GMT+0530 (India Standard Time)","1137.10","1139.80","1117.70","1122.00"
"Fri May 04 2001 00:00:00 GMT+0530 (India Standard Time)","1121.40","1131.90","1113.60","1130.00"
"Mon May 07 2001 00:00:00 GMT+0530 (India Standard Time)","1130.00","1145.40","1130.00","1139.20"
"Tue May 08 2001 00:00:00 GMT+0530 (India Standard Time)","1139.20","1151.90","1138.20","1148.90"
"Wed May 09 2001 00:00:00 GMT+0530 (India Standard Time)","1149.90","1164.30","1145.20","1149.20"
"Thu May 10 2001 00:00:00 GMT+0530 (India Standard Time)","1149.00","1151.50","1139.20","1144.90"
"Fri May 11 2001 00:00:00 GMT+0530 (India Standard Time)","1144.00","1146.80","1136.90","1140.50"
"Mon May 14 2001 00:00:00 GMT+0530 (India Standard Time)","1140.40","1146.20","1134.00","1140.80"
"Tue May 15 2001 00:00:00 GMT+0530 (India Standard Time)","1140.70","1147.70","1096.20","1145.30"
"Wed May 16 2001 00:00:00 GMT+0530 (India Standard Time)","1147.00","1163.10","1146.00","1151.10"
"Thu May 17 2001 00:00:00 GMT+0530 (India Standard Time)","1151.20","1179.00","1150.50","1174.90"
"Fri May 18 2001 00:00:00 GMT+0530 (India Standard Time)","1175.00","1187.60","1169.20","1172.80"
"Mon May 21 2001 00:00:00 GMT+0530 (India Standard Time)","1172.90","1182.60","1166.70","1169.40"
"Tue May 22 2001 00:00:00 GMT+0530 (India Standard Time)","1169.50","1176.20","1165.60","1168.00"
"Wed May 23 2001 00:00:00 GMT+0530 (India Standard Time)","1168.20","1181.80","1167.00","1179.00"
"Thu May 24 2001 00:00:00 GMT+0530 (India Standard Time)","1179.00","1190.10","1177.50","1181.80"
"Fri May 25 2001 00:00:00 GMT+0530 (India Standard Time)","1181.90","1188.50","1171.30","1174.90"
"Mon May 28 2001 00:00:00 GMT+0530 (India Standard Time)","1174.90","1194.50","1174.40","1193.20"
"Tue May 29 2001 00:00:00 GMT+0530 (India Standard Time)","1193.20","1202.00","1193.20","1198.40"
"Wed May 30 2001 00:00:00 GMT+0530 (India Standard Time)","1199.50","1207.00","1173.70","1177.50"
"Thu May 31 2001 00:00:00 GMT+0530 (India Standard Time)","1177.50","1177.50","1154.90","1167.90"
"Fri Jun 01 2001 00:00:00 GMT+0530 (India Standard Time)","1168.00","1175.80","1146.90","1148.00"
"Mon Jun 04 2001 00:00:00 GMT+0530 (India Standard Time)","1148.00","1154.40","1125.30","1127.20"
"Tue Jun 05 2001 00:00:00 GMT+0530 (India Standard Time)","1127.10","1130.60","1106.80","1115.50"
"Wed Jun 06 2001 00:00:00 GMT+0530 (India Standard Time)","1117.50","1132.90","1114.00","1115.70"
"Thu Jun 07 2001 00:00:00 GMT+0530 (India Standard Time)","1115.00","1116.00","1095.40","1112.30"
"Fri Jun 08 2001 00:00:00 GMT+0530 (India Standard Time)","1112.40","1128.90","1112.40","1126.50"
"Mon Jun 11 2001 00:00:00 GMT+0530 (India Standard Time)","1126.50","1134.80","1122.30","1131.00"
"Tue Jun 12 2001 00:00:00 GMT+0530 (India Standard Time)","1131.00","1133.30","1121.80","1127.10"
"Wed Jun 13 2001 00:00:00 GMT+0530 (India Standard Time)","1127.00","1132.90","1126.90","1129.00"
"Thu Jun 14 2001 00:00:00 GMT+0530 (India Standard Time)","1128.90","1128.90","1110.10","1112.70"
"Fri Jun 15 2001 00:00:00 GMT+0530 (India Standard Time)","1112.70","1112.70","1084.20","1087.70"
"Mon Jun 18 2001 00:00:00 GMT+0530 (India Standard Time)","1087.70","1087.70","1064.40","1078.30"
"Tue Jun 19 2001 00:00:00 GMT+0530 (India Standard Time)","1078.20","1099.70","1075.40","1096.60"
"Wed Jun 20 2001 00:00:00 GMT+0530 (India Standard Time)","1096.30","1100.50","1084.70","1097.50"
"Thu Jun 21 2001 00:00:00 GMT+0530 (India Standard Time)","1097.90","1102.40","1090.20","1095.20"
"Fri Jun 22 2001 00:00:00 GMT+0530 (India Standard Time)","1095.80","1097.80","1081.30","1087.60"
"Mon Jun 25 2001 00:00:00 GMT+0530 (India Standard Time)","1087.00","1087.00","1064.40","1067.00"
"Tue Jun 26 2001 00:00:00 GMT+0530 (India Standard Time)","1066.40","1099.80","1060.00","1096.50"
"Wed Jun 27 2001 00:00:00 GMT+0530 (India Standard Time)","1096.50","1102.80","1086.70","1096.00"
"Thu Jun 28 2001 00:00:00 GMT+0530 (India Standard Time)","1095.80","1101.00","1090.20","1094.00"
"Fri Jun 29 2001 00:00:00 GMT+0530 (India Standard Time)","1094.00","1114.30","1091.00","1107.90"
"Mon Jul 02 2001 00:00:00 GMT+0530 (India Standard Time)","1108.30","1119.50","1097.90","1100.70"
"Tue Jul 03 2001 00:00:00 GMT+0530 (India Standard Time)","1097.40","1097.40","1066.00","1069.80"
"Wed Jul 04 2001 00:00:00 GMT+0530 (India Standard Time)","1068.00","1074.50","1062.20","1067.90"
"Thu Jul 05 2001 00:00:00 GMT+0530 (India Standard Time)","1068.30","1079.30","1066.90","1069.70"
"Fri Jul 06 2001 00:00:00 GMT+0530 (India Standard Time)","1069.10","1069.10","1059.50","1065.00"
"Mon Jul 09 2001 00:00:00 GMT+0530 (India Standard Time)","1064.80","1064.80","1052.00","1059.50"
"Tue Jul 10 2001 00:00:00 GMT+0530 (India Standard Time)","1059.90","1078.00","1059.20","1072.00"
"Wed Jul 11 2001 00:00:00 GMT+0530 (India Standard Time)","1072.10","1088.50","1068.30","1083.60"
"Thu Jul 12 2001 00:00:00 GMT+0530 (India Standard Time)","1083.80","1109.00","1083.80","1105.50"
"Fri Jul 13 2001 00:00:00 GMT+0530 (India Standard Time)","1105.70","1127.10","1103.30","1110.40"
"Mon Jul 16 2001 00:00:00 GMT+0530 (India Standard Time)","1110.30","1116.70","1102.40","1105.50"
"Tue Jul 17 2001 00:00:00 GMT+0530 (India Standard Time)","1103.50","1106.00","1092.50","1103.00"
"Wed Jul 18 2001 00:00:00 GMT+0530 (India Standard Time)","1103.00","1108.40","1088.00","1091.90"
"Thu Jul 19 2001 00:00:00 GMT+0530 (India Standard Time)","1091.30","1091.30","1079.50","1085.90"
"Fri Jul 20 2001 00:00:00 GMT+0530 (India Standard Time)","1085.90","1089.90","1072.70","1077.70"
"Mon Jul 23 2001 00:00:00 GMT+0530 (India Standard Time)","1076.10","1076.10","1063.40","1070.60"
"Tue Jul 24 2001 00:00:00 GMT+0530 (India Standard Time)","1065.90","1074.70","1064.50","1072.50"
"Wed Jul 25 2001 00:00:00 GMT+0530 (India Standard Time)","1072.40","1073.90","1062.10","1064.20"
"Thu Jul 26 2001 00:00:00 GMT+0530 (India Standard Time)","1063.90","1066.50","1050.10","1053.40"
"Fri Jul 27 2001 00:00:00 GMT+0530 (India Standard Time)","1053.20","1061.20","1046.90","1051.70"
"Mon Jul 30 2001 00:00:00 GMT+0530 (India Standard Time)","1051.40","1062.80","1050.90","1061.40"
"Tue Jul 31 2001 00:00:00 GMT+0530 (India Standard Time)","1061.40","1076.30","1053.50","1072.80"
"Wed Aug 01 2001 00:00:00 GMT+0530 (India Standard Time)","1073.00","1077.70","1059.70","1063.10"
"Thu Aug 02 2001 00:00:00 GMT+0530 (India Standard Time)","1064.20","1070.00","1059.50","1066.00"
"Fri Aug 03 2001 00:00:00 GMT+0530 (India Standard Time)","1066.40","1077.50","1066.20","1074.50"
"Mon Aug 06 2001 00:00:00 GMT+0530 (India Standard Time)","1074.20","1082.40","1072.50","1075.20"
"Tue Aug 07 2001 00:00:00 GMT+0530 (India Standard Time)","1074.30","1079.30","1070.20","1072.00"
"Wed Aug 08 2001 00:00:00 GMT+0530 (India Standard Time)","1071.70","1072.00","1059.50","1068.00"
"Thu Aug 09 2001 00:00:00 GMT+0530 (India Standard Time)","1068.00","1072.50","1061.40","1070.60"
"Fri Aug 10 2001 00:00:00 GMT+0530 (India Standard Time)","1070.60","1076.70","1069.00","1071.10"
"Mon Aug 13 2001 00:00:00 GMT+0530 (India Standard Time)","1070.90","1081.40","1061.00","1063.00"
"Tue Aug 14 2001 00:00:00 GMT+0530 (India Standard Time)","1063.00","1076.50","1062.20","1075.50"
"Thu Aug 16 2001 00:00:00 GMT+0530 (India Standard Time)","1075.20","1083.70","1072.90","1078.90"
"Fri Aug 17 2001 00:00:00 GMT+0530 (India Standard Time)","1079.00","1084.00","1067.50","1069.20"
"Mon Aug 20 2001 00:00:00 GMT+0530 (India Standard Time)","1062.50","1067.90","1061.00","1063.70"
"Tue Aug 21 2001 00:00:00 GMT+0530 (India Standard Time)","1063.60","1071.20","1062.30","1068.70"
"Thu Aug 23 2001 00:00:00 GMT+0530 (India Standard Time)","1068.70","1079.00","1065.70","1071.50"
"Fri Aug 24 2001 00:00:00 GMT+0530 (India Standard Time)","1071.50","1076.70","1064.90","1069.10"
"Mon Aug 27 2001 00:00:00 GMT+0530 (India Standard Time)","1064.00","1078.30","1064.00","1072.50"
"Tue Aug 28 2001 00:00:00 GMT+0530 (India Standard Time)","1072.30","1076.80","1069.50","1070.60"
"Wed Aug 29 2001 00:00:00 GMT+0530 (India Standard Time)","1070.50","1074.50","1066.40","1067.40"
"Thu Aug 30 2001 00:00:00 GMT+0530 (India Standard Time)","1068.30","1070.20","1061.90","1064.10"
"Fri Aug 31 2001 00:00:00 GMT+0530 (India Standard Time)","1064.00","1064.00","1051.70","1053.70"
"Mon Sep 03 2001 00:00:00 GMT+0530 (India Standard Time)","1054.60","1059.90","1046.30","1048.00"
"Tue Sep 04 2001 00:00:00 GMT+0530 (India Standard Time)","1048.20","1053.20","1043.30","1048.20"
"Wed Sep 05 2001 00:00:00 GMT+0530 (India Standard Time)","1047.20","1051.50","1043.30","1045.00"
"Thu Sep 06 2001 00:00:00 GMT+0530 (India Standard Time)","1047.70","1048.20","1033.40","1036.00"
"Fri Sep 07 2001 00:00:00 GMT+0530 (India Standard Time)","1036.30","1037.30","1026.40","1035.20"
"Mon Sep 10 2001 00:00:00 GMT+0530 (India Standard Time)","1035.00","1045.30","1031.40","1033.40"
"Tue Sep 11 2001 00:00:00 GMT+0530 (India Standard Time)","1033.30","1037.40","1020.70","1023.40"
"Wed Sep 12 2001 00:00:00 GMT+0530 (India Standard Time)","1023.20","1023.20","957.90","982.20"
"Thu Sep 13 2001 00:00:00 GMT+0530 (India Standard Time)","982.20","993.00","969.00","971.70"
"Fri Sep 14 2001 00:00:00 GMT+0530 (India Standard Time)","972.00","974.50","902.70","919.70"
"Mon Sep 17 2001 00:00:00 GMT+0530 (India Standard Time)","916.10","916.10","861.00","872.20"
"Tue Sep 18 2001 00:00:00 GMT+0530 (India Standard Time)","872.10","910.30","868.50","900.20"
"Wed Sep 19 2001 00:00:00 GMT+0530 (India Standard Time)","899.70","915.00","899.70","912.20"
"Thu Sep 20 2001 00:00:00 GMT+0530 (India Standard Time)","910.20","910.30","873.70","898.80"
"Fri Sep 21 2001 00:00:00 GMT+0530 (India Standard Time)","903.70","903.70","849.90","854.20"
"Mon Sep 24 2001 00:00:00 GMT+0530 (India Standard Time)","853.00","878.60","853.00","869.00"
"Tue Sep 25 2001 00:00:00 GMT+0530 (India Standard Time)","869.10","893.30","858.80","861.40"
"Wed Sep 26 2001 00:00:00 GMT+0530 (India Standard Time)","861.30","877.00","859.20","873.70"
"Thu Sep 27 2001 00:00:00 GMT+0530 (India Standard Time)","873.10","893.00","868.30","890.00"
"Fri Sep 28 2001 00:00:00 GMT+0530 (India Standard Time)","891.70","922.50","891.00","913.80"
"Mon Oct 01 2001 00:00:00 GMT+0530 (India Standard Time)","914.60","919.20","905.50","910.10"
"Wed Oct 03 2001 00:00:00 GMT+0530 (India Standard Time)","910.00","915.00","896.20","899.60"
"Thu Oct 04 2001 00:00:00 GMT+0530 (India Standard Time)","899.60","914.20","899.60","911.60"
"Fri Oct 05 2001 00:00:00 GMT+0530 (India Standard Time)","911.60","919.70","903.00","914.60"
"Mon Oct 08 2001 00:00:00 GMT+0530 (India Standard Time)","911.20","913.00","884.60","901.90"
"Tue Oct 09 2001 00:00:00 GMT+0530 (India Standard Time)","903.00","914.30","902.50","912.70"
"Wed Oct 10 2001 00:00:00 GMT+0530 (India Standard Time)","915.50","942.80","912.90","940.30"
"Thu Oct 11 2001 00:00:00 GMT+0530 (India Standard Time)","940.40","959.70","940.40","954.90"
"Fri Oct 12 2001 00:00:00 GMT+0530 (India Standard Time)","958.40","969.90","956.80","960.40"
"Mon Oct 15 2001 00:00:00 GMT+0530 (India Standard Time)","963.60","966.10","954.30","963.40"
"Tue Oct 16 2001 00:00:00 GMT+0530 (India Standard Time)","963.40","973.20","962.50","971.20"
"Wed Oct 17 2001 00:00:00 GMT+0530 (India Standard Time)","971.90","989.00","971.90","986.20"
"Thu Oct 18 2001 00:00:00 GMT+0530 (India Standard Time)","984.20","984.50","969.30","972.00"
"Fri Oct 19 2001 00:00:00 GMT+0530 (India Standard Time)","972.20","981.00","970.80","976.60"
"Mon Oct 22 2001 00:00:00 GMT+0530 (India Standard Time)","980.00","994.10","973.20","976.40"
"Tue Oct 23 2001 00:00:00 GMT+0530 (India Standard Time)","976.70","994.10","976.50","993.20"
"Wed Oct 24 2001 00:00:00 GMT+0530 (India Standard Time)","992.90","1000.90","987.40","991.20"
"Thu Oct 25 2001 00:00:00 GMT+0530 (India Standard Time)","991.20","998.00","979.90","983.20"
"Mon Oct 29 2001 00:00:00 GMT+0530 (India Standard Time)","983.10","996.60","974.00","977.40"
"Tue Oct 30 2001 00:00:00 GMT+0530 (India Standard Time)","977.30","977.30","960.50","963.10"
"Wed Oct 31 2001 00:00:00 GMT+0530 (India Standard Time)","962.80","976.40","959.30","971.90"
"Thu Nov 01 2001 00:00:00 GMT+0530 (India Standard Time)","973.50","997.30","973.50","994.00"
"Fri Nov 02 2001 00:00:00 GMT+0530 (India Standard Time)","994.20","1009.50","991.90","997.60"
"Mon Nov 05 2001 00:00:00 GMT+0530 (India Standard Time)","997.20","1001.30","987.80","991.00"
"Tue Nov 06 2001 00:00:00 GMT+0530 (India Standard Time)","991.20","1007.40","991.10","1001.90"
"Wed Nov 07 2001 00:00:00 GMT+0530 (India Standard Time)","1001.90","1014.10","984.40","987.50"
"Thu Nov 08 2001 00:00:00 GMT+0530 (India Standard Time)","987.50","1001.10","985.70","997.70"
"Fri Nov 09 2001 00:00:00 GMT+0530 (India Standard Time)","999.10","1008.90","999.10","1004.00"
"Mon Nov 12 2001 00:00:00 GMT+0530 (India Standard Time)","1004.50","1014.20","1003.60","1010.90"
"Tue Nov 13 2001 00:00:00 GMT+0530 (India Standard Time)","1010.90","1013.20","999.80","1005.40"
"Wed Nov 14 2001 00:00:00 GMT+0530 (India Standard Time)","1005.40","1017.20","1004.70","1015.80"
"Thu Nov 15 2001 00:00:00 GMT+0530 (India Standard Time)","1016.00","1038.30","1015.10","1035.70"
"Mon Nov 19 2001 00:00:00 GMT+0530 (India Standard Time)","1034.20","1072.00","1032.80","1068.10"
"Tue Nov 20 2001 00:00:00 GMT+0530 (India Standard Time)","1067.30","1082.40","1046.10","1050.20"
"Wed Nov 21 2001 00:00:00 GMT+0530 (India Standard Time)","1050.40","1064.80","1046.30","1056.30"
"Thu Nov 22 2001 00:00:00 GMT+0530 (India Standard Time)","1056.40","1075.90","1056.40","1062.40"
"Fri Nov 23 2001 00:00:00 GMT+0530 (India Standard Time)","1063.00","1075.00","1057.30","1059.00"
"Mon Nov 26 2001 00:00:00 GMT+0530 (India Standard Time)","1059.20","1084.60","1059.20","1080.50"
"Tue Nov 27 2001 00:00:00 GMT+0530 (India Standard Time)","1087.50","1097.50","1071.00","1076.00"
"Wed Nov 28 2001 00:00:00 GMT+0530 (India Standard Time)","1076.10","1082.30","1067.60","1070.80"
"Thu Nov 29 2001 00:00:00 GMT+0530 (India Standard Time)","1070.30","1071.00","1063.00","1067.10"
"Mon Dec 03 2001 00:00:00 GMT+0530 (India Standard Time)","1067.20","1074.50","1063.20","1065.40"
"Tue Dec 04 2001 00:00:00 GMT+0530 (India Standard Time)","1066.00","1082.50","1065.60","1077.70"
"Wed Dec 05 2001 00:00:00 GMT+0530 (India Standard Time)","1077.90","1107.10","1077.90","1104.50"
"Thu Dec 06 2001 00:00:00 GMT+0530 (India Standard Time)","1105.00","1132.60","1105.00","1110.40"
"Fri Dec 07 2001 00:00:00 GMT+0530 (India Standard Time)","1110.90","1122.60","1109.60","1112.30"
"Mon Dec 10 2001 00:00:00 GMT+0530 (India Standard Time)","1112.10","1123.50","1112.10","1115.20"
"Tue Dec 11 2001 00:00:00 GMT+0530 (India Standard Time)","1112.10","1122.80","1107.70","1110.20"
"Wed Dec 12 2001 00:00:00 GMT+0530 (India Standard Time)","1110.60","1121.50","1104.70","1107.60"
"Thu Dec 13 2001 00:00:00 GMT+0530 (India Standard Time)","1107.70","1114.10","1069.90","1098.70"
"Fri Dec 14 2001 00:00:00 GMT+0530 (India Standard Time)","1098.60","1102.90","1082.70","1087.80"
"Tue Dec 18 2001 00:00:00 GMT+0530 (India Standard Time)","1089.90","1098.00","1071.30","1082.30"
"Wed Dec 19 2001 00:00:00 GMT+0530 (India Standard Time)","1082.50","1086.30","1057.00","1060.70"
"Thu Dec 20 2001 00:00:00 GMT+0530 (India Standard Time)","1060.40","1064.80","1047.50","1062.00"
"Fri Dec 21 2001 00:00:00 GMT+0530 (India Standard Time)","1061.80","1061.80","1043.60","1050.80"
"Mon Dec 24 2001 00:00:00 GMT+0530 (India Standard Time)","1051.00","1055.00","1032.50","1048.50"
"Wed Dec 26 2001 00:00:00 GMT+0530 (India Standard Time)","1048.90","1058.30","1030.50","1034.20"
"Thu Dec 27 2001 00:00:00 GMT+0530 (India Standard Time)","1033.80","1037.70","1017.30","1020.00"
"Fri Dec 28 2001 00:00:00 GMT+0530 (India Standard Time)","1019.90","1036.30","1010.40","1033.80"
"Mon Dec 31 2001 00:00:00 GMT+0530 (India Standard Time)","1033.90","1062.30","1033.90","1059.00"
"Tue Jan 01 2002 00:00:00 GMT+0530 (India Standard Time)","1058.80","1071.10","1052.00","1055.30"
"Wed Jan 02 2002 00:00:00 GMT+0530 (India Standard Time)","1054.90","1065.20","1054.00","1060.70"
"Thu Jan 03 2002 00:00:00 GMT+0530 (India Standard Time)","1063.40","1074.80","1062.90","1072.20"
"Fri Jan 04 2002 00:00:00 GMT+0530 (India Standard Time)","1072.40","1099.20","1072.40","1096.20"
"Mon Jan 07 2002 00:00:00 GMT+0530 (India Standard Time)","1093.00","1111.50","1093.00","1100.10"
"Tue Jan 08 2002 00:00:00 GMT+0530 (India Standard Time)","1100.50","1114.50","1097.90","1109.90"
"Wed Jan 09 2002 00:00:00 GMT+0530 (India Standard Time)","1110.00","1119.40","1098.70","1102.80"
"Thu Jan 10 2002 00:00:00 GMT+0530 (India Standard Time)","1098.80","1105.30","1093.50","1098.20"
"Fri Jan 11 2002 00:00:00 GMT+0530 (India Standard Time)","1098.10","1105.90","1073.40","1088.50"
"Mon Jan 14 2002 00:00:00 GMT+0530 (India Standard Time)","1089.40","1118.50","1089.40","1109.80"
"Tue Jan 15 2002 00:00:00 GMT+0530 (India Standard Time)","1109.40","1112.50","1090.20","1094.10"
"Wed Jan 16 2002 00:00:00 GMT+0530 (India Standard Time)","1094.10","1104.80","1085.30","1090.30"
"Thu Jan 17 2002 00:00:00 GMT+0530 (India Standard Time)","1090.20","1116.00","1078.90","1109.20"
"Fri Jan 18 2002 00:00:00 GMT+0530 (India Standard Time)","1109.50","1121.70","1089.00","1093.10"
"Mon Jan 21 2002 00:00:00 GMT+0530 (India Standard Time)","1093.20","1099.80","1082.60","1091.30"
"Tue Jan 22 2002 00:00:00 GMT+0530 (India Standard Time)","1091.30","1099.00","1090.00","1092.80"
"Wed Jan 23 2002 00:00:00 GMT+0530 (India Standard Time)","1092.80","1096.90","1087.50","1089.40"
"Thu Jan 24 2002 00:00:00 GMT+0530 (India Standard Time)","1089.50","1098.50","1081.70","1085.30"
"Fri Jan 25 2002 00:00:00 GMT+0530 (India Standard Time)","1085.80","1089.70","1077.00","1080.00"
"Mon Jan 28 2002 00:00:00 GMT+0530 (India Standard Time)","1083.20","1088.70","1068.70","1071.30"
"Tue Jan 29 2002 00:00:00 GMT+0530 (India Standard Time)","1071.30","1076.40","1068.80","1071.60"
"Wed Jan 30 2002 00:00:00 GMT+0530 (India Standard Time)","1072.80","1072.80","1058.80","1067.40"
"Thu Jan 31 2002 00:00:00 GMT+0530 (India Standard Time)","1067.60","1082.00","1067.60","1075.40"
"Fri Feb 01 2002 00:00:00 GMT+0530 (India Standard Time)","1076.90","1088.00","1076.90","1081.60"
"Mon Feb 04 2002 00:00:00 GMT+0530 (India Standard Time)","1083.00","1086.90","1074.10","1076.90"
"Tue Feb 05 2002 00:00:00 GMT+0530 (India Standard Time)","1076.20","1081.20","1069.40","1074.20"
"Wed Feb 06 2002 00:00:00 GMT+0530 (India Standard Time)","1074.40","1117.00","1074.00","1113.00"
"Thu Feb 07 2002 00:00:00 GMT+0530 (India Standard Time)","1114.80","1130.90","1104.30","1110.40"
"Fri Feb 08 2002 00:00:00 GMT+0530 (India Standard Time)","1112.80","1131.80","1104.40","1123.70"
"Mon Feb 11 2002 00:00:00 GMT+0530 (India Standard Time)","1124.80","1144.10","1124.80","1131.50"
"Tue Feb 12 2002 00:00:00 GMT+0530 (India Standard Time)","1131.90","1143.30","1125.50","1129.50"
"Wed Feb 13 2002 00:00:00 GMT+0530 (India Standard Time)","1129.80","1142.30","1129.50","1135.00"
"Thu Feb 14 2002 00:00:00 GMT+0530 (India Standard Time)","1135.50","1151.60","1133.80","1150.00"
"Fri Feb 15 2002 00:00:00 GMT+0530 (India Standard Time)","1150.60","1164.00","1150.30","1159.90"
"Mon Feb 18 2002 00:00:00 GMT+0530 (India Standard Time)","1159.80","1177.00","1156.70","1172.80"
"Tue Feb 19 2002 00:00:00 GMT+0530 (India Standard Time)","1172.80","1178.00","1155.00","1158.90"
"Wed Feb 20 2002 00:00:00 GMT+0530 (India Standard Time)","1158.40","1158.40","1134.60","1145.90"
"Thu Feb 21 2002 00:00:00 GMT+0530 (India Standard Time)","1146.00","1158.00","1146.00","1149.80"
"Fri Feb 22 2002 00:00:00 GMT+0530 (India Standard Time)","1149.80","1165.70","1145.50","1163.50"
"Mon Feb 25 2002 00:00:00 GMT+0530 (India Standard Time)","1163.60","1167.50","1155.40","1165.40"
"Tue Feb 26 2002 00:00:00 GMT+0530 (India Standard Time)","1165.70","1192.60","1165.70","1189.40"
"Wed Feb 27 2002 00:00:00 GMT+0530 (India Standard Time)","1190.10","1205.90","1180.00","1189.20"
"Thu Feb 28 2002 00:00:00 GMT+0530 (India Standard Time)","1189.50","1197.00","1135.20","1142.00"
"Fri Mar 01 2002 00:00:00 GMT+0530 (India Standard Time)","1142.00","1181.20","1135.40","1178.00"
"Mon Mar 04 2002 00:00:00 GMT+0530 (India Standard Time)","1178.40","1201.00","1172.30","1177.30"
"Tue Mar 05 2002 00:00:00 GMT+0530 (India Standard Time)","1176.40","1193.00","1175.10","1178.50"
"Wed Mar 06 2002 00:00:00 GMT+0530 (India Standard Time)","1176.50","1182.60","1162.70","1172.50"
"Thu Mar 07 2002 00:00:00 GMT+0530 (India Standard Time)","1173.50","1195.20","1173.50","1193.00"
"Fri Mar 08 2002 00:00:00 GMT+0530 (India Standard Time)","1193.50","1199.50","1182.50","1187.60"
"Mon Mar 11 2002 00:00:00 GMT+0530 (India Standard Time)","1187.50","1192.70","1164.50","1167.80"
"Tue Mar 12 2002 00:00:00 GMT+0530 (India Standard Time)","1167.80","1171.20","1144.30","1150.40"
"Wed Mar 13 2002 00:00:00 GMT+0530 (India Standard Time)","1150.20","1165.40","1143.50","1157.00"
"Thu Mar 14 2002 00:00:00 GMT+0530 (India Standard Time)","1156.80","1163.60","1153.10","1159.40"
"Fri Mar 15 2002 00:00:00 GMT+0530 (India Standard Time)","1159.50","1173.70","1159.50","1169.70"
"Mon Mar 18 2002 00:00:00 GMT+0530 (India Standard Time)","1169.90","1184.70","1163.70","1169.30"
"Tue Mar 19 2002 00:00:00 GMT+0530 (India Standard Time)","1169.40","1170.80","1150.30","1152.10"
"Wed Mar 20 2002 00:00:00 GMT+0530 (India Standard Time)","1152.00","1158.90","1148.50","1155.50"
"Thu Mar 21 2002 00:00:00 GMT+0530 (India Standard Time)","1155.50","1155.50","1141.00","1144.20"
"Fri Mar 22 2002 00:00:00 GMT+0530 (India Standard Time)","1144.50","1148.60","1135.90","1138.40"
"Tue Mar 26 2002 00:00:00 GMT+0530 (India Standard Time)","1138.00","1140.20","1117.80","1123.00"
"Wed Mar 27 2002 00:00:00 GMT+0530 (India Standard Time)","1130.00","1134.00","1121.30","1123.30"
"Thu Mar 28 2002 00:00:00 GMT+0530 (India Standard Time)","1123.50","1138.40","1123.50","1129.50"
"Mon Apr 01 2002 00:00:00 GMT+0530 (India Standard Time)","1129.80","1143.30","1129.80","1138.90"
"Tue Apr 02 2002 00:00:00 GMT+0530 (India Standard Time)","1138.80","1147.30","1132.30","1136.90"
"Wed Apr 03 2002 00:00:00 GMT+0530 (India Standard Time)","1136.50","1136.90","1121.40","1123.50"
"Thu Apr 04 2002 00:00:00 GMT+0530 (India Standard Time)","1124.00","1149.60","1123.90","1145.90"
"Fri Apr 05 2002 00:00:00 GMT+0530 (India Standard Time)","1146.00","1153.30","1139.90","1141.90"
"Mon Apr 08 2002 00:00:00 GMT+0530 (India Standard Time)","1141.90","1147.90","1134.00","1135.20"
"Tue Apr 09 2002 00:00:00 GMT+0530 (India Standard Time)","1135.10","1137.40","1122.00","1126.70"
"Wed Apr 10 2002 00:00:00 GMT+0530 (India Standard Time)","1126.70","1140.20","1125.70","1138.50"
"Thu Apr 11 2002 00:00:00 GMT+0530 (India Standard Time)","1138.50","1150.20","1138.50","1143.50"
"Fri Apr 12 2002 00:00:00 GMT+0530 (India Standard Time)","1143.20","1151.50","1138.60","1146.50"
"Mon Apr 15 2002 00:00:00 GMT+0530 (India Standard Time)","1146.50","1152.50","1130.40","1134.10"
"Tue Apr 16 2002 00:00:00 GMT+0530 (India Standard Time)","1130.80","1133.50","1116.60","1118.70"
"Wed Apr 17 2002 00:00:00 GMT+0530 (India Standard Time)","1119.00","1136.50","1118.90","1125.00"
"Thu Apr 18 2002 00:00:00 GMT+0530 (India Standard Time)","1125.20","1135.00","1123.80","1129.00"
"Fri Apr 19 2002 00:00:00 GMT+0530 (India Standard Time)","1125.50","1127.00","1097.50","1100.30"
"Mon Apr 22 2002 00:00:00 GMT+0530 (India Standard Time)","1100.50","1107.20","1088.00","1104.10"
"Tue Apr 23 2002 00:00:00 GMT+0530 (India Standard Time)","1104.00","1108.80","1095.00","1106.00"
"Wed Apr 24 2002 00:00:00 GMT+0530 (India Standard Time)","1106.20","1116.80","1105.70","1110.50"
"Thu Apr 25 2002 00:00:00 GMT+0530 (India Standard Time)","1110.60","1113.80","1089.00","1094.30"
"Fri Apr 26 2002 00:00:00 GMT+0530 (India Standard Time)","1094.20","1103.30","1094.00","1097.40"
"Mon Apr 29 2002 00:00:00 GMT+0530 (India Standard Time)","1097.50","1098.60","1073.30","1074.20"
"Tue Apr 30 2002 00:00:00 GMT+0530 (India Standard Time)","1074.20","1085.70","1073.40","1084.50"
"Thu May 02 2002 00:00:00 GMT+0530 (India Standard Time)","1084.80","1101.00","1084.80","1093.30"
"Fri May 03 2002 00:00:00 GMT+0530 (India Standard Time)","1093.40","1098.50","1091.50","1096.90"
"Mon May 06 2002 00:00:00 GMT+0530 (India Standard Time)","1096.90","1102.00","1096.20","1100.90"
"Tue May 07 2002 00:00:00 GMT+0530 (India Standard Time)","1100.90","1111.80","1096.60","1110.70"
"Wed May 08 2002 00:00:00 GMT+0530 (India Standard Time)","1110.70","1122.70","1110.70","1117.50"
"Thu May 09 2002 00:00:00 GMT+0530 (India Standard Time)","1117.70","1136.50","1117.70","1127.50"
"Fri May 10 2002 00:00:00 GMT+0530 (India Standard Time)","1127.00","1127.30","1111.10","1116.40"
"Mon May 13 2002 00:00:00 GMT+0530 (India Standard Time)","1116.80","1121.90","1114.20","1119.60"
"Tue May 14 2002 00:00:00 GMT+0530 (India Standard Time)","1119.90","1125.90","1111.40","1115.00"
"Wed May 15 2002 00:00:00 GMT+0530 (India Standard Time)","1115.10","1121.50","1102.60","1107.80"
"Thu May 16 2002 00:00:00 GMT+0530 (India Standard Time)","1108.20","1111.20","1089.80","1092.80"
"Fri May 17 2002 00:00:00 GMT+0530 (India Standard Time)","1092.80","1099.70","1079.90","1090.60"
"Mon May 20 2002 00:00:00 GMT+0530 (India Standard Time)","1091.70","1097.90","1071.30","1074.30"
"Tue May 21 2002 00:00:00 GMT+0530 (India Standard Time)","1074.70","1074.80","1028.20","1049.20"
"Wed May 22 2002 00:00:00 GMT+0530 (India Standard Time)","1049.50","1050.90","1035.50","1045.30"
"Thu May 23 2002 00:00:00 GMT+0530 (India Standard Time)","1045.20","1045.30","1024.30","1026.70"
"Fri May 24 2002 00:00:00 GMT+0530 (India Standard Time)","1026.90","1069.20","1026.90","1067.00"
"Mon May 27 2002 00:00:00 GMT+0530 (India Standard Time)","1067.00","1071.50","1054.00","1062.70"
"Tue May 28 2002 00:00:00 GMT+0530 (India Standard Time)","1061.90","1062.30","1034.00","1038.20"
"Wed May 29 2002 00:00:00 GMT+0530 (India Standard Time)","1038.20","1047.90","1026.50","1041.60"
"Thu May 30 2002 00:00:00 GMT+0530 (India Standard Time)","1041.40","1049.90","1030.00","1032.10"
"Fri May 31 2002 00:00:00 GMT+0530 (India Standard Time)","1032.50","1037.70","1020.10","1028.80"
"Mon Jun 03 2002 00:00:00 GMT+0530 (India Standard Time)","1029.20","1047.20","1029.20","1039.70"
"Tue Jun 04 2002 00:00:00 GMT+0530 (India Standard Time)","1040.10","1047.40","1036.50","1045.40"
"Wed Jun 05 2002 00:00:00 GMT+0530 (India Standard Time)","1045.50","1067.50","1045.00","1064.20"
"Thu Jun 06 2002 00:00:00 GMT+0530 (India Standard Time)","1064.10","1072.00","1055.50","1064.30"
"Fri Jun 07 2002 00:00:00 GMT+0530 (India Standard Time)","1063.70","1063.70","1044.30","1048.80"
"Mon Jun 10 2002 00:00:00 GMT+0530 (India Standard Time)","1049.90","1072.50","1049.90","1069.90"
"Tue Jun 11 2002 00:00:00 GMT+0530 (India Standard Time)","1070.90","1099.50","1070.50","1097.00"
"Wed Jun 12 2002 00:00:00 GMT+0530 (India Standard Time)","1097.10","1100.40","1088.50","1092.80"
"Thu Jun 13 2002 00:00:00 GMT+0530 (India Standard Time)","1093.00","1102.00","1080.80","1082.80"
"Fri Jun 14 2002 00:00:00 GMT+0530 (India Standard Time)","1081.70","1087.50","1079.40","1085.70"
"Mon Jun 17 2002 00:00:00 GMT+0530 (India Standard Time)","1085.80","1097.50","1085.70","1088.90"
"Tue Jun 18 2002 00:00:00 GMT+0530 (India Standard Time)","1088.90","1097.40","1073.70","1074.90"
"Wed Jun 19 2002 00:00:00 GMT+0530 (India Standard Time)","1074.70","1079.20","1056.40","1062.90"
"Thu Jun 20 2002 00:00:00 GMT+0530 (India Standard Time)","1063.00","1074.00","1056.20","1070.00"
"Fri Jun 21 2002 00:00:00 GMT+0530 (India Standard Time)","1069.50","1069.80","1058.90","1062.50"
"Mon Jun 24 2002 00:00:00 GMT+0530 (India Standard Time)","1065.50","1065.50","1054.40","1061.80"
"Tue Jun 25 2002 00:00:00 GMT+0530 (India Standard Time)","1061.90","1063.30","1048.50","1055.40"
"Wed Jun 26 2002 00:00:00 GMT+0530 (India Standard Time)","1055.30","1061.00","1042.20","1044.20"
"Thu Jun 27 2002 00:00:00 GMT+0530 (India Standard Time)","1044.50","1053.70","1044.00","1048.50"
"Fri Jun 28 2002 00:00:00 GMT+0530 (India Standard Time)","1049.40","1068.90","1049.40","1057.80"
"Mon Jul 01 2002 00:00:00 GMT+0530 (India Standard Time)","1058.00","1070.10","1058.00","1068.90"
"Tue Jul 02 2002 00:00:00 GMT+0530 (India Standard Time)","1067.90","1071.70","1064.90","1068.00"
"Wed Jul 03 2002 00:00:00 GMT+0530 (India Standard Time)","1067.80","1074.00","1065.50","1069.90"
"Thu Jul 04 2002 00:00:00 GMT+0530 (India Standard Time)","1069.90","1078.50","1068.40","1070.50"
"Fri Jul 05 2002 00:00:00 GMT+0530 (India Standard Time)","1071.00","1076.20","1067.40","1073.80"
"Mon Jul 08 2002 00:00:00 GMT+0530 (India Standard Time)","1074.00","1085.30","1072.90","1082.00"
"Tue Jul 09 2002 00:00:00 GMT+0530 (India Standard Time)","1081.90","1083.60","1077.50","1080.30"
"Wed Jul 10 2002 00:00:00 GMT+0530 (India Standard Time)","1081.50","1087.40","1069.40","1071.70"
"Thu Jul 11 2002 00:00:00 GMT+0530 (India Standard Time)","1070.90","1070.90","1055.30","1056.50"
"Fri Jul 12 2002 00:00:00 GMT+0530 (India Standard Time)","1057.00","1064.90","1054.90","1058.20"
"Mon Jul 15 2002 00:00:00 GMT+0530 (India Standard Time)","1057.90","1058.40","1043.30","1048.00"
"Tue Jul 16 2002 00:00:00 GMT+0530 (India Standard Time)","1047.90","1051.80","1033.90","1035.90"
"Wed Jul 17 2002 00:00:00 GMT+0530 (India Standard Time)","1035.90","1037.50","1025.00","1032.50"
"Thu Jul 18 2002 00:00:00 GMT+0530 (India Standard Time)","1032.50","1044.00","1032.50","1041.30"
"Fri Jul 19 2002 00:00:00 GMT+0530 (India Standard Time)","1041.30","1041.50","1032.20","1035.90"
"Mon Jul 22 2002 00:00:00 GMT+0530 (India Standard Time)","1035.20","1035.20","1009.00","1012.00"
"Tue Jul 23 2002 00:00:00 GMT+0530 (India Standard Time)","1012.00","1023.60","1005.70","1021.90"
"Wed Jul 24 2002 00:00:00 GMT+0530 (India Standard Time)","1021.80","1022.20","1001.90","1004.00"
"Thu Jul 25 2002 00:00:00 GMT+0530 (India Standard Time)","1004.20","1021.30","997.80","1001.50"
"Fri Jul 26 2002 00:00:00 GMT+0530 (India Standard Time)","1001.00","1001.00","972.50","973.50"
"Mon Jul 29 2002 00:00:00 GMT+0530 (India Standard Time)","973.00","977.90","953.10","971.60"
"Tue Jul 30 2002 00:00:00 GMT+0530 (India Standard Time)","973.00","987.50","956.80","960.60"
"Wed Jul 31 2002 00:00:00 GMT+0530 (India Standard Time)","960.30","964.10","943.60","958.90"
"Thu Aug 01 2002 00:00:00 GMT+0530 (India Standard Time)","959.20","972.00","954.10","957.70"
"Fri Aug 02 2002 00:00:00 GMT+0530 (India Standard Time)","957.50","957.50","935.50","954.70"
"Mon Aug 05 2002 00:00:00 GMT+0530 (India Standard Time)","954.90","966.50","953.90","963.20"
"Tue Aug 06 2002 00:00:00 GMT+0530 (India Standard Time)","963.30","969.50","955.40","966.60"
"Wed Aug 07 2002 00:00:00 GMT+0530 (India Standard Time)","967.70","978.60","966.50","969.10"
"Thu Aug 08 2002 00:00:00 GMT+0530 (India Standard Time)","969.10","971.70","951.20","953.50"
"Fri Aug 09 2002 00:00:00 GMT+0530 (India Standard Time)","953.80","963.80","948.00","961.90"
"Mon Aug 12 2002 00:00:00 GMT+0530 (India Standard Time)","961.10","971.50","961.10","969.80"
"Tue Aug 13 2002 00:00:00 GMT+0530 (India Standard Time)","970.40","977.20","969.90","976.00"
"Wed Aug 14 2002 00:00:00 GMT+0530 (India Standard Time)","976.00","976.20","967.20","969.60"
"Fri Aug 16 2002 00:00:00 GMT+0530 (India Standard Time)","970.70","981.20","968.30","979.20"
"Mon Aug 19 2002 00:00:00 GMT+0530 (India Standard Time)","979.40","983.50","978.20","979.80"
"Tue Aug 20 2002 00:00:00 GMT+0530 (India Standard Time)","979.70","990.80","979.00","988.50"
"Wed Aug 21 2002 00:00:00 GMT+0530 (India Standard Time)","988.60","994.20","984.30","988.40"
"Thu Aug 22 2002 00:00:00 GMT+0530 (India Standard Time)","988.50","995.30","983.40","985.70"
"Fri Aug 23 2002 00:00:00 GMT+0530 (India Standard Time)","985.70","996.40","984.70","995.20"
"Mon Aug 26 2002 00:00:00 GMT+0530 (India Standard Time)","992.40","1001.40","986.10","998.80"
"Tue Aug 27 2002 00:00:00 GMT+0530 (India Standard Time)","998.80","1003.30","985.70","987.70"
"Wed Aug 28 2002 00:00:00 GMT+0530 (India Standard Time)","987.30","988.10","981.10","985.70"
"Thu Aug 29 2002 00:00:00 GMT+0530 (India Standard Time)","985.80","989.40","981.40","987.20"
"Fri Aug 30 2002 00:00:00 GMT+0530 (India Standard Time)","987.60","1012.70","986.70","1010.60"
"Mon Sep 02 2002 00:00:00 GMT+0530 (India Standard Time)","1010.90","1024.60","1010.80","1013.50"
"Tue Sep 03 2002 00:00:00 GMT+0530 (India Standard Time)","1013.60","1014.80","999.40","1001.10"
"Wed Sep 04 2002 00:00:00 GMT+0530 (India Standard Time)","1000.70","1008.80","990.80","1006.90"
"Thu Sep 05 2002 00:00:00 GMT+0530 (India Standard Time)","1006.90","1013.40","1004.20","1008.60"
"Fri Sep 06 2002 00:00:00 GMT+0530 (India Standard Time)","1008.40","1008.40","992.70","995.20"
"Mon Sep 09 2002 00:00:00 GMT+0530 (India Standard Time)","992.00","1005.80","985.20","998.50"
"Wed Sep 11 2002 00:00:00 GMT+0530 (India Standard Time)","998.60","1002.30","993.30","998.80"
"Thu Sep 12 2002 00:00:00 GMT+0530 (India Standard Time)","998.90","1005.10","998.80","1001.60"
"Fri Sep 13 2002 00:00:00 GMT+0530 (India Standard Time)","1001.40","1001.40","989.80","992.00"
"Mon Sep 16 2002 00:00:00 GMT+0530 (India Standard Time)","991.70","997.00","983.50","985.70"
"Tue Sep 17 2002 00:00:00 GMT+0530 (India Standard Time)","985.70","996.80","985.70","994.90"
"Wed Sep 18 2002 00:00:00 GMT+0530 (India Standard Time)","994.10","994.10","981.60","983.60"
"Thu Sep 19 2002 00:00:00 GMT+0530 (India Standard Time)","983.40","985.20","970.80","976.00"
"Fri Sep 20 2002 00:00:00 GMT+0530 (India Standard Time)","975.60","975.60","960.70","969.60"
"Mon Sep 23 2002 00:00:00 GMT+0530 (India Standard Time)","969.80","974.70","967.30","970.30"
"Tue Sep 24 2002 00:00:00 GMT+0530 (India Standard Time)","969.90","969.90","960.20","966.20"
"Wed Sep 25 2002 00:00:00 GMT+0530 (India Standard Time)","964.60","971.80","960.50","970.00"
"Thu Sep 26 2002 00:00:00 GMT+0530 (India Standard Time)","970.10","976.20","968.20","969.90"
"Fri Sep 27 2002 00:00:00 GMT+0530 (India Standard Time)","969.90","978.00","969.20","976.40"
"Mon Sep 30 2002 00:00:00 GMT+0530 (India Standard Time)","976.10","976.10","961.50","963.10"
"Tue Oct 01 2002 00:00:00 GMT+0530 (India Standard Time)","961.10","964.20","950.30","955.20"
"Thu Oct 03 2002 00:00:00 GMT+0530 (India Standard Time)","955.30","957.90","945.80","948.20"
"Fri Oct 04 2002 00:00:00 GMT+0530 (India Standard Time)","948.10","951.80","944.50","948.20"
"Mon Oct 07 2002 00:00:00 GMT+0530 (India Standard Time)","947.80","956.30","946.20","954.70"
"Tue Oct 08 2002 00:00:00 GMT+0530 (India Standard Time)","954.80","963.10","952.50","960.80"
"Wed Oct 09 2002 00:00:00 GMT+0530 (India Standard Time)","960.80","968.70","952.90","954.70"
"Thu Oct 10 2002 00:00:00 GMT+0530 (India Standard Time)","954.80","960.40","945.00","958.40"
"Fri Oct 11 2002 00:00:00 GMT+0530 (India Standard Time)","958.40","973.50","958.40","971.00"
"Mon Oct 14 2002 00:00:00 GMT+0530 (India Standard Time)","971.50","976.50","969.00","972.40"
"Wed Oct 16 2002 00:00:00 GMT+0530 (India Standard Time)","972.90","983.60","971.70","973.60"
"Thu Oct 17 2002 00:00:00 GMT+0530 (India Standard Time)","973.70","976.00","966.50","973.30"
"Fri Oct 18 2002 00:00:00 GMT+0530 (India Standard Time)","973.80","982.50","968.80","971.60"
"Mon Oct 21 2002 00:00:00 GMT+0530 (India Standard Time)","971.70","976.20","965.60","967.30"
"Tue Oct 22 2002 00:00:00 GMT+0530 (India Standard Time)","967.50","976.30","961.60","962.50"
"Wed Oct 23 2002 00:00:00 GMT+0530 (India Standard Time)","962.90","963.70","955.40","957.30"
"Thu Oct 24 2002 00:00:00 GMT+0530 (India Standard Time)","957.70","959.80","945.00","946.90"
"Fri Oct 25 2002 00:00:00 GMT+0530 (India Standard Time)","946.80","946.80","929.20","932.20"
"Mon Oct 28 2002 00:00:00 GMT+0530 (India Standard Time)","932.30","934.90","920.10","922.70"
"Tue Oct 29 2002 00:00:00 GMT+0530 (India Standard Time)","922.50","939.70","921.60","936.90"
"Wed Oct 30 2002 00:00:00 GMT+0530 (India Standard Time)","936.10","944.30","935.90","937.70"
"Thu Oct 31 2002 00:00:00 GMT+0530 (India Standard Time)","937.30","953.30","937.00","951.40"