"Date","Open","High","Low","Close"
"Wed May 08 2002 00:00:00 GMT+0530 (India Standard Time)","1110.70","1122.70","1110.70","1117.50"
"Thu May 09 2002 00:00:00 GMT+0530 (India Standard Time)","1117.70","1136.50","1117.70","1127.50"
"Fri May 10 2002 00:00:00 GMT+0530 (India Standard Time)","1127.00","1127.30","1111.10","1116.40"
"Mon May 13 2002 00:00:00 GMT+0530 (India Standard Time)","1116.80","1121.90","1114.20","1119.60"
"Tue May 14 2002 00:00:00 GMT+0530 (India Standard Time)","1119.90","1125.90","1111.40","1115.00"
"Wed May 15 2002 00:00:00 GMT+0530 (India Standard Time)","1115.10","1121.50","1102.60","1107.80"
"Thu May 16 2002 00:00:00 GMT+0530 (India Standard Time)","1108.20","1111.20","1089.80","1092.80"
"Fri May 17 2002 00:00:00 GMT+0530 (India Standard Time)","1092.80","1099.70","1079.90","1090.60"
"Mon May 20 2002 00:00:00 GMT+0530 (India Standard Time)","1091.70","1097.90","1071.30","1074.30"
"Tue May 21 2002 00:00:00 GMT+0530 (India Standard Time)","1074.70","1074.80","1028.20","1049.20"
"Wed May 22 2002 00:00:00 GMT+0530 (India Standard Time)","1049.50","1050.90","1035.50","1045.30"
"Thu May 23 2002 00:00:00 GMT+0530 (India Standard Time)","1045.20","1045.30","1024.30","1026.70"
"Fri May 24 2002 00:00:00 GMT+0530 (India Standard Time)","1026.90","1069.20","1026.90","1067.00"
"Mon May 27 2002 00:00:00 GMT+0530 (India Standard Time)","1067.00","1071.50","1054.00","1062.70"
"Tue May 28 2002 00:00:00 GMT+0530 (India Standard Time)","1061.90","1062.30","1034.00","1038.20"
"Wed May 29 2002 00:00:00 GMT+0530 (India Standard Time)","1038.20","1047.90","1026.50","1041.60"
"Thu May 30 2002 00:00:00 GMT+0530 (India Standard Time)","1041.40","1049.90","1030.00","1032.10"
"Fri May 31 2002 00:00:00 GMT+0530 (India Standard Time)","1032.50","1037.70","1020.10","1028.80"
"Mon Jun 03 2002 00:00:00 GMT+0530 (India Standard Time)","1029.20","1047.20","1029.20","1039.70"
"Tue Jun 04 2002 00:00:00 GMT+0530 (India Standard Time)","1040.10","1047.40","1036.50","1045.40"
"Wed Jun 05 2002 00:00:00 GMT+0530 (India Standard Time)","1045.50","1067.50","1045.00","1064.20"
"Thu Jun 06 2002 00:00:00 GMT+0530 (India Standard Time)","1064.10","1072.00","1055.50","1064.30"
"Fri Jun 07 2002 00:00:00 GMT+0530 (India Standard Time)","1063.70","1063.70","1044.30","1048.80"
"Mon Jun 10 2002 00:00:00 GMT+0530 (India Standard Time)","1049.90","1072.50","1049.90","1069.90"
"Tue Jun 11 2002 00:00:00 GMT+0530 (India Standard Time)","1070.90","1099.50","1070.50","1097.00"
"Wed Jun 12 2002 00:00:00 GMT+0530 (India Standard Time)","1097.10","1100.40","1088.50","1092.80"
"Thu Jun 13 2002 00:00:00 GMT+0530 (India Standard Time)","1093.00","1102.00","1080.80","1082.80"
"Fri Jun 14 2002 00:00:00 GMT+0530 (India Standard Time)","1081.70","1087.50","1079.40","1085.70"
"Mon Jun 17 2002 00:00:00 GMT+0530 (India Standard Time)","1085.80","1097.50","1085.70","1088.90"
"Tue Jun 18 2002 00:00:00 GMT+0530 (India Standard Time)","1088.90","1097.40","1073.70","1074.90"
"Wed Jun 19 2002 00:00:00 GMT+0530 (India Standard Time)","1074.70","1079.20","1056.40","1062.90"
"Thu Jun 20 2002 00:00:00 GMT+0530 (India Standard Time)","1063.00","1074.00","1056.20","1070.00"
"Fri Jun 21 2002 00:00:00 GMT+0530 (India Standard Time)","1069.50","1069.80","1058.90","1062.50"
"Mon Jun 24 2002 00:00:00 GMT+0530 (India Standard Time)","1065.50","1065.50","1054.40","1061.80"
"Tue Jun 25 2002 00:00:00 GMT+0530 (India Standard Time)","1061.90","1063.30","1048.50","1055.40"
"Wed Jun 26 2002 00:00:00 GMT+0530 (India Standard Time)","1055.30","1061.00","1042.20","1044.20"
"Thu Jun 27 2002 00:00:00 GMT+0530 (India Standard Time)","1044.50","1053.70","1044.00","1048.50"
"Fri Jun 28 2002 00:00:00 GMT+0530 (India Standard Time)","1049.40","1068.90","1049.40","1057.80"
"Mon Jul 01 2002 00:00:00 GMT+0530 (India Standard Time)","1058.00","1070.10","1058.00","1068.90"
"Tue Jul 02 2002 00:00:00 GMT+0530 (India Standard Time)","1067.90","1071.70","1064.90","1068.00"
"Wed Jul 03 2002 00:00:00 GMT+0530 (India Standard Time)","1067.80","1074.00","1065.50","1069.90"
"Thu Jul 04 2002 00:00:00 GMT+0530 (India Standard Time)","1069.90","1078.50","1068.40","1070.50"
"Fri Jul 05 2002 00:00:00 GMT+0530 (India Standard Time)","1071.00","1076.20","1067.40","1073.80"
"Mon Jul 08 2002 00:00:00 GMT+0530 (India Standard Time)","1074.00","1085.30","1072.90","1082.00"
"Tue Jul 09 2002 00:00:00 GMT+0530 (India Standard Time)","1081.90","1083.60","1077.50","1080.30"
"Wed Jul 10 2002 00:00:00 GMT+0530 (India Standard Time)","1081.50","1087.40","1069.40","1071.70"
"Thu Jul 11 2002 00:00:00 GMT+0530 (India Standard Time)","1070.90","1070.90","1055.30","1056.50"
"Fri Jul 12 2002 00:00:00 GMT+0530 (India Standard Time)","1057.00","1064.90","1054.90","1058.20"
"Mon Jul 15 2002 00:00:00 GMT+0530 (India Standard Time)","1057.90","1058.40","1043.30","1048.00"
"Tue Jul 16 2002 00:00:00 GMT+0530 (India Standard Time)","1047.90","1051.80","1033.90","1035.90"
"Wed Jul 17 2002 00:00:00 GMT+0530 (India Standard Time)","1035.90","1037.50","1025.00","1032.50"
"Thu Jul 18 2002 00:00:00 GMT+0530 (India Standard Time)","1032.50","1044.00","1032.50","1041.30"
"Fri Jul 19 2002 00:00:00 GMT+0530 (India Standard Time)","1041.30","1041.50","1032.20","1035.90"
"Mon Jul 22 2002 00:00:00 GMT+0530 (India Standard Time)","1035.20","1035.20","1009.00","1012.00"
"Tue Jul 23 2002 00:00:00 GMT+0530 (India Standard Time)","1012.00","1023.60","1005.70","1021.90"
"Wed Jul 24 2002 00:00:00 GMT+0530 (India Standard Time)","1021.80","1022.20","1001.90","1004.00"
"Thu Jul 25 2002 00:00:00 GMT+0530 (India Standard Time)","1004.20","1021.30","997.80","1001.50"
"Fri Jul 26 2002 00:00:00 GMT+0530 (India Standard Time)","1001.00","1001.00","972.50","973.50"
"Mon Jul 29 2002 00:00:00 GMT+0530 (India Standard Time)","973.00","977.90","953.10","971.60"
"Tue Jul 30 2002 00:00:00 GMT+0530 (India Standard Time)","973.00","987.50","956.80","960.60"
"Wed Jul 31 2002 00:00:00 GMT+0530 (India Standard Time)","960.30","964.10","943.60","958.90"
"Thu Aug 01 2002 00:00:00 GMT+0530 (India Standard Time)","959.20","972.00","954.10","957.70"
"Fri Aug 02 2002 00:00:00 GMT+0530 (India Standard Time)","957.50","957.50","935.50","954.70"
"Mon Aug 05 2002 00:00:00 GMT+0530 (India Standard Time)","954.90","966.50","953.90","963.20"
"Tue Aug 06 2002 00:00:00 GMT+0530 (India Standard Time)","963.30","969.50","955.40","966.60"
"Wed Aug 07 2002 00:00:00 GMT+0530 (India Standard Time)","967.70","978.60","966.50","969.10"
"Thu Aug 08 2002 00:00:00 GMT+0530 (India Standard Time)","969.10","971.70","951.20","953.50"
"Fri Aug 09 2002 00:00:00 GMT+0530 (India Standard Time)","953.80","963.80","948.00","961.90"
"Mon Aug 12 2002 00:00:00 GMT+0530 (India Standard Time)","961.10","971.50","961.10","969.80"
"Tue Aug 13 2002 00:00:00 GMT+0530 (India Standard Time)","970.40","977.20","969.90","976.00"
"Wed Aug 14 2002 00:00:00 GMT+0530 (India Standard Time)","976.00","976.20","967.20","969.60"
"Fri Aug 16 2002 00:00:00 GMT+0530 (India Standard Time)","970.70","981.20","968.30","979.20"
"Mon Aug 19 2002 00:00:00 GMT+0530 (India Standard Time)","979.40","983.50","978.20","979.80"
"Tue Aug 20 2002 00:00:00 GMT+0530 (India Standard Time)","979.70","990.80","979.00","988.50"
"Wed Aug 21 2002 00:00:00 GMT+0530 (India Standard Time)","988.60","994.20","984.30","988.40"
"Thu Aug 22 2002 00:00:00 GMT+0530 (India Standard Time)","988.50","995.30","983.40","985.70"
"Fri Aug 23 2002 00:00:00 GMT+0530 (India Standard Time)","985.70","996.40","984.70","995.20"
"Mon Aug 26 2002 00:00:00 GMT+0530 (India Standard Time)","992.40","1001.40","986.10","998.80"
"Tue Aug 27 2002 00:00:00 GMT+0530 (India Standard Time)","998.80","1003.30","985.70","987.70"
"Wed Aug 28 2002 00:00:00 GMT+0530 (India Standard Time)","987.30","988.10","981.10","985.70"
"Thu Aug 29 2002 00:00:00 GMT+0530 (India Standard Time)","985.80","989.40","981.40","987.20"
"Fri Aug 30 2002 00:00:00 GMT+0530 (India Standard Time)","987.60","1012.70","986.70","1010.60"
"Mon Sep 02 2002 00:00:00 GMT+0530 (India Standard Time)","1010.90","1024.60","1010.80","1013.50"
"Tue Sep 03 2002 00:00:00 GMT+0530 (India Standard Time)","1013.60","1014.80","999.40","1001.10"
"Wed Sep 04 2002 00:00:00 GMT+0530 (India Standard Time)","1000.70","1008.80","990.80","1006.90"
"Thu Sep 05 2002 00:00:00 GMT+0530 (India Standard Time)","1006.90","1013.40","1004.20","1008.60"
"Fri Sep 06 2002 00:00:00 GMT+0530 (India Standard Time)","1008.40","1008.40","992.70","995.20"
"Mon Sep 09 2002 00:00:00 GMT+0530 (India Standard Time)","992.00","1005.80","985.20","998.50"
"Wed Sep 11 2002 00:00:00 GMT+0530 (India Standard Time)","998.60","1002.30","993.30","998.80"
"Thu Sep 12 2002 00:00:00 GMT+0530 (India Standard Time)","998.90","1005.10","998.80","1001.60"
"Fri Sep 13 2002 00:00:00 GMT+0530 (India Standard Time)","1001.40","1001.40","989.80","992.00"
"Mon Sep 16 2002 00:00:00 GMT+0530 (India Standard Time)","991.70","997.00","983.50","985.70"
"Tue Sep 17 2002 00:00:00 GMT+0530 (India Standard Time)","985.70","996.80","985.70","994.90"
"Wed Sep 18 2002 00:00:00 GMT+0530 (India Standard Time)","994.10","994.10","981.60","983.60"
"Thu Sep 19 2002 00:00:00 GMT+0530 (India Standard Time)","983.40","985.20","970.80","976.00"
"Fri Sep 20 2002 00:00:00 GMT+0530 (India Standard Time)","975.60","975.60","960.70","969.60"
"Mon Sep 23 2002 00:00:00 GMT+0530 (India Standard Time)","969.80","974.70","967.30","970.30"
"Tue Sep 24 2002 00:00:00 GMT+0530 (India Standard Time)","969.90","969.90","960.20","966.20"
"Wed Sep 25 2002 00:00:00 GMT+0530 (India Standard Time)","964.60","971.80","960.50","970.00"
"Thu Sep 26 2002 00:00:00 GMT+0530 (India Standard Time)","970.10","976.20","968.20","969.90"
"Fri Sep 27 2002 00:00:00 GMT+0530 (India Standard Time)","969.90","978.00","969.20","976.40"
"Mon Sep 30 2002 00:00:00 GMT+0530 (India Standard Time)","976.10","976.10","961.50","963.10"
"Tue Oct 01 2002 00:00:00 GMT+0530 (India Standard Time)","961.10","964.20","950.30","955.20"
"Thu Oct 03 2002 00:00:00 GMT+0530 (India Standard Time)","955.30","957.90","945.80","948.20"
"Fri Oct 04 2002 00:00:00 GMT+0530 (India Standard Time)","948.10","951.80","944.50","948.20"
"Mon Oct 07 2002 00:00:00 GMT+0530 (India Standard Time)","947.80","956.30","946.20","954.70"
"Tue Oct 08 2002 00:00:00 GMT+0530 (India Standard Time)","954.80","963.10","952.50","960.80"
"Wed Oct 09 2002 00:00:00 GMT+0530 (India Standard Time)","960.80","968.70","952.90","954.70"
"Thu Oct 10 2002 00:00:00 GMT+0530 (India Standard Time)","954.80","960.40","945.00","958.40"
"Fri Oct 11 2002 00:00:00 GMT+0530 (India Standard Time)","958.40","973.50","958.40","971.00"
"Mon Oct 14 2002 00:00:00 GMT+0530 (India Standard Time)","971.50","976.50","969.00","972.40"
"Wed Oct 16 2002 00:00:00 GMT+0530 (India Standard Time)","972.90","983.60","971.70","973.60"
"Thu Oct 17 2002 00:00:00 GMT+0530 (India Standard Time)","973.70","976.00","966.50","973.30"
"Fri Oct 18 2002 00:00:00 GMT+0530 (India Standard Time)","973.80","982.50","968.80","971.60"
"Mon Oct 21 2002 00:00:00 GMT+0530 (India Standard Time)","971.70","976.20","965.60","967.30"
"Tue Oct 22 2002 00:00:00 GMT+0530 (India Standard Time)","967.50","976.30","961.60","962.50"
"Wed Oct 23 2002 00:00:00 GMT+0530 (India Standard Time)","962.90","963.70","955.40","957.30"
"Thu Oct 24 2002 00:00:00 GMT+0530 (India Standard Time)","957.70","959.80","945.00","946.90"
"Fri Oct 25 2002 00:00:00 GMT+0530 (India Standard Time)","946.80","946.80","929.20","932.20"
"Mon Oct 28 2002 00:00:00 GMT+0530 (India Standard Time)","932.30","934.90","920.10","922.70"
"Tue Oct 29 2002 00:00:00 GMT+0530 (India Standard Time)","922.50","939.70","921.60","936.90"
"Wed Oct 30 2002 00:00:00 GMT+0530 (India Standard Time)","936.10","944.30","935.90","937.70"
"Thu Oct 31 2002 00:00:00 GMT+0530 (India Standard Time)","937.30","953.30","937.00","951.40"
"Fri Nov 01 2002 00:00:00 GMT+0530 (India Standard Time)","951.40","956.90","946.40","951.40"
"Mon Nov 04 2002 00:00:00 GMT+0530 (India Standard Time)","951.60","965.50","951.60","962.10"
"Tue Nov 05 2002 00:00:00 GMT+0530 (India Standard Time)","962.80","963.70","957.20","962.30"
"Thu Nov 07 2002 00:00:00 GMT+0530 (India Standard Time)","962.30","970.20","957.90","960.70"
"Fri Nov 08 2002 00:00:00 GMT+0530 (India Standard Time)","960.50","960.90","954.30","956.90"
"Mon Nov 11 2002 00:00:00 GMT+0530 (India Standard Time)","957.50","958.50","952.10","954.00"
"Tue Nov 12 2002 00:00:00 GMT+0530 (India Standard Time)","953.90","960.80","948.00","959.80"
"Wed Nov 13 2002 00:00:00 GMT+0530 (India Standard Time)","960.30","965.70","956.90","962.60"
"Thu Nov 14 2002 00:00:00 GMT+0530 (India Standard Time)","964.10","974.10","963.50","971.90"
"Fri Nov 15 2002 00:00:00 GMT+0530 (India Standard Time)","972.30","992.00","972.30","990.30"
"Mon Nov 18 2002 00:00:00 GMT+0530 (India Standard Time)","990.30","1000.30","989.00","996.80"
"Wed Nov 20 2002 00:00:00 GMT+0530 (India Standard Time)","996.80","1007.20","992.30","1001.60"
"Thu Nov 21 2002 00:00:00 GMT+0530 (India Standard Time)","1001.80","1012.70","1001.80","1008.70"
"Fri Nov 22 2002 00:00:00 GMT+0530 (India Standard Time)","1009.50","1026.00","1009.50","1020.10"
"Mon Nov 25 2002 00:00:00 GMT+0530 (India Standard Time)","1020.90","1030.30","1017.50","1026.20"
"Tue Nov 26 2002 00:00:00 GMT+0530 (India Standard Time)","1026.40","1040.40","1026.00","1036.10"
"Wed Nov 27 2002 00:00:00 GMT+0530 (India Standard Time)","1036.30","1042.20","1027.70","1031.00"
"Thu Nov 28 2002 00:00:00 GMT+0530 (India Standard Time)","1031.20","1051.70","1031.20","1049.70"
"Fri Nov 29 2002 00:00:00 GMT+0530 (India Standard Time)","1049.50","1057.40","1040.90","1050.10"
"Mon Dec 02 2002 00:00:00 GMT+0530 (India Standard Time)","1050.10","1070.10","1050.10","1067.90"
"Tue Dec 03 2002 00:00:00 GMT+0530 (India Standard Time)","1067.70","1075.70","1051.80","1055.00"
"Wed Dec 04 2002 00:00:00 GMT+0530 (India Standard Time)","1055.70","1055.70","1034.00","1036.40"
"Thu Dec 05 2002 00:00:00 GMT+0530 (India Standard Time)","1036.70","1052.40","1036.70","1045.90"
"Fri Dec 06 2002 00:00:00 GMT+0530 (India Standard Time)","1047.50","1072.20","1047.50","1069.80"
"Mon Dec 09 2002 00:00:00 GMT+0530 (India Standard Time)","1070.50","1085.70","1054.90","1058.60"
"Tue Dec 10 2002 00:00:00 GMT+0530 (India Standard Time)","1058.30","1066.00","1045.60","1063.70"
"Wed Dec 11 2002 00:00:00 GMT+0530 (India Standard Time)","1064.00","1076.90","1062.30","1069.70"
"Thu Dec 12 2002 00:00:00 GMT+0530 (India Standard Time)","1069.90","1078.80","1066.80","1077.00"
"Fri Dec 13 2002 00:00:00 GMT+0530 (India Standard Time)","1074.40","1087.30","1074.40","1086.20"
"Mon Dec 16 2002 00:00:00 GMT+0530 (India Standard Time)","1089.00","1100.00","1075.50","1078.40"
"Tue Dec 17 2002 00:00:00 GMT+0530 (India Standard Time)","1078.70","1084.90","1069.00","1073.20"
"Wed Dec 18 2002 00:00:00 GMT+0530 (India Standard Time)","1073.20","1083.60","1072.80","1077.90"
"Thu Dec 19 2002 00:00:00 GMT+0530 (India Standard Time)","1077.80","1079.90","1070.50","1076.00"
"Fri Dec 20 2002 00:00:00 GMT+0530 (India Standard Time)","1075.40","1084.90","1075.40","1079.30"
"Mon Dec 23 2002 00:00:00 GMT+0530 (India Standard Time)","1079.30","1082.50","1073.30","1076.00"
"Tue Dec 24 2002 00:00:00 GMT+0530 (India Standard Time)","1075.90","1087.00","1072.60","1085.00"
"Thu Dec 26 2002 00:00:00 GMT+0530 (India Standard Time)","1085.00","1100.40","1085.00","1094.80"
"Fri Dec 27 2002 00:00:00 GMT+0530 (India Standard Time)","1095.60","1103.90","1095.50","1098.40"
"Mon Dec 30 2002 00:00:00 GMT+0530 (India Standard Time)","1095.80","1095.80","1084.30","1091.90"
"Tue Dec 31 2002 00:00:00 GMT+0530 (India Standard Time)","1091.80","1100.00","1091.70","1093.50"
"Wed Jan 01 2003 00:00:00 GMT+0530 (India Standard Time)","1093.50","1102.00","1093.50","1100.10"
"Thu Jan 02 2003 00:00:00 GMT+0530 (India Standard Time)","1100.50","1105.50","1091.20","1093.00"
"Fri Jan 03 2003 00:00:00 GMT+0530 (India Standard Time)","1094.40","1099.80","1087.30","1089.50"
"Mon Jan 06 2003 00:00:00 GMT+0530 (India Standard Time)","1089.70","1093.00","1081.20","1084.30"
"Tue Jan 07 2003 00:00:00 GMT+0530 (India Standard Time)","1084.40","1089.80","1078.90","1081.80"
"Wed Jan 08 2003 00:00:00 GMT+0530 (India Standard Time)","1082.40","1091.40","1082.30","1089.30"
"Thu Jan 09 2003 00:00:00 GMT+0530 (India Standard Time)","1089.70","1099.10","1087.70","1097.30"
"Fri Jan 10 2003 00:00:00 GMT+0530 (India Standard Time)","1097.50","1103.20","1077.40","1080.20"
"Mon Jan 13 2003 00:00:00 GMT+0530 (India Standard Time)","1080.20","1080.40","1070.70","1073.70"
"Tue Jan 14 2003 00:00:00 GMT+0530 (India Standard Time)","1072.70","1080.80","1070.30","1078.90"
"Wed Jan 15 2003 00:00:00 GMT+0530 (India Standard Time)","1077.90","1087.50","1077.80","1085.00"
"Thu Jan 16 2003 00:00:00 GMT+0530 (India Standard Time)","1085.00","1091.30","1083.90","1088.30"
"Fri Jan 17 2003 00:00:00 GMT+0530 (India Standard Time)","1089.30","1090.20","1083.20","1086.50"
"Mon Jan 20 2003 00:00:00 GMT+0530 (India Standard Time)","1086.20","1087.00","1074.20","1076.30"
"Tue Jan 21 2003 00:00:00 GMT+0530 (India Standard Time)","1076.30","1080.50","1074.00","1077.90"
"Wed Jan 22 2003 00:00:00 GMT+0530 (India Standard Time)","1078.40","1086.20","1073.50","1082.90"
"Thu Jan 23 2003 00:00:00 GMT+0530 (India Standard Time)","1081.40","1083.10","1069.00","1070.90"
"Fri Jan 24 2003 00:00:00 GMT+0530 (India Standard Time)","1070.50","1075.20","1053.40","1056.00"
"Mon Jan 27 2003 00:00:00 GMT+0530 (India Standard Time)","1057.80","1059.30","1030.30","1037.60"
"Tue Jan 28 2003 00:00:00 GMT+0530 (India Standard Time)","1036.30","1047.90","1026.70","1046.20"
"Wed Jan 29 2003 00:00:00 GMT+0530 (India Standard Time)","1059.80","1059.80","1033.30","1037.20"
"Thu Jan 30 2003 00:00:00 GMT+0530 (India Standard Time)","1037.10","1050.50","1031.30","1034.50"
"Fri Jan 31 2003 00:00:00 GMT+0530 (India Standard Time)","1034.70","1044.20","1026.20","1041.80"
"Mon Feb 03 2003 00:00:00 GMT+0530 (India Standard Time)","1040.20","1056.50","1036.50","1055.30"
"Tue Feb 04 2003 00:00:00 GMT+0530 (India Standard Time)","1056.50","1063.70","1050.40","1054.80"
"Wed Feb 05 2003 00:00:00 GMT+0530 (India Standard Time)","1054.30","1054.60","1041.70","1047.40"
"Thu Feb 06 2003 00:00:00 GMT+0530 (India Standard Time)","1047.20","1065.90","1043.70","1063.50"
"Fri Feb 07 2003 00:00:00 GMT+0530 (India Standard Time)","1063.70","1065.80","1055.50","1057.50"
"Mon Feb 10 2003 00:00:00 GMT+0530 (India Standard Time)","1058.20","1058.70","1047.10","1048.50"
"Tue Feb 11 2003 00:00:00 GMT+0530 (India Standard Time)","1048.50","1055.80","1044.50","1048.00"
"Wed Feb 12 2003 00:00:00 GMT+0530 (India Standard Time)","1048.10","1051.00","1040.40","1044.40"
"Fri Feb 14 2003 00:00:00 GMT+0530 (India Standard Time)","1044.40","1047.00","1034.00","1036.00"
"Mon Feb 17 2003 00:00:00 GMT+0530 (India Standard Time)","1036.20","1060.50","1036.20","1058.20"
"Tue Feb 18 2003 00:00:00 GMT+0530 (India Standard Time)","1058.90","1065.10","1057.50","1059.30"
"Wed Feb 19 2003 00:00:00 GMT+0530 (India Standard Time)","1059.30","1068.80","1059.30","1064.30"
"Thu Feb 20 2003 00:00:00 GMT+0530 (India Standard Time)","1064.10","1071.70","1058.30","1065.50"
"Fri Feb 21 2003 00:00:00 GMT+0530 (India Standard Time)","1065.50","1069.20","1061.00","1066.00"
"Mon Feb 24 2003 00:00:00 GMT+0530 (India Standard Time)","1066.20","1075.50","1066.20","1070.10"
"Tue Feb 25 2003 00:00:00 GMT+0530 (India Standard Time)","1070.00","1073.20","1054.90","1055.50"
"Wed Feb 26 2003 00:00:00 GMT+0530 (India Standard Time)","1055.50","1059.50","1048.20","1049.60"
"Thu Feb 27 2003 00:00:00 GMT+0530 (India Standard Time)","1049.50","1057.40","1044.90","1052.90"
"Fri Feb 28 2003 00:00:00 GMT+0530 (India Standard Time)","1053.60","1068.60","1053.60","1063.40"
"Mon Mar 03 2003 00:00:00 GMT+0530 (India Standard Time)","1063.50","1070.80","1057.50","1058.80"
"Tue Mar 04 2003 00:00:00 GMT+0530 (India Standard Time)","1058.70","1058.70","1045.20","1046.50"
"Wed Mar 05 2003 00:00:00 GMT+0530 (India Standard Time)","1046.50","1046.50","1029.90","1040.70"
"Thu Mar 06 2003 00:00:00 GMT+0530 (India Standard Time)","1040.30","1040.70","1029.50","1031.20"
"Fri Mar 07 2003 00:00:00 GMT+0530 (India Standard Time)","1031.00","1031.00","1014.30","1017.10"
"Mon Mar 10 2003 00:00:00 GMT+0530 (India Standard Time)","1017.10","1021.50","1004.30","1006.70"
"Tue Mar 11 2003 00:00:00 GMT+0530 (India Standard Time)","1006.60","1016.70","998.90","1014.50"
"Wed Mar 12 2003 00:00:00 GMT+0530 (India Standard Time)","1014.20","1017.70","1000.00","1001.70"
"Thu Mar 13 2003 00:00:00 GMT+0530 (India Standard Time)","1001.50","1006.40","994.20","999.60"
"Mon Mar 17 2003 00:00:00 GMT+0530 (India Standard Time)","999.70","1000.80","982.70","993.00"
"Wed Mar 19 2003 00:00:00 GMT+0530 (India Standard Time)","993.30","1011.40","992.90","1003.90"
"Thu Mar 20 2003 00:00:00 GMT+0530 (India Standard Time)","1003.40","1028.90","1001.70","1025.20"
"Fri Mar 21 2003 00:00:00 GMT+0530 (India Standard Time)","1025.50","1033.70","1022.00","1030.50"
"Sat Mar 22 2003 00:00:00 GMT+0530 (India Standard Time)","1030.50","1039.80","1030.50","1037.10"
"Mon Mar 24 2003 00:00:00 GMT+0530 (India Standard Time)","1037.10","1038.50","1011.90","1013.90"
"Tue Mar 25 2003 00:00:00 GMT+0530 (India Standard Time)","1013.50","1013.50","998.40","1011.30"
"Wed Mar 26 2003 00:00:00 GMT+0530 (India Standard Time)","1011.50","1019.90","1004.80","1013.80"
"Thu Mar 27 2003 00:00:00 GMT+0530 (India Standard Time)","1013.90","1013.90","999.60","1002.70"
"Fri Mar 28 2003 00:00:00 GMT+0530 (India Standard Time)","1002.80","1006.30","996.70","1000.60"
"Mon Mar 31 2003 00:00:00 GMT+0530 (India Standard Time)","1000.60","1000.60","974.10","978.20"
"Tue Apr 01 2003 00:00:00 GMT+0530 (India Standard Time)","977.40","992.00","973.50","984.30"
"Wed Apr 02 2003 00:00:00 GMT+0530 (India Standard Time)","984.40","1002.10","984.40","999.40"
"Thu Apr 03 2003 00:00:00 GMT+0530 (India Standard Time)","999.50","1010.70","999.50","1009.10"
"Fri Apr 04 2003 00:00:00 GMT+0530 (India Standard Time)","1009.10","1018.20","1002.70","1016.90"
"Mon Apr 07 2003 00:00:00 GMT+0530 (India Standard Time)","1017.00","1033.40","1017.00","1031.50"
"Tue Apr 08 2003 00:00:00 GMT+0530 (India Standard Time)","1032.00","1032.00","1016.60","1018.10"
"Wed Apr 09 2003 00:00:00 GMT+0530 (India Standard Time)","1018.00","1018.00","1002.30","1004.80"
"Thu Apr 10 2003 00:00:00 GMT+0530 (India Standard Time)","1003.80","1003.80","958.20","962.20"
"Fri Apr 11 2003 00:00:00 GMT+0530 (India Standard Time)","958.90","965.10","935.70","949.80"
"Tue Apr 15 2003 00:00:00 GMT+0530 (India Standard Time)","951.80","964.20","938.80","951.20"
"Wed Apr 16 2003 00:00:00 GMT+0530 (India Standard Time)","950.60","961.70","949.00","958.60"
"Thu Apr 17 2003 00:00:00 GMT+0530 (India Standard Time)","958.60","958.60","936.70","940.70"
"Mon Apr 21 2003 00:00:00 GMT+0530 (India Standard Time)","941.50","949.70","941.50","947.20"
"Tue Apr 22 2003 00:00:00 GMT+0530 (India Standard Time)","947.10","951.40","937.80","943.50"
"Wed Apr 23 2003 00:00:00 GMT+0530 (India Standard Time)","943.70","951.20","931.50","934.20"
"Thu Apr 24 2003 00:00:00 GMT+0530 (India Standard Time)","934.20","943.10","927.80","929.70"
"Fri Apr 25 2003 00:00:00 GMT+0530 (India Standard Time)","929.40","931.30","921.10","924.30"
"Mon Apr 28 2003 00:00:00 GMT+0530 (India Standard Time)","922.80","931.00","920.00","929.50"
"Tue Apr 29 2003 00:00:00 GMT+0530 (India Standard Time)","929.70","936.90","929.70","932.30"
"Wed Apr 30 2003 00:00:00 GMT+0530 (India Standard Time)","935.20","935.50","929.80","934.00"
"Fri May 02 2003 00:00:00 GMT+0530 (India Standard Time)","930.90","940.20","930.80","938.30"
"Mon May 05 2003 00:00:00 GMT+0530 (India Standard Time)","937.40","948.90","936.60","945.40"
"Tue May 06 2003 00:00:00 GMT+0530 (India Standard Time)","945.80","955.00","943.20","951.80"
"Wed May 07 2003 00:00:00 GMT+0530 (India Standard Time)","950.40","956.60","948.90","950.10"
"Thu May 08 2003 00:00:00 GMT+0530 (India Standard Time)","950.10","951.30","938.70","941.50"
"Fri May 09 2003 00:00:00 GMT+0530 (India Standard Time)","941.60","941.60","935.80","937.80"
"Mon May 12 2003 00:00:00 GMT+0530 (India Standard Time)","938.50","944.40","934.00","936.00"
"Tue May 13 2003 00:00:00 GMT+0530 (India Standard Time)","936.90","945.80","936.70","944.20"
"Wed May 14 2003 00:00:00 GMT+0530 (India Standard Time)","944.20","953.40","943.10","952.10"
"Thu May 15 2003 00:00:00 GMT+0530 (India Standard Time)","952.10","961.60","951.10","959.80"
"Fri May 16 2003 00:00:00 GMT+0530 (India Standard Time)","959.80","974.40","959.80","973.10"
"Mon May 19 2003 00:00:00 GMT+0530 (India Standard Time)","973.70","979.80","964.60","966.50"
"Tue May 20 2003 00:00:00 GMT+0530 (India Standard Time)","964.60","974.00","959.80","971.50"
"Wed May 21 2003 00:00:00 GMT+0530 (India Standard Time)","972.00","980.70","965.50","968.00"
"Thu May 22 2003 00:00:00 GMT+0530 (India Standard Time)","967.90","972.40","960.00","963.20"
"Fri May 23 2003 00:00:00 GMT+0530 (India Standard Time)","963.50","972.90","962.40","967.90"
"Mon May 26 2003 00:00:00 GMT+0530 (India Standard Time)","967.80","983.90","967.10","982.40"
"Tue May 27 2003 00:00:00 GMT+0530 (India Standard Time)","982.30","990.00","974.20","976.80"
"Wed May 28 2003 00:00:00 GMT+0530 (India Standard Time)","977.60","992.20","977.50","990.80"
"Thu May 29 2003 00:00:00 GMT+0530 (India Standard Time)","990.80","1004.80","989.50","1002.60"
"Fri May 30 2003 00:00:00 GMT+0530 (India Standard Time)","1000.00","1013.80","994.60","1006.80"
"Mon Jun 02 2003 00:00:00 GMT+0530 (India Standard Time)","1006.80","1020.50","1004.70","1015.10"
"Tue Jun 03 2003 00:00:00 GMT+0530 (India Standard Time)","1015.90","1016.90","1007.60","1010.60"
"Wed Jun 04 2003 00:00:00 GMT+0530 (India Standard Time)","1010.70","1022.70","1010.10","1021.00"
"Thu Jun 05 2003 00:00:00 GMT+0530 (India Standard Time)","1021.10","1038.30","1021.10","1035.00"
"Fri Jun 06 2003 00:00:00 GMT+0530 (India Standard Time)","1036.20","1048.80","1035.90","1046.40"
"Mon Jun 09 2003 00:00:00 GMT+0530 (India Standard Time)","1046.00","1057.00","1039.80","1052.00"
"Tue Jun 10 2003 00:00:00 GMT+0530 (India Standard Time)","1052.00","1056.50","1033.90","1037.80"
"Wed Jun 11 2003 00:00:00 GMT+0530 (India Standard Time)","1038.00","1048.20","1035.00","1044.00"
"Thu Jun 12 2003 00:00:00 GMT+0530 (India Standard Time)","1044.20","1052.50","1043.00","1051.30"
"Fri Jun 13 2003 00:00:00 GMT+0530 (India Standard Time)","1050.90","1059.40","1050.90","1056.20"
"Mon Jun 16 2003 00:00:00 GMT+0530 (India Standard Time)","1056.50","1059.80","1045.50","1051.80"
"Tue Jun 17 2003 00:00:00 GMT+0530 (India Standard Time)","1052.30","1083.20","1052.30","1081.90"
"Wed Jun 18 2003 00:00:00 GMT+0530 (India Standard Time)","1082.80","1093.20","1080.90","1086.70"
"Thu Jun 19 2003 00:00:00 GMT+0530 (India Standard Time)","1085.90","1097.00","1078.90","1092.50"
"Fri Jun 20 2003 00:00:00 GMT+0530 (India Standard Time)","1092.60","1101.50","1081.30","1100.20"
"Mon Jun 23 2003 00:00:00 GMT+0530 (India Standard Time)","1100.50","1106.10","1087.60","1089.20"
"Tue Jun 24 2003 00:00:00 GMT+0530 (India Standard Time)","1089.20","1092.60","1079.00","1085.30"
"Wed Jun 25 2003 00:00:00 GMT+0530 (India Standard Time)","1085.60","1109.70","1084.30","1106.60"
"Thu Jun 26 2003 00:00:00 GMT+0530 (India Standard Time)","1106.80","1118.90","1106.80","1116.30"
"Fri Jun 27 2003 00:00:00 GMT+0530 (India Standard Time)","1117.40","1126.80","1109.30","1125.50"
"Mon Jun 30 2003 00:00:00 GMT+0530 (India Standard Time)","1125.50","1141.30","1125.50","1134.10"
"Tue Jul 01 2003 00:00:00 GMT+0530 (India Standard Time)","1133.90","1139.00","1125.70","1130.70"
"Wed Jul 02 2003 00:00:00 GMT+0530 (India Standard Time)","1131.50","1145.40","1130.20","1133.80"
"Thu Jul 03 2003 00:00:00 GMT+0530 (India Standard Time)","1133.80","1150.70","1126.30","1144.60"
"Fri Jul 04 2003 00:00:00 GMT+0530 (India Standard Time)","1145.50","1148.80","1134.00","1138.40"
"Mon Jul 07 2003 00:00:00 GMT+0530 (India Standard Time)","1138.90","1145.70","1134.50","1140.50"
"Tue Jul 08 2003 00:00:00 GMT+0530 (India Standard Time)","1141.40","1153.10","1141.30","1145.90"
"Wed Jul 09 2003 00:00:00 GMT+0530 (India Standard Time)","1146.30","1155.30","1137.10","1141.00"
"Thu Jul 10 2003 00:00:00 GMT+0530 (India Standard Time)","1146.00","1163.50","1146.00","1162.30"
"Fri Jul 11 2003 00:00:00 GMT+0530 (India Standard Time)","1162.30","1170.70","1157.40","1161.50"
"Mon Jul 14 2003 00:00:00 GMT+0530 (India Standard Time)","1161.20","1173.90","1161.20","1171.50"
"Tue Jul 15 2003 00:00:00 GMT+0530 (India Standard Time)","1171.50","1175.50","1148.80","1159.80"
"Wed Jul 16 2003 00:00:00 GMT+0530 (India Standard Time)","1158.70","1170.40","1148.50","1168.70"
"Thu Jul 17 2003 00:00:00 GMT+0530 (India Standard Time)","1168.80","1175.90","1145.60","1152.00"
"Fri Jul 18 2003 00:00:00 GMT+0530 (India Standard Time)","1151.80","1162.50","1130.40","1140.00"
"Mon Jul 21 2003 00:00:00 GMT+0530 (India Standard Time)","1140.00","1146.40","1112.50","1115.80"
"Tue Jul 22 2003 00:00:00 GMT+0530 (India Standard Time)","1115.30","1118.20","1089.30","1109.20"
"Wed Jul 23 2003 00:00:00 GMT+0530 (India Standard Time)","1109.50","1124.70","1109.50","1119.00"
"Thu Jul 24 2003 00:00:00 GMT+0530 (India Standard Time)","1119.90","1144.30","1118.50","1139.40"
"Fri Jul 25 2003 00:00:00 GMT+0530 (India Standard Time)","1135.50","1164.70","1135.00","1162.70"
"Mon Jul 28 2003 00:00:00 GMT+0530 (India Standard Time)","1163.20","1180.50","1163.20","1169.20"
"Tue Jul 29 2003 00:00:00 GMT+0530 (India Standard Time)","1169.20","1177.20","1154.80","1174.70"
"Wed Jul 30 2003 00:00:00 GMT+0530 (India Standard Time)","1175.30","1187.70","1168.40","1183.00"
"Thu Jul 31 2003 00:00:00 GMT+0530 (India Standard Time)","1183.30","1198.50","1181.90","1185.80"
"Fri Aug 01 2003 00:00:00 GMT+0530 (India Standard Time)","1185.80","1198.80","1180.30","1195.70"
"Mon Aug 04 2003 00:00:00 GMT+0530 (India Standard Time)","1196.00","1206.00","1185.90","1203.50"
"Tue Aug 05 2003 00:00:00 GMT+0530 (India Standard Time)","1203.90","1218.50","1181.00","1184.40"
"Wed Aug 06 2003 00:00:00 GMT+0530 (India Standard Time)","1184.00","1191.00","1164.70","1171.00"
"Thu Aug 07 2003 00:00:00 GMT+0530 (India Standard Time)","1170.70","1199.70","1170.70","1196.90"
"Fri Aug 08 2003 00:00:00 GMT+0530 (India Standard Time)","1199.70","1224.50","1199.70","1222.50"
"Mon Aug 11 2003 00:00:00 GMT+0530 (India Standard Time)","1222.50","1240.30","1215.70","1232.80"
"Tue Aug 12 2003 00:00:00 GMT+0530 (India Standard Time)","1233.90","1249.30","1229.80","1234.70"
"Wed Aug 13 2003 00:00:00 GMT+0530 (India Standard Time)","1235.30","1249.30","1229.30","1246.90"
"Thu Aug 14 2003 00:00:00 GMT+0530 (India Standard Time)","1247.00","1260.30","1243.40","1247.70"
"Mon Aug 18 2003 00:00:00 GMT+0530 (India Standard Time)","1247.90","1285.70","1247.90","1281.40"
"Tue Aug 19 2003 00:00:00 GMT+0530 (India Standard Time)","1286.00","1307.50","1268.00","1277.70"
"Wed Aug 20 2003 00:00:00 GMT+0530 (India Standard Time)","1280.80","1292.90","1280.80","1287.40"
"Thu Aug 21 2003 00:00:00 GMT+0530 (India Standard Time)","1288.20","1304.10","1287.00","1300.90"
"Fri Aug 22 2003 00:00:00 GMT+0530 (India Standard Time)","1301.50","1319.40","1298.80","1311.10"
"Mon Aug 25 2003 00:00:00 GMT+0530 (India Standard Time)","1311.90","1332.50","1245.80","1271.00"
"Tue Aug 26 2003 00:00:00 GMT+0530 (India Standard Time)","1270.20","1322.90","1269.50","1318.20"
"Wed Aug 27 2003 00:00:00 GMT+0530 (India Standard Time)","1318.70","1346.30","1318.70","1340.30"
"Thu Aug 28 2003 00:00:00 GMT+0530 (India Standard Time)","1340.20","1349.00","1328.30","1341.00"
"Fri Aug 29 2003 00:00:00 GMT+0530 (India Standard Time)","1341.20","1365.80","1340.80","1356.50"
"Mon Sep 01 2003 00:00:00 GMT+0530 (India Standard Time)","1356.70","1379.40","1356.60","1375.90"
"Tue Sep 02 2003 00:00:00 GMT+0530 (India Standard Time)","1375.90","1388.90","1366.90","1385.40"
"Wed Sep 03 2003 00:00:00 GMT+0530 (India Standard Time)","1387.20","1394.90","1353.60","1359.30"
"Thu Sep 04 2003 00:00:00 GMT+0530 (India Standard Time)","1358.90","1382.60","1355.80","1372.70"
"Fri Sep 05 2003 00:00:00 GMT+0530 (India Standard Time)","1373.00","1400.90","1372.70","1398.40"
"Mon Sep 08 2003 00:00:00 GMT+0530 (India Standard Time)","1398.40","1420.20","1398.30","1417.30"
"Tue Sep 09 2003 00:00:00 GMT+0530 (India Standard Time)","1417.80","1430.70","1397.60","1407.00"
"Wed Sep 10 2003 00:00:00 GMT+0530 (India Standard Time)","1407.00","1414.10","1389.60","1409.50"
"Thu Sep 11 2003 00:00:00 GMT+0530 (India Standard Time)","1409.60","1422.40","1399.60","1403.10"
"Fri Sep 12 2003 00:00:00 GMT+0530 (India Standard Time)","1405.50","1415.60","1367.10","1372.10"
"Mon Sep 15 2003 00:00:00 GMT+0530 (India Standard Time)","1371.70","1371.80","1322.60","1329.20"
"Tue Sep 16 2003 00:00:00 GMT+0530 (India Standard Time)","1330.10","1362.10","1299.50","1357.90"
"Wed Sep 17 2003 00:00:00 GMT+0530 (India Standard Time)","1357.90","1377.40","1332.20","1341.60"
"Thu Sep 18 2003 00:00:00 GMT+0530 (India Standard Time)","1341.40","1342.60","1299.20","1302.30"
"Fri Sep 19 2003 00:00:00 GMT+0530 (India Standard Time)","1303.20","1331.00","1285.20","1322.10"
"Mon Sep 22 2003 00:00:00 GMT+0530 (India Standard Time)","1319.20","1333.50","1300.20","1302.90"
"Tue Sep 23 2003 00:00:00 GMT+0530 (India Standard Time)","1302.80","1333.70","1290.50","1328.20"
"Wed Sep 24 2003 00:00:00 GMT+0530 (India Standard Time)","1324.80","1373.90","1322.60","1372.00"
"Thu Sep 25 2003 00:00:00 GMT+0530 (India Standard Time)","1371.40","1377.20","1352.80","1357.20"
"Fri Sep 26 2003 00:00:00 GMT+0530 (India Standard Time)","1357.50","1389.30","1357.30","1386.90"
"Mon Sep 29 2003 00:00:00 GMT+0530 (India Standard Time)","1386.90","1422.30","1386.10","1399.90"
"Tue Sep 30 2003 00:00:00 GMT+0530 (India Standard Time)","1400.70","1418.10","1399.80","1417.10"
"Wed Oct 01 2003 00:00:00 GMT+0530 (India Standard Time)","1416.60","1430.90","1407.90","1420.80"
"Fri Oct 03 2003 00:00:00 GMT+0530 (India Standard Time)","1420.80","1451.20","1420.80","1449.30"
"Mon Oct 06 2003 00:00:00 GMT+0530 (India Standard Time)","1449.40","1481.00","1423.70","1478.90"
"Tue Oct 07 2003 00:00:00 GMT+0530 (India Standard Time)","1478.90","1498.40","1467.70","1477.80"
"Wed Oct 08 2003 00:00:00 GMT+0530 (India Standard Time)","1477.80","1493.00","1460.60","1478.60"
"Thu Oct 09 2003 00:00:00 GMT+0530 (India Standard Time)","1487.80","1505.00","1478.40","1502.10"
"Fri Oct 10 2003 00:00:00 GMT+0530 (India Standard Time)","1507.10","1527.20","1505.10","1523.10"
"Mon Oct 13 2003 00:00:00 GMT+0530 (India Standard Time)","1523.30","1550.90","1516.00","1546.70"
"Tue Oct 14 2003 00:00:00 GMT+0530 (India Standard Time)","1548.70","1562.80","1513.70","1520.80"
"Wed Oct 15 2003 00:00:00 GMT+0530 (India Standard Time)","1521.40","1543.80","1503.00","1537.00"
"Thu Oct 16 2003 00:00:00 GMT+0530 (India Standard Time)","1537.30","1563.40","1537.30","1555.70"
"Fri Oct 17 2003 00:00:00 GMT+0530 (India Standard Time)","1565.20","1574.10","1552.10","1569.40"
"Mon Oct 20 2003 00:00:00 GMT+0530 (India Standard Time)","1569.70","1574.10","1536.50","1542.70"
"Tue Oct 21 2003 00:00:00 GMT+0530 (India Standard Time)","1546.20","1549.60","1496.90","1506.50"
"Wed Oct 22 2003 00:00:00 GMT+0530 (India Standard Time)","1506.70","1522.60","1483.00","1494.10"
"Thu Oct 23 2003 00:00:00 GMT+0530 (India Standard Time)","1494.70","1503.00","1466.20","1470.40"
"Fri Oct 24 2003 00:00:00 GMT+0530 (India Standard Time)","1485.80","1512.50","1434.70","1506.00"
"Sat Oct 25 2003 00:00:00 GMT+0530 (India Standard Time)","1506.00","1533.00","1506.00","1521.90"
"Mon Oct 27 2003 00:00:00 GMT+0530 (India Standard Time)","1522.00","1524.00","1482.00","1485.30"
"Tue Oct 28 2003 00:00:00 GMT+0530 (India Standard Time)","1485.40","1500.80","1471.30","1481.70"
"Wed Oct 29 2003 00:00:00 GMT+0530 (India Standard Time)","1481.30","1501.70","1477.10","1498.40"
"Thu Oct 30 2003 00:00:00 GMT+0530 (India Standard Time)","1499.20","1524.20","1495.80","1516.80"
"Fri Oct 31 2003 00:00:00 GMT+0530 (India Standard Time)","1517.10","1559.70","1515.50","1555.90"
"Mon Nov 03 2003 00:00:00 GMT+0530 (India Standard Time)","1556.50","1605.60","1556.50","1601.60"
"Tue Nov 04 2003 00:00:00 GMT+0530 (India Standard Time)","1601.30","1626.40","1601.30","1618.70"
"Wed Nov 05 2003 00:00:00 GMT+0530 (India Standard Time)","1618.70","1627.60","1592.50","1609.10"
"Thu Nov 06 2003 00:00:00 GMT+0530 (India Standard Time)","1610.50","1630.20","1605.40","1612.20"
"Fri Nov 07 2003 00:00:00 GMT+0530 (India Standard Time)","1612.10","1624.50","1585.30","1592.00"
"Mon Nov 10 2003 00:00:00 GMT+0530 (India Standard Time)","1603.50","1603.60","1568.10","1594.50"
"Tue Nov 11 2003 00:00:00 GMT+0530 (India Standard Time)","1594.50","1608.80","1590.90","1601.10"
"Wed Nov 12 2003 00:00:00 GMT+0530 (India Standard Time)","1601.30","1617.70","1598.00","1603.80"
"Thu Nov 13 2003 00:00:00 GMT+0530 (India Standard Time)","1610.40","1616.10","1573.60","1579.90"
"Fri Nov 14 2003 00:00:00 GMT+0530 (India Standard Time)","1577.20","1580.30","1544.70","1550.40"
"Sat Nov 15 2003 00:00:00 GMT+0530 (India Standard Time)","1549.60","1571.30","1542.00","1562.80"
"Mon Nov 17 2003 00:00:00 GMT+0530 (India Standard Time)","1563.10","1584.70","1554.40","1579.90"
"Tue Nov 18 2003 00:00:00 GMT+0530 (India Standard Time)","1579.10","1591.20","1557.20","1564.40"
"Wed Nov 19 2003 00:00:00 GMT+0530 (India Standard Time)","1563.90","1564.00","1534.30","1540.60"
"Thu Nov 20 2003 00:00:00 GMT+0530 (India Standard Time)","1542.80","1558.10","1517.90","1522.30"
"Fri Nov 21 2003 00:00:00 GMT+0530 (India Standard Time)","1520.40","1547.00","1509.10","1540.70"
"Mon Nov 24 2003 00:00:00 GMT+0530 (India Standard Time)","1541.30","1554.00","1536.50","1543.90"
"Tue Nov 25 2003 00:00:00 GMT+0530 (India Standard Time)","1543.90","1572.00","1543.90","1568.60"
"Thu Nov 27 2003 00:00:00 GMT+0530 (India Standard Time)","1568.80","1602.60","1568.70","1598.30"
"Fri Nov 28 2003 00:00:00 GMT+0530 (India Standard Time)","1598.50","1618.90","1598.50","1615.20"
"Mon Dec 01 2003 00:00:00 GMT+0530 (India Standard Time)","1615.80","1660.50","1615.70","1657.60"
"Tue Dec 02 2003 00:00:00 GMT+0530 (India Standard Time)","1657.60","1671.80","1639.60","1658.50"
"Wed Dec 03 2003 00:00:00 GMT+0530 (India Standard Time)","1660.70","1676.20","1655.90","1670.50"
"Thu Dec 04 2003 00:00:00 GMT+0530 (India Standard Time)","1670.60","1683.70","1656.10","1675.20"
"Fri Dec 05 2003 00:00:00 GMT+0530 (India Standard Time)","1675.50","1688.20","1642.00","1645.80"
"Mon Dec 08 2003 00:00:00 GMT+0530 (India Standard Time)","1644.80","1654.30","1631.80","1646.20"
"Tue Dec 09 2003 00:00:00 GMT+0530 (India Standard Time)","1646.40","1677.90","1646.40","1675.80"
"Wed Dec 10 2003 00:00:00 GMT+0530 (India Standard Time)","1675.70","1697.30","1672.60","1686.90"
"Thu Dec 11 2003 00:00:00 GMT+0530 (India Standard Time)","1688.30","1701.70","1678.30","1695.40"
"Fri Dec 12 2003 00:00:00 GMT+0530 (India Standard Time)","1695.80","1705.90","1686.40","1698.90"
"Mon Dec 15 2003 00:00:00 GMT+0530 (India Standard Time)","1699.70","1728.00","1699.70","1723.90"
"Tue Dec 16 2003 00:00:00 GMT+0530 (India Standard Time)","1723.90","1740.30","1711.30","1736.20"
"Wed Dec 17 2003 00:00:00 GMT+0530 (India Standard Time)","1736.30","1746.20","1725.40","1733.20"
"Thu Dec 18 2003 00:00:00 GMT+0530 (India Standard Time)","1733.20","1759.00","1725.80","1756.10"
"Fri Dec 19 2003 00:00:00 GMT+0530 (India Standard Time)","1757.00","1783.70","1755.40","1778.50"
"Mon Dec 22 2003 00:00:00 GMT+0530 (India Standard Time)","1778.80","1794.30","1778.40","1789.10"
"Tue Dec 23 2003 00:00:00 GMT+0530 (India Standard Time)","1789.10","1800.90","1751.00","1780.30"
"Wed Dec 24 2003 00:00:00 GMT+0530 (India Standard Time)","1788.40","1815.60","1780.30","1808.70"
"Fri Dec 26 2003 00:00:00 GMT+0530 (India Standard Time)","1804.70","1840.30","1804.70","1837.00"
"Mon Dec 29 2003 00:00:00 GMT+0530 (India Standard Time)","1838.00","1876.00","1837.60","1874.00"
"Tue Dec 30 2003 00:00:00 GMT+0530 (India Standard Time)","1878.90","1914.40","1858.50","1873.20"
"Wed Dec 31 2003 00:00:00 GMT+0530 (India Standard Time)","1868.90","1895.60","1852.50","1879.70"
"Thu Jan 01 2004 00:00:00 GMT+0530 (India Standard Time)","1880.30","1917.00","1880.30","1912.20"
"Fri Jan 02 2004 00:00:00 GMT+0530 (India Standard Time)","1912.20","1951.70","1911.00","1946.00"
"Mon Jan 05 2004 00:00:00 GMT+0530 (India Standard Time)","1946.30","1969.20","1930.70","1955.00"
"Tue Jan 06 2004 00:00:00 GMT+0530 (India Standard Time)","1955.10","1979.00","1908.70","1926.70"
"Wed Jan 07 2004 00:00:00 GMT+0530 (India Standard Time)","1927.90","1930.90","1888.10","1916.70"
"Thu Jan 08 2004 00:00:00 GMT+0530 (India Standard Time)","1918.10","1973.40","1918.10","1968.50"
"Fri Jan 09 2004 00:00:00 GMT+0530 (India Standard Time)","1969.00","2014.60","1957.40","1971.90"
"Mon Jan 12 2004 00:00:00 GMT+0530 (India Standard Time)","1972.00","1980.50","1936.70","1945.60"
"Tue Jan 13 2004 00:00:00 GMT+0530 (India Standard Time)","1944.70","1967.80","1926.10","1963.60"
"Wed Jan 14 2004 00:00:00 GMT+0530 (India Standard Time)","1987.40","1995.20","1970.10","1982.10"
"Thu Jan 15 2004 00:00:00 GMT+0530 (India Standard Time)","1983.20","2000.30","1933.20","1944.40"
"Fri Jan 16 2004 00:00:00 GMT+0530 (India Standard Time)","1944.10","1953.00","1887.10","1900.60"
"Mon Jan 19 2004 00:00:00 GMT+0530 (India Standard Time)","1901.90","1943.10","1874.90","1935.30"
"Tue Jan 20 2004 00:00:00 GMT+0530 (India Standard Time)","1928.80","1957.60","1876.80","1893.20"
"Wed Jan 21 2004 00:00:00 GMT+0530 (India Standard Time)","1895.40","1899.50","1811.30","1824.60"
"Thu Jan 22 2004 00:00:00 GMT+0530 (India Standard Time)","1824.70","1854.50","1756.20","1770.50"
"Fri Jan 23 2004 00:00:00 GMT+0530 (India Standard Time)","1771.10","1858.50","1771.10","1847.50"
"Tue Jan 27 2004 00:00:00 GMT+0530 (India Standard Time)","1847.90","1911.30","1844.60","1904.70"
"Wed Jan 28 2004 00:00:00 GMT+0530 (India Standard Time)","1903.90","1918.40","1846.30","1863.10"
"Thu Jan 29 2004 00:00:00 GMT+0530 (India Standard Time)","1863.00","1883.10","1827.20","1843.60"
"Fri Jan 30 2004 00:00:00 GMT+0530 (India Standard Time)","1843.70","1860.40","1804.30","1809.70"
"Tue Feb 03 2004 00:00:00 GMT+0530 (India Standard Time)","1809.30","1815.90","1755.60","1769.00"
"Wed Feb 04 2004 00:00:00 GMT+0530 (India Standard Time)","1769.10","1829.60","1761.70","1822.20"
"Thu Feb 05 2004 00:00:00 GMT+0530 (India Standard Time)","1823.50","1846.70","1787.10","1804.50"
"Fri Feb 06 2004 00:00:00 GMT+0530 (India Standard Time)","1804.30","1837.90","1797.90","1833.60"
"Mon Feb 09 2004 00:00:00 GMT+0530 (India Standard Time)","1834.90","1885.20","1833.00","1880.70"
"Tue Feb 10 2004 00:00:00 GMT+0530 (India Standard Time)","1880.80","1897.00","1861.60","1880.70"
"Wed Feb 11 2004 00:00:00 GMT+0530 (India Standard Time)","1891.80","1894.80","1874.50","1891.50"
"Thu Feb 12 2004 00:00:00 GMT+0530 (India Standard Time)","1892.20","1906.10","1869.20","1885.30"
"Fri Feb 13 2004 00:00:00 GMT+0530 (India Standard Time)","1875.60","1916.20","1873.20","1913.60"
"Mon Feb 16 2004 00:00:00 GMT+0530 (India Standard Time)","1914.40","1929.50","1909.40","1913.50"
"Tue Feb 17 2004 00:00:00 GMT+0530 (India Standard Time)","1913.50","1926.10","1905.50","1920.10"
"Wed Feb 18 2004 00:00:00 GMT+0530 (India Standard Time)","1920.00","1935.80","1912.60","1916.40"
"Thu Feb 19 2004 00:00:00 GMT+0530 (India Standard Time)","1916.60","1919.70","1851.80","1858.30"
"Fri Feb 20 2004 00:00:00 GMT+0530 (India Standard Time)","1858.20","1872.80","1831.10","1852.60"
"Mon Feb 23 2004 00:00:00 GMT+0530 (India Standard Time)","1853.00","1867.20","1800.20","1808.20"
"Tue Feb 24 2004 00:00:00 GMT+0530 (India Standard Time)","1808.40","1826.80","1780.30","1821.30"
"Wed Feb 25 2004 00:00:00 GMT+0530 (India Standard Time)","1833.60","1834.10","1779.00","1786.80"
"Thu Feb 26 2004 00:00:00 GMT+0530 (India Standard Time)","1787.40","1818.60","1760.50","1765.80"
"Fri Feb 27 2004 00:00:00 GMT+0530 (India Standard Time)","1765.90","1807.40","1763.90","1800.30"
"Mon Mar 01 2004 00:00:00 GMT+0530 (India Standard Time)","1798.30","1856.40","1795.30","1852.70"
"Wed Mar 03 2004 00:00:00 GMT+0530 (India Standard Time)","1852.40","1868.20","1842.40","1860.40"
"Thu Mar 04 2004 00:00:00 GMT+0530 (India Standard Time)","1859.30","1867.90","1831.20","1843.80"
"Fri Mar 05 2004 00:00:00 GMT+0530 (India Standard Time)","1843.90","1871.10","1843.90","1867.70"
"Mon Mar 08 2004 00:00:00 GMT+0530 (India Standard Time)","1868.10","1891.90","1867.90","1885.20"
"Tue Mar 09 2004 00:00:00 GMT+0530 (India Standard Time)","1884.50","1898.70","1843.00","1866.00"
"Wed Mar 10 2004 00:00:00 GMT+0530 (India Standard Time)","1866.30","1866.40","1835.80","1844.30"
"Thu Mar 11 2004 00:00:00 GMT+0530 (India Standard Time)","1843.90","1843.90","1798.40","1805.40"
"Fri Mar 12 2004 00:00:00 GMT+0530 (India Standard Time)","1805.20","1820.90","1775.90","1812.20"
"Mon Mar 15 2004 00:00:00 GMT+0530 (India Standard Time)","1812.40","1836.00","1751.80","1763.40"
"Tue Mar 16 2004 00:00:00 GMT+0530 (India Standard Time)","1763.30","1769.50","1730.10","1749.30"
"Wed Mar 17 2004 00:00:00 GMT+0530 (India Standard Time)","1749.60","1765.00","1738.80","1749.80"
"Thu Mar 18 2004 00:00:00 GMT+0530 (India Standard Time)","1750.00","1754.90","1708.30","1716.60"
"Fri Mar 19 2004 00:00:00 GMT+0530 (India Standard Time)","1716.30","1738.60","1703.50","1725.10"
"Mon Mar 22 2004 00:00:00 GMT+0530 (India Standard Time)","1726.30","1726.30","1678.40","1685.00"
"Tue Mar 23 2004 00:00:00 GMT+0530 (India Standard Time)","1685.10","1710.40","1669.70","1696.40"
"Wed Mar 24 2004 00:00:00 GMT+0530 (India Standard Time)","1697.40","1700.60","1676.40","1692.10"
"Thu Mar 25 2004 00:00:00 GMT+0530 (India Standard Time)","1691.90","1720.60","1691.90","1704.40"
"Fri Mar 26 2004 00:00:00 GMT+0530 (India Standard Time)","1704.40","1755.40","1703.80","1747.50"
"Mon Mar 29 2004 00:00:00 GMT+0530 (India Standard Time)","1747.30","1766.10","1739.50","1762.00"
"Tue Mar 30 2004 00:00:00 GMT+0530 (India Standard Time)","1762.10","1775.40","1746.20","1750.10"
"Wed Mar 31 2004 00:00:00 GMT+0530 (India Standard Time)","1744.60","1775.30","1740.20","1771.90"
"Thu Apr 01 2004 00:00:00 GMT+0530 (India Standard Time)","1771.40","1823.00","1771.40","1819.60"
"Fri Apr 02 2004 00:00:00 GMT+0530 (India Standard Time)","1856.10","1856.30","1809.00","1841.10"
"Mon Apr 05 2004 00:00:00 GMT+0530 (India Standard Time)","1841.10","1878.80","1840.00","1856.60"
"Tue Apr 06 2004 00:00:00 GMT+0530 (India Standard Time)","1870.80","1876.10","1836.90","1851.10"
"Wed Apr 07 2004 00:00:00 GMT+0530 (India Standard Time)","1856.40","1865.20","1833.90","1848.70"
"Thu Apr 08 2004 00:00:00 GMT+0530 (India Standard Time)","1854.00","1864.90","1839.70","1853.50"
"Mon Apr 12 2004 00:00:00 GMT+0530 (India Standard Time)","1860.30","1873.70","1828.90","1838.20"
"Tue Apr 13 2004 00:00:00 GMT+0530 (India Standard Time)","1838.50","1885.10","1819.80","1878.40"
"Thu Apr 15 2004 00:00:00 GMT+0530 (India Standard Time)","1878.50","1884.50","1855.00","1861.90"
"Fri Apr 16 2004 00:00:00 GMT+0530 (India Standard Time)","1863.80","1882.50","1861.80","1868.90"
"Sat Apr 17 2004 00:00:00 GMT+0530 (India Standard Time)","1869.20","1875.90","1864.90","1868.10"
"Mon Apr 19 2004 00:00:00 GMT+0530 (India Standard Time)","1868.20","1876.20","1837.40","1844.00"
"Tue Apr 20 2004 00:00:00 GMT+0530 (India Standard Time)","1844.40","1851.00","1832.00","1844.20"
"Wed Apr 21 2004 00:00:00 GMT+0530 (India Standard Time)","1844.30","1876.00","1838.60","1873.30"
"Thu Apr 22 2004 00:00:00 GMT+0530 (India Standard Time)","1873.50","1894.60","1871.00","1889.50"
"Fri Apr 23 2004 00:00:00 GMT+0530 (India Standard Time)","1890.80","1912.30","1885.70","1892.40"
"Tue Apr 27 2004 00:00:00 GMT+0530 (India Standard Time)","1890.00","1893.10","1814.00","1817.20"
"Wed Apr 28 2004 00:00:00 GMT+0530 (India Standard Time)","1819.00","1833.90","1801.80","1816.50"
"Thu Apr 29 2004 00:00:00 GMT+0530 (India Standard Time)","1816.70","1818.90","1793.10","1808.90"
"Fri Apr 30 2004 00:00:00 GMT+0530 (India Standard Time)","1820.50","1841.40","1788.30","1796.10"
"Mon May 03 2004 00:00:00 GMT+0530 (India Standard Time)","1796.10","1801.40","1742.80","1766.70"
"Tue May 04 2004 00:00:00 GMT+0530 (India Standard Time)","1769.10","1803.10","1768.80","1793.10"
"Wed May 05 2004 00:00:00 GMT+0530 (India Standard Time)","1789.40","1814.30","1788.10","1809.90"
"Thu May 06 2004 00:00:00 GMT+0530 (India Standard Time)","1810.30","1837.90","1810.30","1832.80"
"Fri May 07 2004 00:00:00 GMT+0530 (India Standard Time)","1832.80","1833.10","1796.90","1804.40"
"Mon May 10 2004 00:00:00 GMT+0530 (India Standard Time)","1804.40","1804.40","1753.80","1769.10"
"Tue May 11 2004 00:00:00 GMT+0530 (India Standard Time)","1768.70","1768.70","1692.90","1699.40"
"Wed May 12 2004 00:00:00 GMT+0530 (India Standard Time)","1699.20","1721.30","1689.80","1711.10"
"Thu May 13 2004 00:00:00 GMT+0530 (India Standard Time)","1707.90","1750.30","1625.10","1717.50"
"Fri May 14 2004 00:00:00 GMT+0530 (India Standard Time)","1717.00","1722.80","1566.90","1582.40"
"Mon May 17 2004 00:00:00 GMT+0530 (India Standard Time)","1582.50","1583.80","1292.20","1388.70"
"Tue May 18 2004 00:00:00 GMT+0530 (India Standard Time)","1392.90","1517.60","1389.60","1503.90"
"Wed May 19 2004 00:00:00 GMT+0530 (India Standard Time)","1508.00","1576.00","1508.00","1567.80"
"Thu May 20 2004 00:00:00 GMT+0530 (India Standard Time)","1566.50","1591.00","1531.30","1543.80"
"Fri May 21 2004 00:00:00 GMT+0530 (India Standard Time)","1545.00","1566.10","1498.10","1560.20"
"Mon May 24 2004 00:00:00 GMT+0530 (India Standard Time)","1563.60","1613.60","1563.00","1608.80"
"Tue May 25 2004 00:00:00 GMT+0530 (India Standard Time)","1608.90","1621.40","1566.40","1606.70"
"Wed May 26 2004 00:00:00 GMT+0530 (India Standard Time)","1608.10","1625.70","1587.00","1598.80"
"Thu May 27 2004 00:00:00 GMT+0530 (India Standard Time)","1590.10","1606.00","1576.00","1586.40"
"Fri May 28 2004 00:00:00 GMT+0530 (India Standard Time)","1586.35","1587.10","1504.00","1508.75"
"Mon May 31 2004 00:00:00 GMT+0530 (India Standard Time)","1507.05","1509.05","1456.20","1483.60"
"Tue Jun 01 2004 00:00:00 GMT+0530 (India Standard Time)","1483.90","1529.60","1483.90","1507.90"
"Wed Jun 02 2004 00:00:00 GMT+0530 (India Standard Time)","1508.00","1543.30","1508.00","1535.20"
"Thu Jun 03 2004 00:00:00 GMT+0530 (India Standard Time)","1535.80","1566.50","1484.50","1495.10"
"Fri Jun 04 2004 00:00:00 GMT+0530 (India Standard Time)","1494.85","1527.00","1480.80","1521.10"
"Mon Jun 07 2004 00:00:00 GMT+0530 (India Standard Time)","1521.60","1557.50","1521.60","1542.55"
"Tue Jun 08 2004 00:00:00 GMT+0530 (India Standard Time)","1542.60","1557.00","1526.45","1550.55"
"Wed Jun 09 2004 00:00:00 GMT+0530 (India Standard Time)","1550.45","1561.60","1541.60","1548.30"
"Thu Jun 10 2004 00:00:00 GMT+0530 (India Standard Time)","1547.70","1552.75","1535.00","1544.75"
"Fri Jun 11 2004 00:00:00 GMT+0530 (India Standard Time)","1544.95","1547.40","1504.80","1508.45"
"Mon Jun 14 2004 00:00:00 GMT+0530 (India Standard Time)","1508.15","1509.60","1474.65","1481.35"
"Tue Jun 15 2004 00:00:00 GMT+0530 (India Standard Time)","1481.45","1507.85","1481.00","1501.00"
"Wed Jun 16 2004 00:00:00 GMT+0530 (India Standard Time)","1500.95","1525.20","1490.45","1494.75"
"Thu Jun 17 2004 00:00:00 GMT+0530 (India Standard Time)","1494.70","1519.20","1482.20","1512.05"
"Fri Jun 18 2004 00:00:00 GMT+0530 (India Standard Time)","1511.95","1515.05","1485.05","1491.20"
"Mon Jun 21 2004 00:00:00 GMT+0530 (India Standard Time)","1490.75","1499.80","1478.85","1482.00"
"Tue Jun 22 2004 00:00:00 GMT+0530 (India Standard Time)","1482.85","1489.60","1467.65","1474.70"
"Wed Jun 23 2004 00:00:00 GMT+0530 (India Standard Time)","1474.80","1481.45","1442.55","1446.10"
"Thu Jun 24 2004 00:00:00 GMT+0530 (India Standard Time)","1445.35","1474.30","1437.90","1470.75"
"Fri Jun 25 2004 00:00:00 GMT+0530 (India Standard Time)","1471.50","1494.00","1459.55","1488.50"
"Mon Jun 28 2004 00:00:00 GMT+0530 (India Standard Time)","1488.60","1516.95","1488.60","1514.35"
"Tue Jun 29 2004 00:00:00 GMT+0530 (India Standard Time)","1514.35","1528.50","1503.30","1518.30"
"Wed Jun 30 2004 00:00:00 GMT+0530 (India Standard Time)","1518.70","1532.15","1501.70","1505.60"
"Thu Jul 01 2004 00:00:00 GMT+0530 (India Standard Time)","1506.65","1539.15","1504.55","1537.20"
"Fri Jul 02 2004 00:00:00 GMT+0530 (India Standard Time)","1537.05","1547.65","1516.15","1537.50"
"Mon Jul 05 2004 00:00:00 GMT+0530 (India Standard Time)","1537.55","1546.00","1522.90","1526.85"
"Tue Jul 06 2004 00:00:00 GMT+0530 (India Standard Time)","1526.65","1561.00","1524.15","1558.25"
"Wed Jul 07 2004 00:00:00 GMT+0530 (India Standard Time)","1558.05","1578.50","1551.35","1566.80"
"Thu Jul 08 2004 00:00:00 GMT+0530 (India Standard Time)","1567.25","1586.55","1504.50","1518.15"
"Fri Jul 09 2004 00:00:00 GMT+0530 (India Standard Time)","1517.45","1557.75","1472.55","1553.20"
"Mon Jul 12 2004 00:00:00 GMT+0530 (India Standard Time)","1548.60","1562.80","1537.70","1556.95"
"Tue Jul 13 2004 00:00:00 GMT+0530 (India Standard Time)","1560.00","1569.75","1530.60","1539.30"
"Wed Jul 14 2004 00:00:00 GMT+0530 (India Standard Time)","1535.10","1552.25","1519.35","1522.75"
"Thu Jul 15 2004 00:00:00 GMT+0530 (India Standard Time)","1523.10","1543.25","1517.80","1539.40"
"Fri Jul 16 2004 00:00:00 GMT+0530 (India Standard Time)","1538.15","1562.00","1533.65","1558.80"
"Mon Jul 19 2004 00:00:00 GMT+0530 (India Standard Time)","1559.20","1582.35","1556.55","1571.60"
"Tue Jul 20 2004 00:00:00 GMT+0530 (India Standard Time)","1571.70","1581.05","1555.55","1566.10"
"Wed Jul 21 2004 00:00:00 GMT+0530 (India Standard Time)","1566.15","1600.70","1562.90","1581.40"
"Thu Jul 22 2004 00:00:00 GMT+0530 (India Standard Time)","1581.60","1609.55","1580.95","1598.10"
"Fri Jul 23 2004 00:00:00 GMT+0530 (India Standard Time)","1587.60","1610.85","1587.60","1601.60"
"Mon Jul 26 2004 00:00:00 GMT+0530 (India Standard Time)","1602.15","1620.35","1584.65","1618.00"
"Tue Jul 27 2004 00:00:00 GMT+0530 (India Standard Time)","1617.95","1629.35","1597.20","1600.75"
"Wed Jul 28 2004 00:00:00 GMT+0530 (India Standard Time)","1600.85","1609.45","1586.15","1594.15"
"Thu Jul 29 2004 00:00:00 GMT+0530 (India Standard Time)","1594.70","1624.30","1590.15","1618.70"
"Fri Jul 30 2004 00:00:00 GMT+0530 (India Standard Time)","1618.90","1638.70","1609.90","1632.30"
"Mon Aug 02 2004 00:00:00 GMT+0530 (India Standard Time)","1631.55","1643.80","1627.25","1639.05"
"Tue Aug 03 2004 00:00:00 GMT+0530 (India Standard Time)","1639.95","1648.35","1626.30","1630.60"
"Wed Aug 04 2004 00:00:00 GMT+0530 (India Standard Time)","1631.30","1635.95","1618.20","1626.55"
"Thu Aug 05 2004 00:00:00 GMT+0530 (India Standard Time)","1626.40","1656.25","1626.40","1654.95"
"Fri Aug 06 2004 00:00:00 GMT+0530 (India Standard Time)","1654.85","1658.70","1626.70","1633.40"
"Mon Aug 09 2004 00:00:00 GMT+0530 (India Standard Time)","1633.25","1644.40","1617.05","1642.60"
"Tue Aug 10 2004 00:00:00 GMT+0530 (India Standard Time)","1642.75","1656.60","1637.70","1652.15"
"Wed Aug 11 2004 00:00:00 GMT+0530 (India Standard Time)","1652.10","1658.90","1616.85","1621.60"
"Thu Aug 12 2004 00:00:00 GMT+0530 (India Standard Time)","1624.30","1629.15","1599.50","1607.20"
"Fri Aug 13 2004 00:00:00 GMT+0530 (India Standard Time)","1598.20","1612.70","1591.60","1598.20"
"Mon Aug 16 2004 00:00:00 GMT+0530 (India Standard Time)","1597.50","1603.20","1582.35","1599.15"
"Tue Aug 17 2004 00:00:00 GMT+0530 (India Standard Time)","1624.00","1628.45","1597.45","1604.35"
"Wed Aug 18 2004 00:00:00 GMT+0530 (India Standard Time)","1604.15","1604.15","1577.25","1581.80"
"Thu Aug 19 2004 00:00:00 GMT+0530 (India Standard Time)","1581.90","1612.50","1581.90","1609.20"
"Fri Aug 20 2004 00:00:00 GMT+0530 (India Standard Time)","1609.20","1610.60","1584.05","1590.35"
"Mon Aug 23 2004 00:00:00 GMT+0530 (India Standard Time)","1590.90","1595.55","1573.70","1578.20"
"Tue Aug 24 2004 00:00:00 GMT+0530 (India Standard Time)","1578.20","1597.90","1578.05","1591.60"
"Wed Aug 25 2004 00:00:00 GMT+0530 (India Standard Time)","1592.20","1598.55","1586.35","1595.70"
"Thu Aug 26 2004 00:00:00 GMT+0530 (India Standard Time)","1595.75","1613.25","1593.45","1610.75"
"Fri Aug 27 2004 00:00:00 GMT+0530 (India Standard Time)","1610.85","1617.25","1600.15","1609.00"
"Mon Aug 30 2004 00:00:00 GMT+0530 (India Standard Time)","1609.45","1629.90","1609.20","1628.45"
"Tue Aug 31 2004 00:00:00 GMT+0530 (India Standard Time)","1628.50","1634.80","1618.30","1631.75"
"Wed Sep 01 2004 00:00:00 GMT+0530 (India Standard Time)","1631.70","1640.55","1631.10","1635.45"
"Thu Sep 02 2004 00:00:00 GMT+0530 (India Standard Time)","1635.50","1641.25","1619.90","1629.30"
"Fri Sep 03 2004 00:00:00 GMT+0530 (India Standard Time)","1629.65","1636.10","1622.10","1634.10"
"Mon Sep 06 2004 00:00:00 GMT+0530 (India Standard Time)","1634.60","1649.15","1634.45","1644.00"
"Tue Sep 07 2004 00:00:00 GMT+0530 (India Standard Time)","1643.95","1653.15","1641.80","1650.15"
"Wed Sep 08 2004 00:00:00 GMT+0530 (India Standard Time)","1650.60","1658.85","1648.25","1656.25"
"Thu Sep 09 2004 00:00:00 GMT+0530 (India Standard Time)","1656.25","1662.40","1640.25","1649.00"
"Fri Sep 10 2004 00:00:00 GMT+0530 (India Standard Time)","1649.45","1670.95","1642.35","1668.75"
"Mon Sep 13 2004 00:00:00 GMT+0530 (India Standard Time)","1668.25","1681.75","1668.05","1675.20"
"Tue Sep 14 2004 00:00:00 GMT+0530 (India Standard Time)","1675.20","1686.80","1668.45","1685.55"
"Wed Sep 15 2004 00:00:00 GMT+0530 (India Standard Time)","1685.70","1694.45","1675.85","1683.20"
"Thu Sep 16 2004 00:00:00 GMT+0530 (India Standard Time)","1683.60","1708.00","1677.35","1705.70"
"Fri Sep 17 2004 00:00:00 GMT+0530 (India Standard Time)","1702.70","1736.40","1702.70","1733.65"
"Mon Sep 20 2004 00:00:00 GMT+0530 (India Standard Time)","1734.05","1741.55","1725.30","1728.80"
"Tue Sep 21 2004 00:00:00 GMT+0530 (India Standard Time)","1728.75","1753.00","1724.70","1750.20"
"Wed Sep 22 2004 00:00:00 GMT+0530 (India Standard Time)","1749.75","1760.80","1736.30","1753.90"
"Thu Sep 23 2004 00:00:00 GMT+0530 (India Standard Time)","1753.10","1753.15","1723.40","1726.15"
"Fri Sep 24 2004 00:00:00 GMT+0530 (India Standard Time)","1726.15","1736.90","1717.20","1722.50"
"Mon Sep 27 2004 00:00:00 GMT+0530 (India Standard Time)","1722.40","1726.15","1707.95","1717.50"
"Tue Sep 28 2004 00:00:00 GMT+0530 (India Standard Time)","1717.45","1717.90","1697.40","1700.25"
"Wed Sep 29 2004 00:00:00 GMT+0530 (India Standard Time)","1700.55","1730.30","1695.70","1727.95"
"Thu Sep 30 2004 00:00:00 GMT+0530 (India Standard Time)","1728.30","1748.20","1728.20","1745.50"
"Fri Oct 01 2004 00:00:00 GMT+0530 (India Standard Time)","1744.40","1778.65","1737.85","1775.15"
"Mon Oct 04 2004 00:00:00 GMT+0530 (India Standard Time)","1776.75","1813.90","1775.45","1805.65"
"Tue Oct 05 2004 00:00:00 GMT+0530 (India Standard Time)","1805.85","1816.55","1798.60","1812.45"
"Wed Oct 06 2004 00:00:00 GMT+0530 (India Standard Time)","1811.70","1824.80","1790.60","1794.90"
"Thu Oct 07 2004 00:00:00 GMT+0530 (India Standard Time)","1793.00","1821.85","1793.00","1815.70"
"Fri Oct 08 2004 00:00:00 GMT+0530 (India Standard Time)","1815.65","1825.15","1808.75","1820.20"
"Sat Oct 09 2004 00:00:00 GMT+0530 (India Standard Time)","1812.85","1824.90","1812.80","1817.80"
"Mon Oct 11 2004 00:00:00 GMT+0530 (India Standard Time)","1817.85","1829.45","1803.50","1807.75"
"Tue Oct 12 2004 00:00:00 GMT+0530 (India Standard Time)","1808.45","1820.90","1783.05","1786.90"
"Thu Oct 14 2004 00:00:00 GMT+0530 (India Standard Time)","1784.80","1805.70","1773.00","1794.75"
"Fri Oct 15 2004 00:00:00 GMT+0530 (India Standard Time)","1794.80","1814.05","1789.55","1795.00"
"Mon Oct 18 2004 00:00:00 GMT+0530 (India Standard Time)","1796.05","1806.15","1782.95","1786.00"
"Tue Oct 19 2004 00:00:00 GMT+0530 (India Standard Time)","1787.20","1813.90","1787.20","1808.40"
"Wed Oct 20 2004 00:00:00 GMT+0530 (India Standard Time)","1808.60","1815.20","1785.45","1790.05"
"Thu Oct 21 2004 00:00:00 GMT+0530 (India Standard Time)","1790.35","1795.40","1772.40","1779.75"
"Mon Oct 25 2004 00:00:00 GMT+0530 (India Standard Time)","1780.00","1783.55","1753.50","1757.25"
"Tue Oct 26 2004 00:00:00 GMT+0530 (India Standard Time)","1777.85","1782.10","1750.30","1781.05"
"Wed Oct 27 2004 00:00:00 GMT+0530 (India Standard Time)","1781.15","1797.55","1774.20","1783.85"
"Thu Oct 28 2004 00:00:00 GMT+0530 (India Standard Time)","1783.90","1808.15","1783.90","1800.10"
"Fri Oct 29 2004 00:00:00 GMT+0530 (India Standard Time)","1800.85","1808.85","1783.10","1786.90"
"Mon Nov 01 2004 00:00:00 GMT+0530 (India Standard Time)","1787.30","1800.25","1776.70","1797.75"
"Tue Nov 02 2004 00:00:00 GMT+0530 (India Standard Time)","1798.30","1817.10","1798.30","1813.70"
"Wed Nov 03 2004 00:00:00 GMT+0530 (India Standard Time)","1814.15","1838.40","1814.15","1837.40"
"Thu Nov 04 2004 00:00:00 GMT+0530 (India Standard Time)","1837.80","1853.05","1830.50","1834.85"
"Fri Nov 05 2004 00:00:00 GMT+0530 (India Standard Time)","1836.05","1854.40","1836.00","1852.30"
"Mon Nov 08 2004 00:00:00 GMT+0530 (India Standard Time)","1852.45","1871.05","1852.45","1862.80"
"Tue Nov 09 2004 00:00:00 GMT+0530 (India Standard Time)","1863.55","1869.45","1853.45","1858.75"
"Wed Nov 10 2004 00:00:00 GMT+0530 (India Standard Time)","1859.65","1878.20","1857.70","1876.10"
"Thu Nov 11 2004 00:00:00 GMT+0530 (India Standard Time)","1876.45","1884.65","1866.95","1870.55"
"Fri Nov 12 2004 00:00:00 GMT+0530 (India Standard Time)","1871.90","1885.05","1866.75","1872.95"
"Tue Nov 16 2004 00:00:00 GMT+0530 (India Standard Time)","1872.80","1881.40","1862.80","1879.00"
"Wed Nov 17 2004 00:00:00 GMT+0530 (India Standard Time)","1879.05","1892.15","1874.35","1888.65"
"Thu Nov 18 2004 00:00:00 GMT+0530 (India Standard Time)","1890.45","1895.30","1880.80","1892.05"
"Fri Nov 19 2004 00:00:00 GMT+0530 (India Standard Time)","1891.95","1898.15","1869.35","1872.35"
"Mon Nov 22 2004 00:00:00 GMT+0530 (India Standard Time)","1872.55","1878.05","1845.10","1873.35"
"Tue Nov 23 2004 00:00:00 GMT+0530 (India Standard Time)","1873.35","1900.05","1873.35","1892.60"
"Wed Nov 24 2004 00:00:00 GMT+0530 (India Standard Time)","1893.15","1907.35","1889.85","1904.05"
"Thu Nov 25 2004 00:00:00 GMT+0530 (India Standard Time)","1904.25","1915.80","1892.60","1901.05"
"Mon Nov 29 2004 00:00:00 GMT+0530 (India Standard Time)","1899.30","1942.95","1894.60","1939.65"
"Tue Nov 30 2004 00:00:00 GMT+0530 (India Standard Time)","1940.25","1963.80","1940.25","1958.80"
"Wed Dec 01 2004 00:00:00 GMT+0530 (India Standard Time)","1960.75","1971.60","1944.50","1962.05"
"Thu Dec 02 2004 00:00:00 GMT+0530 (India Standard Time)","1962.75","2001.55","1962.75","1999.00"
"Fri Dec 03 2004 00:00:00 GMT+0530 (India Standard Time)","1991.90","2011.90","1990.30","1996.20"
"Mon Dec 06 2004 00:00:00 GMT+0530 (India Standard Time)","1996.30","2012.25","1989.95","1993.15"
"Tue Dec 07 2004 00:00:00 GMT+0530 (India Standard Time)","1990.60","2002.60","1981.15","1992.70"
"Wed Dec 08 2004 00:00:00 GMT+0530 (India Standard Time)","1994.15","2009.70","1973.15","1977.95"
"Thu Dec 09 2004 00:00:00 GMT+0530 (India Standard Time)","1977.80","1995.70","1964.50","1989.95"
"Fri Dec 10 2004 00:00:00 GMT+0530 (India Standard Time)","1990.20","1999.70","1964.65","1969.00"
"Mon Dec 13 2004 00:00:00 GMT+0530 (India Standard Time)","1970.60","1987.00","1964.80","1985.35"
"Tue Dec 14 2004 00:00:00 GMT+0530 (India Standard Time)","1985.20","2008.80","1972.85","2006.80"
"Wed Dec 15 2004 00:00:00 GMT+0530 (India Standard Time)","2006.80","2034.35","2006.80","2028.70"
"Thu Dec 16 2004 00:00:00 GMT+0530 (India Standard Time)","2028.80","2039.20","2019.50","2033.20"
"Fri Dec 17 2004 00:00:00 GMT+0530 (India Standard Time)","2032.85","2037.70","2007.20","2012.10"
"Mon Dec 20 2004 00:00:00 GMT+0530 (India Standard Time)","2012.50","2029.50","2007.15","2026.85"
"Tue Dec 21 2004 00:00:00 GMT+0530 (India Standard Time)","2027.80","2047.50","2025.25","2044.65"
"Wed Dec 22 2004 00:00:00 GMT+0530 (India Standard Time)","2040.60","2053.90","2029.85","2035.35"
"Thu Dec 23 2004 00:00:00 GMT+0530 (India Standard Time)","2035.60","2049.30","2031.90","2045.15"
"Fri Dec 24 2004 00:00:00 GMT+0530 (India Standard Time)","2045.35","2065.60","2045.30","2062.69"
"Mon Dec 27 2004 00:00:00 GMT+0530 (India Standard Time)","2061.60","2079.05","2046.25","2062.60"
"Tue Dec 28 2004 00:00:00 GMT+0530 (India Standard Time)","2063.60","2074.60","2060.05","2071.35"
"Wed Dec 29 2004 00:00:00 GMT+0530 (India Standard Time)","2071.55","2086.15","2062.35","2069.60"
"Thu Dec 30 2004 00:00:00 GMT+0530 (India Standard Time)","2070.55","2088.44","2052.25","2059.80"
"Fri Dec 31 2004 00:00:00 GMT+0530 (India Standard Time)","2059.85","2083.00","2059.85","2080.50"
"Mon Jan 03 2005 00:00:00 GMT+0530 (India Standard Time)","2080.00","2118.60","2080.00","2115.00"
"Tue Jan 04 2005 00:00:00 GMT+0530 (India Standard Time)","2116.94","2120.15","2100.55","2103.75"
"Wed Jan 05 2005 00:00:00 GMT+0530 (India Standard Time)","2103.75","2105.10","1990.15","2032.20"
"Thu Jan 06 2005 00:00:00 GMT+0530 (India Standard Time)","2031.55","2035.65","1984.25","1998.35"
"Fri Jan 07 2005 00:00:00 GMT+0530 (India Standard Time)","1998.25","2021.45","1992.55","2015.50"
"Mon Jan 10 2005 00:00:00 GMT+0530 (India Standard Time)","2016.75","2025.90","1974.80","1982.00"
"Tue Jan 11 2005 00:00:00 GMT+0530 (India Standard Time)","1982.70","1988.90","1947.35","1952.05"
"Wed Jan 12 2005 00:00:00 GMT+0530 (India Standard Time)","1953.60","1966.65","1900.85","1913.60"
"Thu Jan 13 2005 00:00:00 GMT+0530 (India Standard Time)","1922.50","1963.40","1916.95","1954.55"
"Fri Jan 14 2005 00:00:00 GMT+0530 (India Standard Time)","1954.90","1961.40","1922.85","1931.10"
"Mon Jan 17 2005 00:00:00 GMT+0530 (India Standard Time)","1931.75","1944.55","1902.45","1932.90"
"Tue Jan 18 2005 00:00:00 GMT+0530 (India Standard Time)","1933.05","1956.95","1925.35","1934.05"
"Wed Jan 19 2005 00:00:00 GMT+0530 (India Standard Time)","1934.10","1945.65","1922.35","1926.65"
"Thu Jan 20 2005 00:00:00 GMT+0530 (India Standard Time)","1928.10","1940.95","1900.05","1925.30"
"Mon Jan 24 2005 00:00:00 GMT+0530 (India Standard Time)","1925.30","1932.75","1902.90","1909.00"
"Tue Jan 25 2005 00:00:00 GMT+0530 (India Standard Time)","1908.85","1934.25","1894.40","1931.85"
"Thu Jan 27 2005 00:00:00 GMT+0530 (India Standard Time)","1931.90","1961.75","1929.00","1955.00"
"Fri Jan 28 2005 00:00:00 GMT+0530 (India Standard Time)","1955.25","2014.25","1950.85","2008.30"
"Mon Jan 31 2005 00:00:00 GMT+0530 (India Standard Time)","2008.45","2060.40","2006.35","2057.60"
"Tue Feb 01 2005 00:00:00 GMT+0530 (India Standard Time)","2057.75","2072.50","2045.25","2059.85"
"Wed Feb 02 2005 00:00:00 GMT+0530 (India Standard Time)","2062.15","2074.50","2045.50","2052.25"
"Thu Feb 03 2005 00:00:00 GMT+0530 (India Standard Time)","2052.35","2083.75","2052.35","2079.44"
"Fri Feb 04 2005 00:00:00 GMT+0530 (India Standard Time)","2079.40","2099.19","2060.80","2077.94"
"Mon Feb 07 2005 00:00:00 GMT+0530 (India Standard Time)","2097.44","2098.00","2049.85","2055.10"
"Tue Feb 08 2005 00:00:00 GMT+0530 (India Standard Time)","2055.00","2065.00","2043.60","2055.15"
"Wed Feb 09 2005 00:00:00 GMT+0530 (India Standard Time)","2055.19","2077.69","2055.19","2070.00"
"Thu Feb 10 2005 00:00:00 GMT+0530 (India Standard Time)","2070.10","2075.10","2049.85","2063.35"
"Fri Feb 11 2005 00:00:00 GMT+0530 (India Standard Time)","2063.35","2084.50","2063.35","2082.05"
"Mon Feb 14 2005 00:00:00 GMT+0530 (India Standard Time)","2083.05","2110.15","2083.05","2098.25"
"Tue Feb 15 2005 00:00:00 GMT+0530 (India Standard Time)","2098.25","2101.60","2081.19","2089.94"
"Wed Feb 16 2005 00:00:00 GMT+0530 (India Standard Time)","2090.00","2103.40","2059.44","2068.80"
"Thu Feb 17 2005 00:00:00 GMT+0530 (India Standard Time)","2069.10","2069.15","2045.85","2061.90"
"Fri Feb 18 2005 00:00:00 GMT+0530 (India Standard Time)","2062.44","2076.69","2048.85","2055.55"
"Mon Feb 21 2005 00:00:00 GMT+0530 (India Standard Time)","2055.15","2065.75","2039.90","2043.20"
"Tue Feb 22 2005 00:00:00 GMT+0530 (India Standard Time)","2043.40","2061.65","2036.60","2058.40"
"Wed Feb 23 2005 00:00:00 GMT+0530 (India Standard Time)","2058.69","2065.15","2051.35","2057.10"
"Thu Feb 24 2005 00:00:00 GMT+0530 (India Standard Time)","2057.75","2070.50","2052.40","2055.30"
"Fri Feb 25 2005 00:00:00 GMT+0530 (India Standard Time)","2057.30","2081.85","2051.19","2060.90"
"Mon Feb 28 2005 00:00:00 GMT+0530 (India Standard Time)","2061.19","2106.19","2047.70","2103.25"
"Tue Mar 01 2005 00:00:00 GMT+0530 (India Standard Time)","2103.10","2115.10","2073.80","2084.40"
"Wed Mar 02 2005 00:00:00 GMT+0530 (India Standard Time)","2084.60","2096.35","2080.55","2093.25"
"Thu Mar 03 2005 00:00:00 GMT+0530 (India Standard Time)","2093.40","2132.75","2093.35","2128.85"
"Fri Mar 04 2005 00:00:00 GMT+0530 (India Standard Time)","2129.10","2152.75","2129.10","2148.15"
"Mon Mar 07 2005 00:00:00 GMT+0530 (India Standard Time)","2148.25","2166.85","2143.05","2160.10"
"Tue Mar 08 2005 00:00:00 GMT+0530 (India Standard Time)","2160.65","2173.85","2154.00","2168.94"
"Wed Mar 09 2005 00:00:00 GMT+0530 (India Standard Time)","2169.10","2183.44","2141.35","2160.80"
"Thu Mar 10 2005 00:00:00 GMT+0530 (India Standard Time)","2160.85","2170.19","2145.75","2167.40"
"Fri Mar 11 2005 00:00:00 GMT+0530 (India Standard Time)","2167.69","2182.10","2148.69","2154.00"
"Mon Mar 14 2005 00:00:00 GMT+0530 (India Standard Time)","2153.80","2164.15","2140.90","2146.35"
"Tue Mar 15 2005 00:00:00 GMT+0530 (India Standard Time)","2146.55","2151.35","2122.00","2128.94"
"Wed Mar 16 2005 00:00:00 GMT+0530 (India Standard Time)","2129.35","2158.90","2121.10","2125.55"
"Thu Mar 17 2005 00:00:00 GMT+0530 (India Standard Time)","2123.94","2126.55","2090.44","2098.50"
"Fri Mar 18 2005 00:00:00 GMT+0530 (India Standard Time)","2097.75","2112.25","2077.19","2109.15"
"Mon Mar 21 2005 00:00:00 GMT+0530 (India Standard Time)","2117.94","2124.80","2089.35","2096.60"
"Tue Mar 22 2005 00:00:00 GMT+0530 (India Standard Time)","2096.75","2099.00","2056.50","2061.60"
"Wed Mar 23 2005 00:00:00 GMT+0530 (India Standard Time)","2061.19","2067.44","2019.85","2026.40"
"Thu Mar 24 2005 00:00:00 GMT+0530 (India Standard Time)","2026.60","2042.45","2007.35","2015.40"
"Mon Mar 28 2005 00:00:00 GMT+0530 (India Standard Time)","2015.75","2046.85","2015.25","2029.45"
"Tue Mar 29 2005 00:00:00 GMT+0530 (India Standard Time)","2029.40","2032.65","1971.55","1983.85"
"Wed Mar 30 2005 00:00:00 GMT+0530 (India Standard Time)","1983.65","2000.45","1971.15","1993.70"
"Thu Mar 31 2005 00:00:00 GMT+0530 (India Standard Time)","1994.50","2043.60","1994.50","2035.65"
"Fri Apr 01 2005 00:00:00 GMT+0530 (India Standard Time)","2035.90","2071.19","2024.25","2067.60"
"Mon Apr 04 2005 00:00:00 GMT+0530 (India Standard Time)","2067.65","2076.60","2054.90","2063.40"
"Tue Apr 05 2005 00:00:00 GMT+0530 (India Standard Time)","2063.19","2077.94","2043.70","2052.50"
"Wed Apr 06 2005 00:00:00 GMT+0530 (India Standard Time)","2054.00","2073.10","2051.30","2069.30"
"Thu Apr 07 2005 00:00:00 GMT+0530 (India Standard Time)","2069.15","2084.90","2048.05","2052.80"
"Fri Apr 08 2005 00:00:00 GMT+0530 (India Standard Time)","2053.05","2057.50","2024.80","2031.20"
"Mon Apr 11 2005 00:00:00 GMT+0530 (India Standard Time)","2032.75","2033.00","2001.85","2008.20"
"Tue Apr 12 2005 00:00:00 GMT+0530 (India Standard Time)","2002.75","2027.80","2002.75","2024.90"
"Wed Apr 13 2005 00:00:00 GMT+0530 (India Standard Time)","2024.90","2038.85","2018.10","2025.40"
"Fri Apr 15 2005 00:00:00 GMT+0530 (India Standard Time)","2022.50","2022.50","1952.75","1956.30"
"Mon Apr 18 2005 00:00:00 GMT+0530 (India Standard Time)","1955.50","1959.25","1914.85","1927.80"
"Tue Apr 19 2005 00:00:00 GMT+0530 (India Standard Time)","1927.90","1961.15","1902.80","1909.40"
"Wed Apr 20 2005 00:00:00 GMT+0530 (India Standard Time)","1908.50","1941.85","1902.90","1929.70"
"Thu Apr 21 2005 00:00:00 GMT+0530 (India Standard Time)","1930.50","1950.00","1911.40","1948.50"
"Fri Apr 22 2005 00:00:00 GMT+0530 (India Standard Time)","1950.60","1972.95","1950.00","1967.30"
"Mon Apr 25 2005 00:00:00 GMT+0530 (India Standard Time)","1968.45","1974.20","1952.40","1970.90"
"Tue Apr 26 2005 00:00:00 GMT+0530 (India Standard Time)","1971.05","1972.85","1951.80","1957.10"
"Wed Apr 27 2005 00:00:00 GMT+0530 (India Standard Time)","1959.45","1962.20","1930.35","1935.40"
"Thu Apr 28 2005 00:00:00 GMT+0530 (India Standard Time)","1935.65","1950.25","1921.05","1941.30"
"Fri Apr 29 2005 00:00:00 GMT+0530 (India Standard Time)","1943.20","1943.20","1896.30","1902.50"
"Mon May 02 2005 00:00:00 GMT+0530 (India Standard Time)","1903.10","1925.60","1898.15","1916.70"
"Tue May 03 2005 00:00:00 GMT+0530 (India Standard Time)","1916.95","1940.10","1911.00","1920.70"
"Wed May 04 2005 00:00:00 GMT+0530 (India Standard Time)","1920.50","1944.45","1920.15","1942.60"
"Thu May 05 2005 00:00:00 GMT+0530 (India Standard Time)","1942.60","1973.35","1942.05","1963.30"
"Fri May 06 2005 00:00:00 GMT+0530 (India Standard Time)","1962.30","1984.40","1947.30","1977.50"
"Mon May 09 2005 00:00:00 GMT+0530 (India Standard Time)","1978.05","2003.15","1978.05","2000.70"
"Tue May 10 2005 00:00:00 GMT+0530 (India Standard Time)","2001.00","2007.80","1989.10","1994.30"
"Wed May 11 2005 00:00:00 GMT+0530 (India Standard Time)","1990.55","1991.85","1975.05","1985.90"
"Thu May 12 2005 00:00:00 GMT+0530 (India Standard Time)","1985.95","1999.85","1981.95","1993.10"
"Fri May 13 2005 00:00:00 GMT+0530 (India Standard Time)","1992.50","1992.75","1978.90","1988.30"
"Mon May 16 2005 00:00:00 GMT+0530 (India Standard Time)","1991.50","2014.95","1989.70","2012.60"
"Tue May 17 2005 00:00:00 GMT+0530 (India Standard Time)","2013.10","2024.60","1984.75","1990.80"
"Wed May 18 2005 00:00:00 GMT+0530 (India Standard Time)","1990.65","1990.95","1964.65","1982.70"
"Thu May 19 2005 00:00:00 GMT+0530 (India Standard Time)","1983.15","2008.35","1983.15","1990.80"
"Fri May 20 2005 00:00:00 GMT+0530 (India Standard Time)","1991.85","1998.20","1975.95","1992.40"
"Mon May 23 2005 00:00:00 GMT+0530 (India Standard Time)","1992.10","2019.35","1991.70","2013.90"
"Tue May 24 2005 00:00:00 GMT+0530 (India Standard Time)","2016.00","2031.90","2009.55","2028.60"
"Wed May 25 2005 00:00:00 GMT+0530 (India Standard Time)","2028.55","2047.45","2019.00","2043.80"
"Thu May 26 2005 00:00:00 GMT+0530 (India Standard Time)","2043.50","2078.65","2025.65","2074.69"
"Fri May 27 2005 00:00:00 GMT+0530 (India Standard Time)","2073.25","2099.35","2069.50","2076.40"
"Mon May 30 2005 00:00:00 GMT+0530 (India Standard Time)","2076.55","2086.85","2064.85","2072.40"
"Tue May 31 2005 00:00:00 GMT+0530 (India Standard Time)","2072.50","2091.75","2066.55","2087.50"
"Wed Jun 01 2005 00:00:00 GMT+0530 (India Standard Time)","2087.80","2097.60","2081.19","2087.50"
"Thu Jun 02 2005 00:00:00 GMT+0530 (India Standard Time)","2087.85","2093.44","2062.55","2064.60"
"Fri Jun 03 2005 00:00:00 GMT+0530 (India Standard Time)","2064.10","2097.25","2061.35","2094.19"
"Sat Jun 04 2005 00:00:00 GMT+0530 (India Standard Time)","2094.10","2098.10","2087.00","2092.30"
"Mon Jun 06 2005 00:00:00 GMT+0530 (India Standard Time)","2092.00","2109.10","2087.40","2092.80"
"Tue Jun 07 2005 00:00:00 GMT+0530 (India Standard Time)","2091.94","2102.85","2084.35","2098.10"
"Wed Jun 08 2005 00:00:00 GMT+0530 (India Standard Time)","2094.69","2115.25","2094.05","2112.40"
"Thu Jun 09 2005 00:00:00 GMT+0530 (India Standard Time)","2112.25","2118.65","2097.55","2103.19"
"Fri Jun 10 2005 00:00:00 GMT+0530 (India Standard Time)","2103.44","2133.10","2086.30","2090.60"
"Mon Jun 13 2005 00:00:00 GMT+0530 (India Standard Time)","2090.69","2106.65","2081.69","2102.69"
"Tue Jun 14 2005 00:00:00 GMT+0530 (India Standard Time)","2103.65","2113.85","2098.69","2112.30"
"Wed Jun 15 2005 00:00:00 GMT+0530 (India Standard Time)","2110.50","2131.94","2110.35","2128.60"
"Thu Jun 16 2005 00:00:00 GMT+0530 (India Standard Time)","2128.30","2135.10","2114.55","2123.69"
"Fri Jun 17 2005 00:00:00 GMT+0530 (India Standard Time)","2123.60","2131.75","2103.90","2123.40"
"Mon Jun 20 2005 00:00:00 GMT+0530 (India Standard Time)","2130.80","2150.25","2124.65","2144.30"
"Tue Jun 21 2005 00:00:00 GMT+0530 (India Standard Time)","2144.75","2173.25","2140.15","2170.00"
"Wed Jun 22 2005 00:00:00 GMT+0530 (India Standard Time)","2167.80","2196.44","2167.35","2187.30"
"Thu Jun 23 2005 00:00:00 GMT+0530 (India Standard Time)","2187.35","2192.10","2174.05","2183.80"
"Fri Jun 24 2005 00:00:00 GMT+0530 (India Standard Time)","2184.00","2204.44","2162.94","2194.30"
"Mon Jun 27 2005 00:00:00 GMT+0530 (India Standard Time)","2194.35","2219.65","2188.15","2199.80"
"Tue Jun 28 2005 00:00:00 GMT+0530 (India Standard Time)","2199.80","2206.80","2165.90","2169.80"
"Wed Jun 29 2005 00:00:00 GMT+0530 (India Standard Time)","2170.19","2194.25","2162.00","2191.60"
"Thu Jun 30 2005 00:00:00 GMT+0530 (India Standard Time)","2191.55","2226.15","2189.44","2220.60"
"Fri Jul 01 2005 00:00:00 GMT+0530 (India Standard Time)","2220.44","2220.55","2198.90","2211.90"
"Mon Jul 04 2005 00:00:00 GMT+0530 (India Standard Time)","2212.05","2232.19","2211.40","2230.60"
"Tue Jul 05 2005 00:00:00 GMT+0530 (India Standard Time)","2231.19","2238.60","2205.10","2210.69"
"Wed Jul 06 2005 00:00:00 GMT+0530 (India Standard Time)","2211.35","2232.65","2211.30","2228.19"
"Thu Jul 07 2005 00:00:00 GMT+0530 (India Standard Time)","2228.30","2235.80","2171.25","2179.40"
"Fri Jul 08 2005 00:00:00 GMT+0530 (India Standard Time)","2183.55","2210.69","2179.05","2196.19"
"Mon Jul 11 2005 00:00:00 GMT+0530 (India Standard Time)","2195.55","2224.65","2195.55","2218.80"
"Tue Jul 12 2005 00:00:00 GMT+0530 (India Standard Time)","2219.10","2233.19","2191.69","2220.80"
"Wed Jul 13 2005 00:00:00 GMT+0530 (India Standard Time)","2221.44","2234.15","2200.05","2204.00"
"Thu Jul 14 2005 00:00:00 GMT+0530 (India Standard Time)","2204.40","2212.55","2178.60","2185.10"
"Fri Jul 15 2005 00:00:00 GMT+0530 (India Standard Time)","2185.10","2216.50","2181.85","2212.50"
"Mon Jul 18 2005 00:00:00 GMT+0530 (India Standard Time)","2212.94","2248.69","2212.94","2234.00"
"Tue Jul 19 2005 00:00:00 GMT+0530 (India Standard Time)","2234.25","2246.69","2227.19","2237.30"
"Wed Jul 20 2005 00:00:00 GMT+0530 (India Standard Time)","2236.90","2252.00","2236.90","2241.90"
"Thu Jul 21 2005 00:00:00 GMT+0530 (India Standard Time)","2240.94","2251.85","2221.19","2230.50"
"Fri Jul 22 2005 00:00:00 GMT+0530 (India Standard Time)","2231.00","2268.55","2223.15","2265.60"
"Mon Jul 25 2005 00:00:00 GMT+0530 (India Standard Time)","2266.65","2293.94","2266.65","2291.69"
"Tue Jul 26 2005 00:00:00 GMT+0530 (India Standard Time)","2289.25","2307.10","2279.80","2303.10"
"Wed Jul 27 2005 00:00:00 GMT+0530 (India Standard Time)","2304.25","2324.00","2292.85","2319.10"
"Fri Jul 29 2005 00:00:00 GMT+0530 (India Standard Time)","2318.05","2332.55","2280.85","2312.30"
"Mon Aug 01 2005 00:00:00 GMT+0530 (India Standard Time)","2312.05","2329.90","2294.25","2318.00"
"Tue Aug 02 2005 00:00:00 GMT+0530 (India Standard Time)","2321.90","2357.15","2319.75","2353.60"
"Wed Aug 03 2005 00:00:00 GMT+0530 (India Standard Time)","2359.10","2377.00","2345.19","2357.00"
"Thu Aug 04 2005 00:00:00 GMT+0530 (India Standard Time)","2357.75","2377.35","2352.05","2367.80"
"Fri Aug 05 2005 00:00:00 GMT+0530 (India Standard Time)","2367.35","2377.10","2355.94","2361.19"
"Mon Aug 08 2005 00:00:00 GMT+0530 (India Standard Time)","2361.94","2386.94","2320.05","2324.40"
"Tue Aug 09 2005 00:00:00 GMT+0530 (India Standard Time)","2324.75","2342.19","2303.10","2318.69"
"Wed Aug 10 2005 00:00:00 GMT+0530 (India Standard Time)","2322.30","2364.80","2322.05","2360.10"
"Thu Aug 11 2005 00:00:00 GMT+0530 (India Standard Time)","2358.90","2387.30","2355.50","2380.90"
"Fri Aug 12 2005 00:00:00 GMT+0530 (India Standard Time)","2381.05","2390.44","2356.90","2361.50"
"Tue Aug 16 2005 00:00:00 GMT+0530 (India Standard Time)","2361.65","2379.40","2356.85","2369.80"
"Wed Aug 17 2005 00:00:00 GMT+0530 (India Standard Time)","2369.80","2406.25","2357.50","2403.10"
"Thu Aug 18 2005 00:00:00 GMT+0530 (India Standard Time)","2404.65","2426.65","2380.69","2388.40"
"Fri Aug 19 2005 00:00:00 GMT+0530 (India Standard Time)","2400.80","2409.35","2378.44","2383.40"
"Mon Aug 22 2005 00:00:00 GMT+0530 (India Standard Time)","2383.44","2403.44","2355.75","2367.80"
"Tue Aug 23 2005 00:00:00 GMT+0530 (India Standard Time)","2369.55","2380.50","2320.35","2326.10"
"Wed Aug 24 2005 00:00:00 GMT+0530 (India Standard Time)","2326.10","2334.90","2300.44","2322.50"
"Thu Aug 25 2005 00:00:00 GMT+0530 (India Standard Time)","2323.10","2359.19","2320.69","2354.50"
"Fri Aug 26 2005 00:00:00 GMT+0530 (India Standard Time)","2354.60","2368.05","2340.19","2357.00"
"Mon Aug 29 2005 00:00:00 GMT+0530 (India Standard Time)","2359.19","2365.85","2312.60","2337.60"
"Tue Aug 30 2005 00:00:00 GMT+0530 (India Standard Time)","2337.80","2373.80","2337.75","2367.69"
"Wed Aug 31 2005 00:00:00 GMT+0530 (India Standard Time)","2369.05","2387.00","2355.00","2384.60"
"Thu Sep 01 2005 00:00:00 GMT+0530 (India Standard Time)","2384.69","2412.35","2382.90","2405.69"
"Fri Sep 02 2005 00:00:00 GMT+0530 (India Standard Time)","2406.44","2422.10","2396.10","2415.80"
"Mon Sep 05 2005 00:00:00 GMT+0530 (India Standard Time)","2417.10","2439.55","2414.94","2422.90"
"Tue Sep 06 2005 00:00:00 GMT+0530 (India Standard Time)","2422.40","2436.25","2417.00","2428.60"
"Thu Sep 08 2005 00:00:00 GMT+0530 (India Standard Time)","2429.00","2456.90","2429.00","2454.40"
"Fri Sep 09 2005 00:00:00 GMT+0530 (India Standard Time)","2448.80","2462.80","2441.90","2455.40"
"Mon Sep 12 2005 00:00:00 GMT+0530 (India Standard Time)","2455.85","2486.35","2455.85","2484.10"
"Tue Sep 13 2005 00:00:00 GMT+0530 (India Standard Time)","2484.00","2503.00","2477.10","2500.30"
"Wed Sep 14 2005 00:00:00 GMT+0530 (India Standard Time)","2500.40","2514.75","2476.00","2492.40"
"Thu Sep 15 2005 00:00:00 GMT+0530 (India Standard Time)","2492.85","2527.50","2492.75","2523.90"
"Fri Sep 16 2005 00:00:00 GMT+0530 (India Standard Time)","2524.90","2555.10","2519.05","2552.30"
"Mon Sep 19 2005 00:00:00 GMT+0530 (India Standard Time)","2555.44","2579.69","2550.44","2567.10"
"Tue Sep 20 2005 00:00:00 GMT+0530 (India Standard Time)","2567.19","2582.80","2546.60","2578.00"
"Wed Sep 21 2005 00:00:00 GMT+0530 (India Standard Time)","2576.69","2585.60","2504.90","2567.30"
"Thu Sep 22 2005 00:00:00 GMT+0530 (India Standard Time)","2567.85","2580.40","2465.85","2476.50"
"Fri Sep 23 2005 00:00:00 GMT+0530 (India Standard Time)","2480.50","2507.90","2453.05","2477.69"
"Mon Sep 26 2005 00:00:00 GMT+0530 (India Standard Time)","2477.85","2560.85","2477.85","2557.30"
"Tue Sep 27 2005 00:00:00 GMT+0530 (India Standard Time)","2558.50","2592.50","2549.85","2574.80"
"Wed Sep 28 2005 00:00:00 GMT+0530 (India Standard Time)","2574.44","2602.94","2559.85","2598.00"
"Thu Sep 29 2005 00:00:00 GMT+0530 (India Standard Time)","2598.60","2633.90","2589.44","2611.19"
"Fri Sep 30 2005 00:00:00 GMT+0530 (India Standard Time)","2607.90","2623.05","2567.75","2601.40"
"Mon Oct 03 2005 00:00:00 GMT+0530 (India Standard Time)","2601.00","2635.00","2597.19","2630.00"
"Tue Oct 04 2005 00:00:00 GMT+0530 (India Standard Time)","2630.00","2667.05","2629.60","2663.30"
"Wed Oct 05 2005 00:00:00 GMT+0530 (India Standard Time)","2663.70","2669.20","2636.60","2644.40"
"Thu Oct 06 2005 00:00:00 GMT+0530 (India Standard Time)","2643.80","2643.80","2571.30","2579.10"
"Fri Oct 07 2005 00:00:00 GMT+0530 (India Standard Time)","2577.19","2603.25","2547.55","2574.00"
"Mon Oct 10 2005 00:00:00 GMT+0530 (India Standard Time)","2577.10","2595.15","2561.00","2566.80"
"Tue Oct 11 2005 00:00:00 GMT+0530 (India Standard Time)","2569.15","2592.00","2533.69","2589.50"
"Thu Oct 13 2005 00:00:00 GMT+0530 (India Standard Time)","2584.40","2589.35","2529.05","2537.30"
"Fri Oct 14 2005 00:00:00 GMT+0530 (India Standard Time)","2537.69","2548.00","2478.00","2484.40"
"Mon Oct 17 2005 00:00:00 GMT+0530 (India Standard Time)","2488.40","2498.60","2459.50","2485.10"
"Tue Oct 18 2005 00:00:00 GMT+0530 (India Standard Time)","2485.25","2517.69","2452.50","2468.19"
"Wed Oct 19 2005 00:00:00 GMT+0530 (India Standard Time)","2467.80","2467.85","2394.94","2412.40"
"Thu Oct 20 2005 00:00:00 GMT+0530 (India Standard Time)","2421.40","2463.85","2363.55","2395.40"
"Fri Oct 21 2005 00:00:00 GMT+0530 (India Standard Time)","2397.85","2447.85","2384.05","2443.69"
"Mon Oct 24 2005 00:00:00 GMT+0530 (India Standard Time)","2444.19","2460.00","2388.40","2394.80"
"Tue Oct 25 2005 00:00:00 GMT+0530 (India Standard Time)","2394.94","2444.60","2390.85","2418.19"
"Wed Oct 26 2005 00:00:00 GMT+0530 (India Standard Time)","2418.44","2434.00","2401.10","2408.50"
"Thu Oct 27 2005 00:00:00 GMT+0530 (India Standard Time)","2408.94","2416.44","2338.60","2352.90"
"Fri Oct 28 2005 00:00:00 GMT+0530 (India Standard Time)","2352.65","2355.15","2307.44","2316.05"
"Mon Oct 31 2005 00:00:00 GMT+0530 (India Standard Time)","2314.85","2373.40","2314.19","2370.90"
"Tue Nov 01 2005 00:00:00 GMT+0530 (India Standard Time)","2366.80","2410.15","2366.80","2386.69"
"Wed Nov 02 2005 00:00:00 GMT+0530 (India Standard Time)","2386.44","2423.80","2367.75","2419.00"
"Mon Nov 07 2005 00:00:00 GMT+0530 (India Standard Time)","2419.25","2464.65","2411.60","2461.60"
"Tue Nov 08 2005 00:00:00 GMT+0530 (India Standard Time)","2463.65","2502.90","2460.00","2492.60"
"Wed Nov 09 2005 00:00:00 GMT+0530 (India Standard Time)","2493.10","2519.40","2475.69","2489.10"
"Thu Nov 10 2005 00:00:00 GMT+0530 (India Standard Time)","2489.10","2504.75","2480.85","2500.69"
"Fri Nov 11 2005 00:00:00 GMT+0530 (India Standard Time)","2500.85","2551.40","2500.85","2548.60"
"Mon Nov 14 2005 00:00:00 GMT+0530 (India Standard Time)","2548.55","2576.94","2534.40","2558.69"
"Wed Nov 16 2005 00:00:00 GMT+0530 (India Standard Time)","2559.44","2585.94","2559.44","2582.69"
"Thu Nov 17 2005 00:00:00 GMT+0530 (India Standard Time)","2558.44","2608.85","2558.44","2603.90"
"Fri Nov 18 2005 00:00:00 GMT+0530 (India Standard Time)","2604.00","2632.35","2595.15","2620.00"
"Mon Nov 21 2005 00:00:00 GMT+0530 (India Standard Time)","2620.10","2626.40","2591.75","2602.50"
"Tue Nov 22 2005 00:00:00 GMT+0530 (India Standard Time)","2603.25","2614.00","2567.05","2572.80"
"Wed Nov 23 2005 00:00:00 GMT+0530 (India Standard Time)","2572.85","2613.40","2563.10","2608.60"
"Thu Nov 24 2005 00:00:00 GMT+0530 (India Standard Time)","2608.90","2643.70","2608.69","2635.00"
"Fri Nov 25 2005 00:00:00 GMT+0530 (India Standard Time)","2635.35","2668.90","2633.75","2664.30"
"Sat Nov 26 2005 00:00:00 GMT+0530 (India Standard Time)","2664.85","2686.50","2664.70","2683.40"
"Mon Nov 28 2005 00:00:00 GMT+0530 (India Standard Time)","2683.60","2717.15","2682.65","2712.00"
"Tue Nov 29 2005 00:00:00 GMT+0530 (India Standard Time)","2712.35","2713.90","2679.90","2698.30"
"Wed Nov 30 2005 00:00:00 GMT+0530 (India Standard Time)","2698.10","2727.05","2647.10","2652.20"
"Thu Dec 01 2005 00:00:00 GMT+0530 (India Standard Time)","2651.60","2705.00","2641.95","2698.90"
"Fri Dec 02 2005 00:00:00 GMT+0530 (India Standard Time)","2699.55","2730.70","2691.50","2697.90"
"Mon Dec 05 2005 00:00:00 GMT+0530 (India Standard Time)","2697.60","2710.65","2654.35","2660.50"
"Tue Dec 06 2005 00:00:00 GMT+0530 (India Standard Time)","2661.40","2694.40","2647.35","2662.30"
"Wed Dec 07 2005 00:00:00 GMT+0530 (India Standard Time)","2662.30","2697.10","2662.30","2693.00"
"Thu Dec 08 2005 00:00:00 GMT+0530 (India Standard Time)","2694.95","2711.60","2673.50","2706.70"
"Fri Dec 09 2005 00:00:00 GMT+0530 (India Standard Time)","2706.75","2761.10","2698.00","2756.40"
"Mon Dec 12 2005 00:00:00 GMT+0530 (India Standard Time)","2756.40","2789.35","2756.40","2776.20"
"Tue Dec 13 2005 00:00:00 GMT+0530 (India Standard Time)","2776.80","2815.30","2764.65","2812.30"
"Wed Dec 14 2005 00:00:00 GMT+0530 (India Standard Time)","2812.80","2825.65","2788.30","2804.50"
"Thu Dec 15 2005 00:00:00 GMT+0530 (India Standard Time)","2805.20","2821.50","2763.35","2778.50"
"Fri Dec 16 2005 00:00:00 GMT+0530 (India Standard Time)","2778.65","2814.90","2766.50","2810.10"
"Mon Dec 19 2005 00:00:00 GMT+0530 (India Standard Time)","2808.35","2846.00","2803.45","2842.60"
"Tue Dec 20 2005 00:00:00 GMT+0530 (India Standard Time)","2843.15","2853.10","2815.20","2826.20"
"Wed Dec 21 2005 00:00:00 GMT+0530 (India Standard Time)","2826.45","2847.30","2799.45","2822.90"
"Thu Dec 22 2005 00:00:00 GMT+0530 (India Standard Time)","2826.70","2846.65","2818.65","2835.20"
"Fri Dec 23 2005 00:00:00 GMT+0530 (India Standard Time)","2835.70","2857.00","2799.70","2804.80"
"Mon Dec 26 2005 00:00:00 GMT+0530 (India Standard Time)","2804.30","2804.30","2741.80","2749.60"
"Tue Dec 27 2005 00:00:00 GMT+0530 (India Standard Time)","2746.25","2812.60","2725.70","2805.90"
"Wed Dec 28 2005 00:00:00 GMT+0530 (India Standard Time)","2806.80","2824.30","2780.00","2794.00"
"Thu Dec 29 2005 00:00:00 GMT+0530 (India Standard Time)","2792.75","2829.40","2792.75","2821.90"
"Fri Dec 30 2005 00:00:00 GMT+0530 (India Standard Time)","2823.95","2845.55","2812.75","2836.50"
"Mon Jan 02 2006 00:00:00 GMT+0530 (India Standard Time)","2836.80","2849.45","2825.40","2835.95"
"Tue Jan 03 2006 00:00:00 GMT+0530 (India Standard Time)","2835.95","2887.20","2832.05","2883.35"
"Wed Jan 04 2006 00:00:00 GMT+0530 (India Standard Time)","2883.00","2909.35","2883.00","2904.40"
"Thu Jan 05 2006 00:00:00 GMT+0530 (India Standard Time)","2904.45","2916.20","2884.80","2899.85"
"Fri Jan 06 2006 00:00:00 GMT+0530 (India Standard Time)","2899.85","2921.70","2877.25","2914.00"
"Mon Jan 09 2006 00:00:00 GMT+0530 (India Standard Time)","2913.35","2927.25","2898.25","2910.10"
"Tue Jan 10 2006 00:00:00 GMT+0530 (India Standard Time)","2910.15","2913.05","2865.60","2870.80"
"Thu Jan 12 2006 00:00:00 GMT+0530 (India Standard Time)","2869.35","2869.35","2824.00","2850.70"
"Fri Jan 13 2006 00:00:00 GMT+0530 (India Standard Time)","2851.40","2878.35","2846.70","2850.55"
"Mon Jan 16 2006 00:00:00 GMT+0530 (India Standard Time)","2851.35","2855.70","2824.05","2833.10"
"Tue Jan 17 2006 00:00:00 GMT+0530 (India Standard Time)","2833.80","2861.25","2820.65","2829.10"
"Wed Jan 18 2006 00:00:00 GMT+0530 (India Standard Time)","2809.90","2840.10","2783.85","2809.20"
"Thu Jan 19 2006 00:00:00 GMT+0530 (India Standard Time)","2811.10","2875.95","2811.10","2870.85"
"Fri Jan 20 2006 00:00:00 GMT+0530 (India Standard Time)","2870.80","2912.80","2870.80","2900.95"
"Mon Jan 23 2006 00:00:00 GMT+0530 (India Standard Time)","2900.30","2900.30","2870.95","2884.05"
"Tue Jan 24 2006 00:00:00 GMT+0530 (India Standard Time)","2886.35","2914.25","2885.75","2908.00"
"Wed Jan 25 2006 00:00:00 GMT+0530 (India Standard Time)","2908.75","2949.10","2871.25","2940.35"
"Fri Jan 27 2006 00:00:00 GMT+0530 (India Standard Time)","2941.90","2989.70","2941.90","2982.75"
"Mon Jan 30 2006 00:00:00 GMT+0530 (India Standard Time)","2983.30","3002.20","2963.65","2974.50"
"Tue Jan 31 2006 00:00:00 GMT+0530 (India Standard Time)","2968.95","3005.10","2968.85","3001.10"
"Wed Feb 01 2006 00:00:00 GMT+0530 (India Standard Time)","3001.30","3011.05","2960.90","2971.55"
"Thu Feb 02 2006 00:00:00 GMT+0530 (India Standard Time)","2972.20","2997.25","2957.55","2967.45"
"Fri Feb 03 2006 00:00:00 GMT+0530 (India Standard Time)","2968.10","2973.90","2931.85","2940.60"
"Mon Feb 06 2006 00:00:00 GMT+0530 (India Standard Time)","2940.95","3009.45","2928.10","3000.45"
"Tue Feb 07 2006 00:00:00 GMT+0530 (India Standard Time)","3001.15","3025.10","2991.25","3020.10"
"Wed Feb 08 2006 00:00:00 GMT+0530 (India Standard Time)","3018.20","3021.25","2984.90","3008.95"
"Fri Feb 10 2006 00:00:00 GMT+0530 (India Standard Time)","3009.15","3031.75","3009.10","3027.55"
"Mon Feb 13 2006 00:00:00 GMT+0530 (India Standard Time)","3026.15","3042.75","3018.50","3041.15"
"Tue Feb 14 2006 00:00:00 GMT+0530 (India Standard Time)","3040.25","3051.70","3009.90","3017.55"
"Wed Feb 15 2006 00:00:00 GMT+0530 (India Standard Time)","3001.40","3048.80","2995.30","3022.20"
"Thu Feb 16 2006 00:00:00 GMT+0530 (India Standard Time)","3023.10","3036.65","3013.70","3021.60"
"Fri Feb 17 2006 00:00:00 GMT+0530 (India Standard Time)","3021.65","3038.80","2976.70","2981.50"
"Mon Feb 20 2006 00:00:00 GMT+0530 (India Standard Time)","2982.35","3010.65","2955.85","3005.85"
"Tue Feb 21 2006 00:00:00 GMT+0530 (India Standard Time)","3008.55","3042.05","3008.55","3035.50"
"Wed Feb 22 2006 00:00:00 GMT+0530 (India Standard Time)","3035.65","3055.65","3032.50","3050.80"
"Thu Feb 23 2006 00:00:00 GMT+0530 (India Standard Time)","3050.85","3078.40","3050.85","3062.10"
"Fri Feb 24 2006 00:00:00 GMT+0530 (India Standard Time)","3061.70","3072.00","3041.60","3050.05"
"Mon Feb 27 2006 00:00:00 GMT+0530 (India Standard Time)","3050.30","3070.35","3050.30","3067.45"
"Tue Feb 28 2006 00:00:00 GMT+0530 (India Standard Time)","3067.90","3090.30","3031.80","3074.70"
"Wed Mar 01 2006 00:00:00 GMT+0530 (India Standard Time)","3074.60","3127.25","3064.00","3123.10"
"Thu Mar 02 2006 00:00:00 GMT+0530 (India Standard Time)","3124.25","3170.35","3124.25","3150.70"
"Fri Mar 03 2006 00:00:00 GMT+0530 (India Standard Time)","3151.30","3167.20","3132.60","3147.35"
"Mon Mar 06 2006 00:00:00 GMT+0530 (India Standard Time)","3147.25","3194.00","3147.20","3190.40"
"Tue Mar 07 2006 00:00:00 GMT+0530 (India Standard Time)","3190.45","3192.95","3166.75","3182.80"
"Wed Mar 08 2006 00:00:00 GMT+0530 (India Standard Time)","3183.45","3187.50","3107.90","3116.70"
"Thu Mar 09 2006 00:00:00 GMT+0530 (India Standard Time)","3116.75","3132.65","3069.85","3129.10"
"Fri Mar 10 2006 00:00:00 GMT+0530 (India Standard Time)","3129.05","3189.35","3128.60","3183.90"
"Mon Mar 13 2006 00:00:00 GMT+0530 (India Standard Time)","3184.10","3221.30","3174.05","3202.65"
"Tue Mar 14 2006 00:00:00 GMT+0530 (India Standard Time)","3197.20","3223.45","3184.05","3195.35"
"Thu Mar 16 2006 00:00:00 GMT+0530 (India Standard Time)","3197.30","3230.40","3196.95","3226.60"
"Fri Mar 17 2006 00:00:00 GMT+0530 (India Standard Time)","3226.90","3258.30","3226.90","3234.05"
"Mon Mar 20 2006 00:00:00 GMT+0530 (India Standard Time)","3234.20","3268.25","3234.20","3265.65"
"Tue Mar 21 2006 00:00:00 GMT+0530 (India Standard Time)","3264.65","3292.15","3247.25","3262.30"
"Wed Mar 22 2006 00:00:00 GMT+0530 (India Standard Time)","3263.35","3267.95","3221.95","3240.15"
"Thu Mar 23 2006 00:00:00 GMT+0530 (India Standard Time)","3240.85","3265.60","3225.20","3247.15"
"Fri Mar 24 2006 00:00:00 GMT+0530 (India Standard Time)","3247.15","3286.20","3242.60","3279.80"
"Mon Mar 27 2006 00:00:00 GMT+0530 (India Standard Time)","3283.40","3327.05","3280.80","3321.65"
"Tue Mar 28 2006 00:00:00 GMT+0530 (India Standard Time)","3321.45","3344.50","3311.85","3325.00"
"Wed Mar 29 2006 00:00:00 GMT+0530 (India Standard Time)","3324.85","3359.80","3324.80","3354.20"
"Thu Mar 30 2006 00:00:00 GMT+0530 (India Standard Time)","3354.25","3433.85","3354.25","3418.95"
"Fri Mar 31 2006 00:00:00 GMT+0530 (India Standard Time)","3420.55","3425.45","3381.90","3402.55"
"Mon Apr 03 2006 00:00:00 GMT+0530 (India Standard Time)","3403.15","3478.25","3402.45","3473.30"
"Tue Apr 04 2006 00:00:00 GMT+0530 (India Standard Time)","3473.10","3508.25","3463.85","3483.15"
"Wed Apr 05 2006 00:00:00 GMT+0530 (India Standard Time)","3483.15","3513.95","3483.15","3510.90"
"Fri Apr 07 2006 00:00:00 GMT+0530 (India Standard Time)","3525.60","3555.50","3445.90","3454.80"
"Mon Apr 10 2006 00:00:00 GMT+0530 (India Standard Time)","3455.00","3489.05","3430.40","3478.45"
"Wed Apr 12 2006 00:00:00 GMT+0530 (India Standard Time)","3479.10","3484.65","3366.75","3380.00"
"Thu Apr 13 2006 00:00:00 GMT+0530 (India Standard Time)","3380.40","3391.05","3290.35","3345.50"
"Mon Apr 17 2006 00:00:00 GMT+0530 (India Standard Time)","3342.15","3433.65","3342.15","3425.15"
"Tue Apr 18 2006 00:00:00 GMT+0530 (India Standard Time)","3429.00","3521.95","3429.00","3518.10"
"Wed Apr 19 2006 00:00:00 GMT+0530 (India Standard Time)","3523.65","3570.50","3502.75","3535.85"
"Thu Apr 20 2006 00:00:00 GMT+0530 (India Standard Time)","3539.80","3578.35","3527.25","3573.50"
"Fri Apr 21 2006 00:00:00 GMT+0530 (India Standard Time)","3576.75","3592.75","3517.10","3573.05"
"Mon Apr 24 2006 00:00:00 GMT+0530 (India Standard Time)","3572.80","3585.35","3536.30","3548.90"
"Tue Apr 25 2006 00:00:00 GMT+0530 (India Standard Time)","3548.80","3552.65","3433.55","3462.65"
"Wed Apr 26 2006 00:00:00 GMT+0530 (India Standard Time)","3462.65","3562.30","3454.10","3555.75"
"Thu Apr 27 2006 00:00:00 GMT+0530 (India Standard Time)","3554.70","3598.95","3492.75","3508.10"
"Fri Apr 28 2006 00:00:00 GMT+0530 (India Standard Time)","3507.45","3517.65","3342.85","3508.35"
"Sat Apr 29 2006 00:00:00 GMT+0530 (India Standard Time)","3508.35","3565.75","3508.35","3557.60"
"Tue May 02 2006 00:00:00 GMT+0530 (India Standard Time)","3557.55","3622.05","3556.90","3605.45"
"Wed May 03 2006 00:00:00 GMT+0530 (India Standard Time)","3604.40","3640.80","3581.40","3634.25"
"Thu May 04 2006 00:00:00 GMT+0530 (India Standard Time)","3630.65","3674.50","3621.55","3648.40"
"Fri May 05 2006 00:00:00 GMT+0530 (India Standard Time)","3649.45","3676.55","3639.55","3663.95"
"Mon May 08 2006 00:00:00 GMT+0530 (India Standard Time)","3668.65","3708.55","3668.65","3693.15"
"Tue May 09 2006 00:00:00 GMT+0530 (India Standard Time)","3694.65","3725.40","3655.65","3720.55"
"Wed May 10 2006 00:00:00 GMT+0530 (India Standard Time)","3720.75","3758.05","3717.25","3754.25"
"Thu May 11 2006 00:00:00 GMT+0530 (India Standard Time)","3755.80","3774.15","3687.90","3701.05"
"Fri May 12 2006 00:00:00 GMT+0530 (India Standard Time)","3704.15","3704.15","3633.85","3650.05"
"Mon May 15 2006 00:00:00 GMT+0530 (India Standard Time)","3651.00","3653.00","3482.85","3502.95"
"Tue May 16 2006 00:00:00 GMT+0530 (India Standard Time)","3502.95","3543.50","3382.40","3523.30"
"Wed May 17 2006 00:00:00 GMT+0530 (India Standard Time)","3525.05","3641.85","3525.05","3635.10"
"Thu May 18 2006 00:00:00 GMT+0530 (India Standard Time)","3636.45","3636.45","3365.90","3388.90"
"Fri May 19 2006 00:00:00 GMT+0530 (India Standard Time)","3391.85","3493.05","3205.25","3246.90"
"Mon May 22 2006 00:00:00 GMT+0530 (India Standard Time)","3254.30","3313.90","2896.40","3081.35"
"Tue May 23 2006 00:00:00 GMT+0530 (India Standard Time)","3068.60","3221.05","2997.35","3199.35"
"Wed May 24 2006 00:00:00 GMT+0530 (India Standard Time)","3203.50","3249.75","3091.60","3115.55"
"Thu May 25 2006 00:00:00 GMT+0530 (India Standard Time)","3114.70","3198.35","3012.95","3177.70"
"Fri May 26 2006 00:00:00 GMT+0530 (India Standard Time)","3177.70","3277.95","3177.70","3209.60"
"Mon May 29 2006 00:00:00 GMT+0530 (India Standard Time)","3207.25","3255.25","3193.15","3214.90"
"Tue May 30 2006 00:00:00 GMT+0530 (India Standard Time)","3215.50","3252.10","3167.05","3185.30"
"Wed May 31 2006 00:00:00 GMT+0530 (India Standard Time)","3181.95","3181.95","2972.90","3071.05"
"Thu Jun 01 2006 00:00:00 GMT+0530 (India Standard Time)","3072.55","3130.00","2936.60","2962.25"
"Fri Jun 02 2006 00:00:00 GMT+0530 (India Standard Time)","2961.50","3099.35","2940.20","3091.35"
"Mon Jun 05 2006 00:00:00 GMT+0530 (India Standard Time)","3092.60","3125.40","3006.40","3016.65"
"Tue Jun 06 2006 00:00:00 GMT+0530 (India Standard Time)","3015.05","3015.05","2910.30","2937.30"
"Wed Jun 07 2006 00:00:00 GMT+0530 (India Standard Time)","2935.25","2956.90","2819.45","2860.45"
"Thu Jun 08 2006 00:00:00 GMT+0530 (India Standard Time)","2856.90","2859.40","2683.20","2724.35"
"Fri Jun 09 2006 00:00:00 GMT+0530 (India Standard Time)","2721.20","2875.75","2707.85","2866.30"
"Mon Jun 12 2006 00:00:00 GMT+0530 (India Standard Time)","2867.65","2877.80","2761.85","2776.85"
"Tue Jun 13 2006 00:00:00 GMT+0530 (India Standard Time)","2773.60","2773.60","2638.10","2663.30"
"Wed Jun 14 2006 00:00:00 GMT+0530 (India Standard Time)","2665.05","2767.75","2595.65","2632.80"
"Thu Jun 15 2006 00:00:00 GMT+0530 (India Standard Time)","2634.10","2814.15","2634.10","2798.80"
"Fri Jun 16 2006 00:00:00 GMT+0530 (India Standard Time)","2799.85","2960.15","2799.85","2890.35"
"Mon Jun 19 2006 00:00:00 GMT+0530 (India Standard Time)","2892.00","2932.90","2846.50","2916.90"
"Tue Jun 20 2006 00:00:00 GMT+0530 (India Standard Time)","2919.00","2919.00","2837.45","2861.30"
"Wed Jun 21 2006 00:00:00 GMT+0530 (India Standard Time)","2861.40","2930.80","2836.40","2923.45"
"Thu Jun 22 2006 00:00:00 GMT+0530 (India Standard Time)","2923.75","3017.65","2923.75","2994.75"
"Fri Jun 23 2006 00:00:00 GMT+0530 (India Standard Time)","2993.55","3063.20","2920.20","3042.70"
"Sun Jun 25 2006 00:00:00 GMT+0530 (India Standard Time)","3043.15","3083.00","3035.95","3050.30"
"Mon Jun 26 2006 00:00:00 GMT+0530 (India Standard Time)","3051.80","3059.85","2928.00","2943.20"
"Tue Jun 27 2006 00:00:00 GMT+0530 (India Standard Time)","2943.60","3004.15","2899.25","2982.45"
"Wed Jun 28 2006 00:00:00 GMT+0530 (India Standard Time)","2982.20","3003.65","2909.60","2981.10"
"Thu Jun 29 2006 00:00:00 GMT+0530 (India Standard Time)","2982.90","3049.25","2982.90","2997.90"
"Fri Jun 30 2006 00:00:00 GMT+0530 (India Standard Time)","2993.50","3134.15","2993.50","3128.20"
"Mon Jul 03 2006 00:00:00 GMT+0530 (India Standard Time)","3128.75","3160.35","3114.85","3150.95"
"Tue Jul 04 2006 00:00:00 GMT+0530 (India Standard Time)","3151.05","3177.40","3130.30","3138.65"
"Wed Jul 05 2006 00:00:00 GMT+0530 (India Standard Time)","3136.95","3201.20","3121.80","3197.10"
"Thu Jul 06 2006 00:00:00 GMT+0530 (India Standard Time)","3197.50","3197.50","3138.40","3156.40"
"Fri Jul 07 2006 00:00:00 GMT+0530 (India Standard Time)","3157.95","3193.10","3056.30","3075.85"
"Mon Jul 10 2006 00:00:00 GMT+0530 (India Standard Time)","3077.10","3147.70","3064.10","3142.00"
"Tue Jul 11 2006 00:00:00 GMT+0530 (India Standard Time)","3145.30","3146.00","3100.40","3116.15"
"Wed Jul 12 2006 00:00:00 GMT+0530 (India Standard Time)","3124.95","3201.35","3078.25","3195.90"
"Thu Jul 13 2006 00:00:00 GMT+0530 (India Standard Time)","3196.30","3208.85","3148.95","3169.30"
"Fri Jul 14 2006 00:00:00 GMT+0530 (India Standard Time)","3166.25","3166.25","3089.55","3123.35"
"Mon Jul 17 2006 00:00:00 GMT+0530 (India Standard Time)","3123.65","3125.10","2999.35","3007.55"
"Tue Jul 18 2006 00:00:00 GMT+0530 (India Standard Time)","3007.15","3038.25","2967.95","2993.65"
"Wed Jul 19 2006 00:00:00 GMT+0530 (India Standard Time)","2995.85","3045.35","2919.95","2932.75"
"Thu Jul 20 2006 00:00:00 GMT+0530 (India Standard Time)","2943.65","3041.25","2943.65","3023.05"
"Fri Jul 21 2006 00:00:00 GMT+0530 (India Standard Time)","3025.10","3029.10","2930.15","2945.00"
"Mon Jul 24 2006 00:00:00 GMT+0530 (India Standard Time)","2944.90","2996.65","2878.25","2985.85"
"Tue Jul 25 2006 00:00:00 GMT+0530 (India Standard Time)","2989.50","3046.95","2987.15","3040.50"
"Wed Jul 26 2006 00:00:00 GMT+0530 (India Standard Time)","3040.45","3121.40","3022.70","3110.15"
"Thu Jul 27 2006 00:00:00 GMT+0530 (India Standard Time)","3109.85","3167.10","3109.85","3156.15"
"Fri Jul 28 2006 00:00:00 GMT+0530 (India Standard Time)","3158.00","3168.50","3109.45","3130.80"
"Mon Jul 31 2006 00:00:00 GMT+0530 (India Standard Time)","3131.35","3179.70","3110.60","3143.20"
"Tue Aug 01 2006 00:00:00 GMT+0530 (India Standard Time)","3128.20","3154.70","3113.60","3147.80"
"Wed Aug 02 2006 00:00:00 GMT+0530 (India Standard Time)","3129.45","3187.85","3127.90","3182.10"
"Thu Aug 03 2006 00:00:00 GMT+0530 (India Standard Time)","3182.55","3234.25","3175.15","3190.00"
"Fri Aug 04 2006 00:00:00 GMT+0530 (India Standard Time)","3189.70","3228.15","3161.80","3176.75"
"Mon Aug 07 2006 00:00:00 GMT+0530 (India Standard Time)","3176.70","3178.50","3142.55","3151.10"
"Tue Aug 08 2006 00:00:00 GMT+0530 (India Standard Time)","3151.55","3216.75","3151.55","3212.40"
"Wed Aug 09 2006 00:00:00 GMT+0530 (India Standard Time)","3211.55","3267.20","3187.85","3254.60"
"Thu Aug 10 2006 00:00:00 GMT+0530 (India Standard Time)","3254.60","3274.75","3229.45","3260.10"
"Fri Aug 11 2006 00:00:00 GMT+0530 (India Standard Time)","3260.05","3286.50","3236.95","3274.35"
"Mon Aug 14 2006 00:00:00 GMT+0530 (India Standard Time)","3274.95","3317.80","3269.15","3313.10"
"Wed Aug 16 2006 00:00:00 GMT+0530 (India Standard Time)","3314.75","3377.10","3314.75","3356.05"
"Thu Aug 17 2006 00:00:00 GMT+0530 (India Standard Time)","3359.70","3385.15","3328.60","3353.90"
"Fri Aug 18 2006 00:00:00 GMT+0530 (India Standard Time)","3354.50","3366.25","3332.20","3356.75"
"Mon Aug 21 2006 00:00:00 GMT+0530 (India Standard Time)","3356.80","3374.90","3332.90","3366.00"
"Tue Aug 22 2006 00:00:00 GMT+0530 (India Standard Time)","3369.60","3398.35","3351.50","3364.60"
"Wed Aug 23 2006 00:00:00 GMT+0530 (India Standard Time)","3363.60","3369.65","3325.10","3335.80"
"Thu Aug 24 2006 00:00:00 GMT+0530 (India Standard Time)","3336.65","3379.55","3304.85","3370.40"
"Fri Aug 25 2006 00:00:00 GMT+0530 (India Standard Time)","3368.55","3402.70","3368.55","3385.95"
"Mon Aug 28 2006 00:00:00 GMT+0530 (India Standard Time)","3386.00","3405.30","3377.75","3401.10"
"Tue Aug 29 2006 00:00:00 GMT+0530 (India Standard Time)","3405.05","3434.95","3396.10","3425.70"
"Wed Aug 30 2006 00:00:00 GMT+0530 (India Standard Time)","3425.80","3440.20","3407.75","3430.35"
"Thu Aug 31 2006 00:00:00 GMT+0530 (India Standard Time)","3404.50","3452.30","3403.65","3413.90"
"Fri Sep 01 2006 00:00:00 GMT+0530 (India Standard Time)","3414.00","3439.50","3402.90","3435.45"
"Mon Sep 04 2006 00:00:00 GMT+0530 (India Standard Time)","3435.55","3483.10","3435.55","3476.85"
"Tue Sep 05 2006 00:00:00 GMT+0530 (India Standard Time)","3471.40","3488.60","3457.90","3473.75"
"Wed Sep 06 2006 00:00:00 GMT+0530 (India Standard Time)","3474.40","3490.70","3465.80","3477.25"
"Thu Sep 07 2006 00:00:00 GMT+0530 (India Standard Time)","3477.15","3478.85","3438.80","3454.55"
"Fri Sep 08 2006 00:00:00 GMT+0530 (India Standard Time)","3454.65","3477.95","3442.85","3471.45"
"Mon Sep 11 2006 00:00:00 GMT+0530 (India Standard Time)","3470.35","3486.65","3351.30","3366.15"
"Tue Sep 12 2006 00:00:00 GMT+0530 (India Standard Time)","3363.30","3395.05","3328.45","3389.90"
"Wed Sep 13 2006 00:00:00 GMT+0530 (India Standard Time)","3389.85","3470.65","3389.80","3454.55"
"Thu Sep 14 2006 00:00:00 GMT+0530 (India Standard Time)","3454.60","3484.00","3454.60","3471.60"
"Fri Sep 15 2006 00:00:00 GMT+0530 (India Standard Time)","3471.65","3487.45","3434.55","3478.60"
"Mon Sep 18 2006 00:00:00 GMT+0530 (India Standard Time)","3478.65","3506.20","3478.40","3492.75"
"Tue Sep 19 2006 00:00:00 GMT+0530 (India Standard Time)","3493.50","3514.95","3438.80","3457.35"
"Wed Sep 20 2006 00:00:00 GMT+0530 (India Standard Time)","3457.85","3509.85","3419.75","3502.80"
"Thu Sep 21 2006 00:00:00 GMT+0530 (India Standard Time)","3506.70","3556.35","3506.70","3553.05"
"Fri Sep 22 2006 00:00:00 GMT+0530 (India Standard Time)","3554.05","3562.45","3525.40","3544.05"
"Mon Sep 25 2006 00:00:00 GMT+0530 (India Standard Time)","3545.10","3568.65","3514.85","3523.45"
"Tue Sep 26 2006 00:00:00 GMT+0530 (India Standard Time)","3523.70","3576.75","3517.15","3571.75"
"Wed Sep 27 2006 00:00:00 GMT+0530 (India Standard Time)","3571.75","3603.70","3568.40","3579.30"
"Thu Sep 28 2006 00:00:00 GMT+0530 (India Standard Time)","3579.95","3589.30","3560.75","3571.75"
"Fri Sep 29 2006 00:00:00 GMT+0530 (India Standard Time)","3572.15","3599.80","3564.70","3588.40"
"Tue Oct 03 2006 00:00:00 GMT+0530 (India Standard Time)","3588.95","3606.20","3561.70","3569.60"
"Wed Oct 04 2006 00:00:00 GMT+0530 (India Standard Time)","3570.95","3580.05","3508.65","3515.35"
"Thu Oct 05 2006 00:00:00 GMT+0530 (India Standard Time)","3515.60","3574.95","3515.60","3564.90"
"Fri Oct 06 2006 00:00:00 GMT+0530 (India Standard Time)","3565.45","3583.75","3560.90","3569.70"
"Mon Oct 09 2006 00:00:00 GMT+0530 (India Standard Time)","3570.05","3585.35","3540.45","3567.15"
"Tue Oct 10 2006 00:00:00 GMT+0530 (India Standard Time)","3567.45","3597.20","3563.10","3571.05"
"Wed Oct 11 2006 00:00:00 GMT+0530 (India Standard Time)","3581.55","3614.50","3544.25","3558.55"
"Thu Oct 12 2006 00:00:00 GMT+0530 (India Standard Time)","3562.55","3626.80","3545.95","3621.05"
"Fri Oct 13 2006 00:00:00 GMT+0530 (India Standard Time)","3621.65","3682.35","3621.65","3676.05"
"Mon Oct 16 2006 00:00:00 GMT+0530 (India Standard Time)","3668.90","3729.70","3668.90","3723.95"
"Tue Oct 17 2006 00:00:00 GMT+0530 (India Standard Time)","3726.40","3742.50","3691.35","3715.00"
"Wed Oct 18 2006 00:00:00 GMT+0530 (India Standard Time)","3715.20","3727.00","3701.30","3710.65"
"Thu Oct 19 2006 00:00:00 GMT+0530 (India Standard Time)","3711.10","3726.95","3655.05","3677.80"
"Fri Oct 20 2006 00:00:00 GMT+0530 (India Standard Time)","3678.75","3714.25","3665.50","3676.85"
"Sat Oct 21 2006 00:00:00 GMT+0530 (India Standard Time)","3680.85","3708.40","3662.85","3683.50"
"Mon Oct 23 2006 00:00:00 GMT+0530 (India Standard Time)","3683.40","3690.85","3651.20","3657.30"
"Thu Oct 26 2006 00:00:00 GMT+0530 (India Standard Time)","3656.20","3686.85","3651.20","3677.55"
"Fri Oct 27 2006 00:00:00 GMT+0530 (India Standard Time)","3676.85","3747.35","3674.80","3739.35"
"Mon Oct 30 2006 00:00:00 GMT+0530 (India Standard Time)","3739.35","3776.05","3719.45","3769.10"
"Tue Oct 31 2006 00:00:00 GMT+0530 (India Standard Time)","3770.50","3782.85","3726.75","3744.10"
"Wed Nov 01 2006 00:00:00 GMT+0530 (India Standard Time)","3744.10","3777.70","3737.00","3767.05"
"Thu Nov 02 2006 00:00:00 GMT+0530 (India Standard Time)","3769.40","3805.50","3761.90","3791.20"
"Fri Nov 03 2006 00:00:00 GMT+0530 (India Standard Time)","3793.05","3809.65","3771.00","3805.35"
"Mon Nov 06 2006 00:00:00 GMT+0530 (India Standard Time)","3804.75","3822.40","3798.25","3809.20"
"Tue Nov 07 2006 00:00:00 GMT+0530 (India Standard Time)","3812.15","3840.45","3789.40","3798.75"
"Wed Nov 08 2006 00:00:00 GMT+0530 (India Standard Time)","3799.20","3809.95","3737.20","3777.30"
"Thu Nov 09 2006 00:00:00 GMT+0530 (India Standard Time)","3777.80","3808.20","3769.80","3796.40"
"Fri Nov 10 2006 00:00:00 GMT+0530 (India Standard Time)","3796.05","3842.40","3785.40","3834.75"
"Mon Nov 13 2006 00:00:00 GMT+0530 (India Standard Time)","3834.80","3862.05","3834.00","3858.75"
"Tue Nov 14 2006 00:00:00 GMT+0530 (India Standard Time)","3862.00","3883.00","3850.75","3865.90"
"Wed Nov 15 2006 00:00:00 GMT+0530 (India Standard Time)","3865.95","3888.80","3838.25","3876.30"
"Thu Nov 16 2006 00:00:00 GMT+0530 (India Standard Time)","3876.40","3900.40","3863.85","3876.85"
"Fri Nov 17 2006 00:00:00 GMT+0530 (India Standard Time)","3877.00","3891.85","3835.70","3852.80"
"Mon Nov 20 2006 00:00:00 GMT+0530 (India Standard Time)","3852.65","3866.95","3794.30","3856.15"
"Tue Nov 21 2006 00:00:00 GMT+0530 (India Standard Time)","3859.50","3921.70","3856.75","3918.25"
"Wed Nov 22 2006 00:00:00 GMT+0530 (India Standard Time)","3918.30","3960.00","3909.60","3954.75"
"Thu Nov 23 2006 00:00:00 GMT+0530 (India Standard Time)","3955.30","3976.80","3933.70","3945.45"
"Fri Nov 24 2006 00:00:00 GMT+0530 (India Standard Time)","3945.45","3965.80","3935.30","3950.85"
"Mon Nov 27 2006 00:00:00 GMT+0530 (India Standard Time)","3974.95","3974.95","3948.85","3968.90"
"Tue Nov 28 2006 00:00:00 GMT+0530 (India Standard Time)","3966.00","3966.00","3911.55","3921.75"
"Wed Nov 29 2006 00:00:00 GMT+0530 (India Standard Time)","3922.50","3952.40","3920.00","3928.20"
"Thu Nov 30 2006 00:00:00 GMT+0530 (India Standard Time)","3929.40","3973.00","3929.40","3954.50"
"Fri Dec 01 2006 00:00:00 GMT+0530 (India Standard Time)","3955.70","4001.30","3953.95","3997.60"
"Mon Dec 04 2006 00:00:00 GMT+0530 (India Standard Time)","4002.40","4015.25","3991.55","4001.00"
"Tue Dec 05 2006 00:00:00 GMT+0530 (India Standard Time)","4001.25","4033.20","4001.25","4015.75"
"Wed Dec 06 2006 00:00:00 GMT+0530 (India Standard Time)","4016.00","4036.20","3982.50","4015.95"
"Thu Dec 07 2006 00:00:00 GMT+0530 (India Standard Time)","4015.00","4027.70","4001.40","4015.35"
"Fri Dec 08 2006 00:00:00 GMT+0530 (India Standard Time)","4015.75","4046.85","3948.70","3962.00"
"Mon Dec 11 2006 00:00:00 GMT+0530 (India Standard Time)","3961.90","3965.05","3798.30","3849.50"
"Tue Dec 12 2006 00:00:00 GMT+0530 (India Standard Time)","3849.10","3861.25","3661.60","3716.90"
"Wed Dec 13 2006 00:00:00 GMT+0530 (India Standard Time)","3716.75","3777.60","3657.65","3765.20"
"Thu Dec 14 2006 00:00:00 GMT+0530 (India Standard Time)","3765.70","3855.05","3763.50","3843.05"
"Fri Dec 15 2006 00:00:00 GMT+0530 (India Standard Time)","3849.60","3908.45","3845.45","3888.65"
"Mon Dec 18 2006 00:00:00 GMT+0530 (India Standard Time)","3888.20","3934.00","3828.15","3928.75"
"Tue Dec 19 2006 00:00:00 GMT+0530 (India Standard Time)","3928.85","3931.90","3783.45","3832.00"
"Wed Dec 20 2006 00:00:00 GMT+0530 (India Standard Time)","3832.15","3886.10","3787.55","3815.55"
"Thu Dec 21 2006 00:00:00 GMT+0530 (India Standard Time)","3814.75","3851.20","3768.80","3833.50"
"Fri Dec 22 2006 00:00:00 GMT+0530 (India Standard Time)","3834.90","3880.15","3823.40","3871.15"
"Tue Dec 26 2006 00:00:00 GMT+0530 (India Standard Time)","3871.30","3946.10","3870.45","3940.50"
"Wed Dec 27 2006 00:00:00 GMT+0530 (India Standard Time)","3942.75","3986.75","3937.70","3974.25"
"Thu Dec 28 2006 00:00:00 GMT+0530 (India Standard Time)","3974.20","3997.35","3961.95","3970.55"
"Fri Dec 29 2006 00:00:00 GMT+0530 (India Standard Time)","3971.65","3991.60","3960.45","3966.40"
"Tue Jan 02 2007 00:00:00 GMT+0530 (India Standard Time)","3966.25","4016.65","3964.95","4007.40"
"Wed Jan 03 2007 00:00:00 GMT+0530 (India Standard Time)","4007.70","4029.80","3985.00","4024.05"
"Thu Jan 04 2007 00:00:00 GMT+0530 (India Standard Time)","4027.30","4041.00","3979.80","3988.80"
"Fri Jan 05 2007 00:00:00 GMT+0530 (India Standard Time)","3990.15","4011.45","3969.65","3983.40"
"Mon Jan 08 2007 00:00:00 GMT+0530 (India Standard Time)","3983.30","3987.45","3913.00","3933.40"
"Tue Jan 09 2007 00:00:00 GMT+0530 (India Standard Time)","3933.30","3963.75","3890.75","3911.40"
"Wed Jan 10 2007 00:00:00 GMT+0530 (India Standard Time)","3910.95","3911.95","3841.70","3850.30"
"Thu Jan 11 2007 00:00:00 GMT+0530 (India Standard Time)","3852.15","3953.10","3833.60","3942.25"
"Fri Jan 12 2007 00:00:00 GMT+0530 (India Standard Time)","3944.55","4059.15","3944.55","4052.45"
"Mon Jan 15 2007 00:00:00 GMT+0530 (India Standard Time)","4052.85","4099.64","4052.40","4078.40"
"Tue Jan 16 2007 00:00:00 GMT+0530 (India Standard Time)","4090.70","4107.45","4067.90","4080.50"
"Wed Jan 17 2007 00:00:00 GMT+0530 (India Standard Time)","4084.90","4096.75","4071.55","4076.45"
"Thu Jan 18 2007 00:00:00 GMT+0530 (India Standard Time)","4075.20","4140.25","4075.20","4109.05"
"Fri Jan 19 2007 00:00:00 GMT+0530 (India Standard Time)","4126.00","4137.14","4058.35","4090.15"
"Mon Jan 22 2007 00:00:00 GMT+0530 (India Standard Time)","4089.60","4114.50","4069.95","4102.45"
"Tue Jan 23 2007 00:00:00 GMT+0530 (India Standard Time)","4102.64","4105.10","4056.45","4066.10"
"Wed Jan 24 2007 00:00:00 GMT+0530 (India Standard Time)","4066.60","4098.25","4065.75","4089.90"
"Thu Jan 25 2007 00:00:00 GMT+0530 (India Standard Time)","4092.05","4157.95","4090.10","4147.70"
"Mon Jan 29 2007 00:00:00 GMT+0530 (India Standard Time)","4148.39","4167.14","4115.75","4124.45"
"Wed Jan 31 2007 00:00:00 GMT+0530 (India Standard Time)","4123.85","4137.85","4068.55","4082.70"
"Thu Feb 01 2007 00:00:00 GMT+0530 (India Standard Time)","4083.40","4141.60","4081.10","4137.20"
"Fri Feb 02 2007 00:00:00 GMT+0530 (India Standard Time)","4140.20","4198.70","4132.95","4183.50"
"Mon Feb 05 2007 00:00:00 GMT+0530 (India Standard Time)","4193.14","4219.00","4170.00","4215.35"
"Tue Feb 06 2007 00:00:00 GMT+0530 (India Standard Time)","4216.55","4228.14","4186.14","4195.89"