"Date","Open","High","Low","Close"
"Fri May 29 2009 00:00:00 GMT+0530 (India Standard Time)","4340.75","4488.05","4340.75","4448.95"
"Mon Jun 01 2009 00:00:00 GMT+0530 (India Standard Time)","4450.39","4545.39","4450.39","4529.89"
"Tue Jun 02 2009 00:00:00 GMT+0530 (India Standard Time)","4530.45","4586.39","4451.30","4525.25"
"Wed Jun 03 2009 00:00:00 GMT+0530 (India Standard Time)","4525.50","4574.89","4478.60","4530.70"
"Thu Jun 04 2009 00:00:00 GMT+0530 (India Standard Time)","4530.30","4582.20","4453.45","4572.64"
"Fri Jun 05 2009 00:00:00 GMT+0530 (India Standard Time)","4573.30","4636.85","4561.95","4586.89"
"Mon Jun 08 2009 00:00:00 GMT+0530 (India Standard Time)","4582.35","4611.39","4404.64","4429.89"
"Tue Jun 09 2009 00:00:00 GMT+0530 (India Standard Time)","4427.75","4562.45","4365.10","4550.95"
"Wed Jun 10 2009 00:00:00 GMT+0530 (India Standard Time)","4551.70","4688.95","4551.70","4655.25"
"Thu Jun 11 2009 00:00:00 GMT+0530 (India Standard Time)","4657.39","4679.55","4586.14","4637.70"
"Fri Jun 12 2009 00:00:00 GMT+0530 (India Standard Time)","4637.55","4693.20","4566.14","4583.39"
"Mon Jun 15 2009 00:00:00 GMT+0530 (India Standard Time)","4584.64","4601.05","4469.60","4484.00"
"Tue Jun 16 2009 00:00:00 GMT+0530 (India Standard Time)","4478.10","4537.95","4405.95","4517.80"
"Wed Jun 17 2009 00:00:00 GMT+0530 (India Standard Time)","4515.35","4517.80","4332.80","4356.14"
"Thu Jun 18 2009 00:00:00 GMT+0530 (India Standard Time)","4352.95","4375.30","4222.14","4251.39"
"Fri Jun 19 2009 00:00:00 GMT+0530 (India Standard Time)","4251.10","4326.20","4206.70","4313.60"
"Mon Jun 22 2009 00:00:00 GMT+0530 (India Standard Time)","4314.20","4352.25","4221.89","4235.25"
"Tue Jun 23 2009 00:00:00 GMT+0530 (India Standard Time)","4223.30","4267.45","4143.25","4247.00"
"Wed Jun 24 2009 00:00:00 GMT+0530 (India Standard Time)","4247.30","4307.00","4218.25","4292.95"
"Thu Jun 25 2009 00:00:00 GMT+0530 (India Standard Time)","4293.85","4337.95","4221.14","4241.85"
"Fri Jun 26 2009 00:00:00 GMT+0530 (India Standard Time)","4243.95","4383.75","4243.95","4375.50"
"Mon Jun 29 2009 00:00:00 GMT+0530 (India Standard Time)","4375.39","4439.95","4350.89","4390.95"
"Tue Jun 30 2009 00:00:00 GMT+0530 (India Standard Time)","4391.50","4426.75","4267.35","4291.10"
"Wed Jul 01 2009 00:00:00 GMT+0530 (India Standard Time)","4292.30","4362.30","4249.70","4340.89"
"Thu Jul 02 2009 00:00:00 GMT+0530 (India Standard Time)","4373.50","4383.64","4288.75","4348.85"
"Fri Jul 03 2009 00:00:00 GMT+0530 (India Standard Time)","4347.30","4434.45","4298.95","4424.25"
"Mon Jul 06 2009 00:00:00 GMT+0530 (India Standard Time)","4429.60","4479.80","4133.70","4165.70"
"Tue Jul 07 2009 00:00:00 GMT+0530 (India Standard Time)","4166.00","4231.80","4155.50","4202.14"
"Wed Jul 08 2009 00:00:00 GMT+0530 (India Standard Time)","4201.85","4201.85","4061.10","4078.90"
"Thu Jul 09 2009 00:00:00 GMT+0530 (India Standard Time)","4078.75","4114.89","4039.85","4080.95"
"Fri Jul 10 2009 00:00:00 GMT+0530 (India Standard Time)","4081.40","4129.95","3976.80","4003.90"
"Mon Jul 13 2009 00:00:00 GMT+0530 (India Standard Time)","4003.40","4003.40","3918.75","3974.05"
"Tue Jul 14 2009 00:00:00 GMT+0530 (India Standard Time)","3974.10","4128.89","3974.10","4111.39"
"Wed Jul 15 2009 00:00:00 GMT+0530 (India Standard Time)","4120.80","4249.55","4118.75","4233.50"
"Thu Jul 16 2009 00:00:00 GMT+0530 (India Standard Time)","4223.50","4305.00","4205.50","4231.39"
"Fri Jul 17 2009 00:00:00 GMT+0530 (India Standard Time)","4231.45","4390.39","4230.14","4374.95"
"Mon Jul 20 2009 00:00:00 GMT+0530 (India Standard Time)","4377.89","4510.30","4377.89","4502.25"
"Tue Jul 21 2009 00:00:00 GMT+0530 (India Standard Time)","4501.50","4524.00","4436.60","4469.10"
"Wed Jul 22 2009 00:00:00 GMT+0530 (India Standard Time)","4469.30","4557.95","4380.45","4398.89"
"Thu Jul 23 2009 00:00:00 GMT+0530 (India Standard Time)","4409.70","4532.39","4405.95","4523.75"
"Fri Jul 24 2009 00:00:00 GMT+0530 (India Standard Time)","4524.80","4578.75","4504.85","4568.55"
"Mon Jul 27 2009 00:00:00 GMT+0530 (India Standard Time)","4568.64","4596.75","4528.50","4572.30"
"Tue Jul 28 2009 00:00:00 GMT+0530 (India Standard Time)","4572.80","4599.89","4529.14","4564.10"
"Wed Jul 29 2009 00:00:00 GMT+0530 (India Standard Time)","4565.80","4573.85","4420.80","4513.50"
"Thu Jul 30 2009 00:00:00 GMT+0530 (India Standard Time)","4513.10","4582.35","4474.50","4571.45"
"Fri Jul 31 2009 00:00:00 GMT+0530 (India Standard Time)","4571.60","4669.75","4571.60","4636.45"
"Mon Aug 03 2009 00:00:00 GMT+0530 (India Standard Time)","4633.80","4723.75","4617.75","4711.39"
"Tue Aug 04 2009 00:00:00 GMT+0530 (India Standard Time)","4706.25","4731.45","4642.60","4680.50"
"Wed Aug 05 2009 00:00:00 GMT+0530 (India Standard Time)","4680.95","4717.20","4629.85","4694.14"
"Thu Aug 06 2009 00:00:00 GMT+0530 (India Standard Time)","4694.35","4718.14","4559.20","4585.50"
"Fri Aug 07 2009 00:00:00 GMT+0530 (India Standard Time)","4591.89","4591.89","4463.95","4481.39"
"Mon Aug 10 2009 00:00:00 GMT+0530 (India Standard Time)","4486.50","4562.50","4399.85","4437.64"
"Tue Aug 11 2009 00:00:00 GMT+0530 (India Standard Time)","4435.00","4510.80","4398.89","4471.35"
"Wed Aug 12 2009 00:00:00 GMT+0530 (India Standard Time)","4473.80","4473.80","4359.39","4457.50"
"Thu Aug 13 2009 00:00:00 GMT+0530 (India Standard Time)","4458.55","4614.14","4458.55","4605.00"
"Fri Aug 14 2009 00:00:00 GMT+0530 (India Standard Time)","4605.14","4619.00","4559.35","4580.05"
"Mon Aug 17 2009 00:00:00 GMT+0530 (India Standard Time)","4578.80","4578.80","4374.60","4387.89"
"Tue Aug 18 2009 00:00:00 GMT+0530 (India Standard Time)","4389.50","4491.45","4372.64","4458.89"
"Wed Aug 19 2009 00:00:00 GMT+0530 (India Standard Time)","4457.75","4477.55","4353.45","4394.10"
"Thu Aug 20 2009 00:00:00 GMT+0530 (India Standard Time)","4394.35","4492.80","4394.35","4453.45"
"Fri Aug 21 2009 00:00:00 GMT+0530 (India Standard Time)","4453.45","4538.70","4400.89","4528.80"
"Mon Aug 24 2009 00:00:00 GMT+0530 (India Standard Time)","4536.95","4656.30","4536.95","4642.80"
"Tue Aug 25 2009 00:00:00 GMT+0530 (India Standard Time)","4641.64","4672.89","4582.50","4659.35"
"Wed Aug 26 2009 00:00:00 GMT+0530 (India Standard Time)","4659.45","4697.80","4659.10","4680.85"
"Thu Aug 27 2009 00:00:00 GMT+0530 (India Standard Time)","4679.00","4707.89","4645.14","4688.20"
"Fri Aug 28 2009 00:00:00 GMT+0530 (India Standard Time)","4688.39","4743.75","4651.39","4732.35"
"Mon Aug 31 2009 00:00:00 GMT+0530 (India Standard Time)","4730.85","4730.85","4635.00","4662.10"
"Tue Sep 01 2009 00:00:00 GMT+0530 (India Standard Time)","4662.20","4735.89","4600.64","4625.35"
"Wed Sep 02 2009 00:00:00 GMT+0530 (India Standard Time)","4624.00","4650.45","4576.60","4608.35"
"Thu Sep 03 2009 00:00:00 GMT+0530 (India Standard Time)","4608.75","4647.35","4581.05","4593.55"
"Fri Sep 04 2009 00:00:00 GMT+0530 (India Standard Time)","4608.70","4697.20","4580.35","4680.39"
"Mon Sep 07 2009 00:00:00 GMT+0530 (India Standard Time)","4682.39","4790.00","4679.30","4782.89"
"Tue Sep 08 2009 00:00:00 GMT+0530 (India Standard Time)","4782.85","4842.20","4782.64","4805.25"
"Wed Sep 09 2009 00:00:00 GMT+0530 (India Standard Time)","4804.89","4825.05","4783.50","4814.25"
"Thu Sep 10 2009 00:00:00 GMT+0530 (India Standard Time)","4814.35","4889.05","4807.89","4819.39"
"Fri Sep 11 2009 00:00:00 GMT+0530 (India Standard Time)","4819.39","4856.14","4791.55","4829.55"
"Mon Sep 14 2009 00:00:00 GMT+0530 (India Standard Time)","4830.35","4832.25","4786.25","4808.60"
"Tue Sep 15 2009 00:00:00 GMT+0530 (India Standard Time)","4808.35","4899.45","4808.35","4892.10"
"Wed Sep 16 2009 00:00:00 GMT+0530 (India Standard Time)","4894.64","4966.30","4894.64","4958.39"
"Thu Sep 17 2009 00:00:00 GMT+0530 (India Standard Time)","4958.55","5003.05","4944.14","4965.55"
"Fri Sep 18 2009 00:00:00 GMT+0530 (India Standard Time)","4963.95","4980.85","4931.89","4976.05"
"Tue Sep 22 2009 00:00:00 GMT+0530 (India Standard Time)","4977.10","5036.30","4977.10","5020.20"
"Wed Sep 23 2009 00:00:00 GMT+0530 (India Standard Time)","5019.95","5030.75","4957.05","4969.95"
"Thu Sep 24 2009 00:00:00 GMT+0530 (India Standard Time)","4977.14","5016.70","4904.05","4986.55"
"Fri Sep 25 2009 00:00:00 GMT+0530 (India Standard Time)","4985.10","4994.35","4931.25","4958.95"
"Tue Sep 29 2009 00:00:00 GMT+0530 (India Standard Time)","4959.14","5020.25","4959.10","5006.85"
"Wed Sep 30 2009 00:00:00 GMT+0530 (India Standard Time)","5007.64","5087.60","5004.35","5083.95"
"Thu Oct 01 2009 00:00:00 GMT+0530 (India Standard Time)","5087.20","5110.50","5057.05","5083.39"
"Mon Oct 05 2009 00:00:00 GMT+0530 (India Standard Time)","5076.05","5076.05","4991.95","5003.20"
"Tue Oct 06 2009 00:00:00 GMT+0530 (India Standard Time)","5003.64","5034.70","4921.05","5027.39"
"Wed Oct 07 2009 00:00:00 GMT+0530 (India Standard Time)","5031.70","5077.00","4972.95","4985.75"
"Thu Oct 08 2009 00:00:00 GMT+0530 (India Standard Time)","5011.25","5043.05","4971.75","5002.25"
"Fri Oct 09 2009 00:00:00 GMT+0530 (India Standard Time)","4993.00","5032.60","4934.55","4945.20"
"Mon Oct 12 2009 00:00:00 GMT+0530 (India Standard Time)","4945.45","5068.05","4945.45","5054.25"
"Wed Oct 14 2009 00:00:00 GMT+0530 (India Standard Time)","5054.35","5127.39","5054.35","5118.20"
"Thu Oct 15 2009 00:00:00 GMT+0530 (India Standard Time)","5118.55","5152.25","5077.10","5108.85"
"Fri Oct 16 2009 00:00:00 GMT+0530 (India Standard Time)","5108.64","5149.64","5093.20","5142.14"
"Sat Oct 17 2009 00:00:00 GMT+0530 (India Standard Time)","5159.35","5176.80","5124.25","5141.80"
"Tue Oct 20 2009 00:00:00 GMT+0530 (India Standard Time)","5145.60","5181.95","5102.64","5114.45"
"Wed Oct 21 2009 00:00:00 GMT+0530 (India Standard Time)","5114.85","5117.45","5051.64","5063.60"
"Thu Oct 22 2009 00:00:00 GMT+0530 (India Standard Time)","5063.35","5064.25","4968.45","4988.60"
"Fri Oct 23 2009 00:00:00 GMT+0530 (India Standard Time)","4986.55","5054.95","4983.25","4997.05"
"Mon Oct 26 2009 00:00:00 GMT+0530 (India Standard Time)","4997.14","5033.75","4961.35","4970.89"
"Tue Oct 27 2009 00:00:00 GMT+0530 (India Standard Time)","4970.55","4970.55","4829.50","4846.70"
"Wed Oct 28 2009 00:00:00 GMT+0530 (India Standard Time)","4846.55","4867.00","4784.10","4826.14"
"Thu Oct 29 2009 00:00:00 GMT+0530 (India Standard Time)","4826.10","4826.10","4738.39","4750.55"
"Fri Oct 30 2009 00:00:00 GMT+0530 (India Standard Time)","4751.10","4853.64","4687.50","4711.70"
"Tue Nov 03 2009 00:00:00 GMT+0530 (India Standard Time)","4712.25","4729.85","4538.50","4563.89"
"Wed Nov 04 2009 00:00:00 GMT+0530 (India Standard Time)","4567.30","4717.80","4565.00","4710.80"
"Thu Nov 05 2009 00:00:00 GMT+0530 (India Standard Time)","4711.64","4776.35","4610.60","4765.55"
"Fri Nov 06 2009 00:00:00 GMT+0530 (India Standard Time)","4767.50","4836.20","4764.85","4796.14"
"Mon Nov 09 2009 00:00:00 GMT+0530 (India Standard Time)","4796.14","4905.25","4789.89","4898.39"
"Tue Nov 10 2009 00:00:00 GMT+0530 (India Standard Time)","4898.89","4947.70","4860.10","4881.70"
"Wed Nov 11 2009 00:00:00 GMT+0530 (India Standard Time)","4882.30","5016.70","4870.05","5003.95"
"Thu Nov 12 2009 00:00:00 GMT+0530 (India Standard Time)","5004.39","5014.39","4924.75","4952.64"
"Fri Nov 13 2009 00:00:00 GMT+0530 (India Standard Time)","4952.35","5017.89","4942.64","4998.95"
"Mon Nov 16 2009 00:00:00 GMT+0530 (India Standard Time)","4996.50","5073.20","4994.00","5058.05"
"Tue Nov 17 2009 00:00:00 GMT+0530 (India Standard Time)","5058.95","5074.00","5010.14","5062.25"
"Wed Nov 18 2009 00:00:00 GMT+0530 (India Standard Time)","5061.50","5079.30","5041.64","5054.70"
"Thu Nov 19 2009 00:00:00 GMT+0530 (India Standard Time)","5043.95","5053.45","4963.70","4989.00"
"Fri Nov 20 2009 00:00:00 GMT+0530 (India Standard Time)","4988.75","5063.30","4932.80","5052.45"
"Mon Nov 23 2009 00:00:00 GMT+0530 (India Standard Time)","5052.95","5113.10","5052.10","5103.55"
"Tue Nov 24 2009 00:00:00 GMT+0530 (India Standard Time)","5105.00","5112.85","5053.50","5090.55"
"Wed Nov 25 2009 00:00:00 GMT+0530 (India Standard Time)","5091.55","5138.00","5078.35","5108.14"
"Thu Nov 26 2009 00:00:00 GMT+0530 (India Standard Time)","5116.45","5116.45","4986.05","5005.55"
"Fri Nov 27 2009 00:00:00 GMT+0530 (India Standard Time)","5005.05","5005.05","4806.70","4941.75"
"Mon Nov 30 2009 00:00:00 GMT+0530 (India Standard Time)","4942.25","5066.35","4942.25","5032.70"
"Tue Dec 01 2009 00:00:00 GMT+0530 (India Standard Time)","5039.70","5130.35","5038.85","5122.00"
"Wed Dec 02 2009 00:00:00 GMT+0530 (India Standard Time)","5122.75","5161.75","5111.75","5123.25"
"Thu Dec 03 2009 00:00:00 GMT+0530 (India Standard Time)","5124.55","5181.00","5106.60","5131.70"
"Fri Dec 04 2009 00:00:00 GMT+0530 (India Standard Time)","5131.70","5161.80","5081.85","5108.89"
"Mon Dec 07 2009 00:00:00 GMT+0530 (India Standard Time)","5108.85","5131.30","5051.55","5066.70"
"Tue Dec 08 2009 00:00:00 GMT+0530 (India Standard Time)","5068.55","5152.55","5058.89","5147.89"
"Wed Dec 09 2009 00:00:00 GMT+0530 (India Standard Time)","5147.64","5147.64","5090.60","5112.00"
"Thu Dec 10 2009 00:00:00 GMT+0530 (India Standard Time)","5112.39","5146.45","5084.64","5134.60"
"Fri Dec 11 2009 00:00:00 GMT+0530 (India Standard Time)","5136.05","5182.55","5088.39","5117.30"
"Mon Dec 14 2009 00:00:00 GMT+0530 (India Standard Time)","5117.45","5156.70","5090.14","5105.70"
"Tue Dec 15 2009 00:00:00 GMT+0530 (India Standard Time)","5105.75","5129.45","5018.25","5033.05"
"Wed Dec 16 2009 00:00:00 GMT+0530 (India Standard Time)","5032.95","5067.25","5001.80","5042.05"
"Thu Dec 17 2009 00:00:00 GMT+0530 (India Standard Time)","5046.64","5064.20","5013.14","5041.75"
"Fri Dec 18 2009 00:00:00 GMT+0530 (India Standard Time)","5042.00","5043.39","4979.05","4987.70"
"Mon Dec 21 2009 00:00:00 GMT+0530 (India Standard Time)","4983.64","4997.85","4943.95","4952.60"
"Tue Dec 22 2009 00:00:00 GMT+0530 (India Standard Time)","4953.35","4997.30","4953.35","4985.85"
"Wed Dec 23 2009 00:00:00 GMT+0530 (India Standard Time)","4990.05","5150.60","4990.05","5144.60"
"Thu Dec 24 2009 00:00:00 GMT+0530 (India Standard Time)","5144.80","5197.89","5129.05","5178.39"
"Tue Dec 29 2009 00:00:00 GMT+0530 (India Standard Time)","5180.75","5214.60","5175.85","5187.95"
"Wed Dec 30 2009 00:00:00 GMT+0530 (India Standard Time)","5188.75","5197.05","5160.10","5169.45"
"Thu Dec 31 2009 00:00:00 GMT+0530 (India Standard Time)","5171.20","5221.85","5168.75","5201.05"
"Mon Jan 04 2010 00:00:00 GMT+0530 (India Standard Time)","5200.89","5238.45","5167.10","5232.20"
"Tue Jan 05 2010 00:00:00 GMT+0530 (India Standard Time)","5277.15","5288.35","5242.39","5277.90"
"Wed Jan 06 2010 00:00:00 GMT+0530 (India Standard Time)","5278.15","5310.85","5260.05","5281.80"
"Thu Jan 07 2010 00:00:00 GMT+0530 (India Standard Time)","5281.80","5302.55","5244.75","5263.10"
"Fri Jan 08 2010 00:00:00 GMT+0530 (India Standard Time)","5264.25","5276.75","5234.70","5244.75"
"Mon Jan 11 2010 00:00:00 GMT+0530 (India Standard Time)","5263.80","5287.20","5227.80","5249.40"
"Tue Jan 12 2010 00:00:00 GMT+0530 (India Standard Time)","5251.10","5300.50","5200.95","5210.39"
"Wed Jan 13 2010 00:00:00 GMT+0530 (India Standard Time)","5212.60","5239.20","5169.55","5233.95"
"Thu Jan 14 2010 00:00:00 GMT+0530 (India Standard Time)","5234.50","5272.85","5232.50","5259.90"
"Fri Jan 15 2010 00:00:00 GMT+0530 (India Standard Time)","5259.90","5279.85","5242.45","5252.20"
"Mon Jan 18 2010 00:00:00 GMT+0530 (India Standard Time)","5253.65","5292.50","5228.95","5274.85"
"Tue Jan 19 2010 00:00:00 GMT+0530 (India Standard Time)","5274.20","5287.80","5218.64","5225.64"
"Wed Jan 20 2010 00:00:00 GMT+0530 (India Standard Time)","5226.10","5256.70","5201.39","5221.70"
"Thu Jan 21 2010 00:00:00 GMT+0530 (India Standard Time)","5220.20","5220.35","5085.45","5094.14"
"Fri Jan 22 2010 00:00:00 GMT+0530 (India Standard Time)","5094.14","5094.14","4954.85","5036.00"
"Mon Jan 25 2010 00:00:00 GMT+0530 (India Standard Time)","5034.55","5035.70","4983.05","5007.89"
"Wed Jan 27 2010 00:00:00 GMT+0530 (India Standard Time)","5008.50","5008.50","4833.05","4853.10"
"Thu Jan 28 2010 00:00:00 GMT+0530 (India Standard Time)","4863.00","4929.89","4824.95","4867.25"
"Fri Jan 29 2010 00:00:00 GMT+0530 (India Standard Time)","4866.14","4893.70","4766.00","4882.05"
"Mon Feb 01 2010 00:00:00 GMT+0530 (India Standard Time)","4882.05","4918.80","4827.14","4899.70"
"Tue Feb 02 2010 00:00:00 GMT+0530 (India Standard Time)","4907.85","4951.14","4814.10","4830.10"
"Wed Feb 03 2010 00:00:00 GMT+0530 (India Standard Time)","4831.00","4949.14","4831.00","4931.85"
"Thu Feb 04 2010 00:00:00 GMT+0530 (India Standard Time)","4931.30","4931.30","4832.35","4845.35"
"Fri Feb 05 2010 00:00:00 GMT+0530 (India Standard Time)","4819.64","4827.00","4692.35","4718.64"
"Sat Feb 06 2010 00:00:00 GMT+0530 (India Standard Time)","4712.75","4768.14","4712.75","4757.25"
"Mon Feb 08 2010 00:00:00 GMT+0530 (India Standard Time)","4755.35","4799.05","4675.39","4760.39"
"Tue Feb 09 2010 00:00:00 GMT+0530 (India Standard Time)","4760.55","4810.39","4739.35","4792.64"
"Wed Feb 10 2010 00:00:00 GMT+0530 (India Standard Time)","4793.00","4826.85","4748.10","4757.20"
"Thu Feb 11 2010 00:00:00 GMT+0530 (India Standard Time)","4757.25","4843.80","4757.25","4826.85"
"Mon Feb 15 2010 00:00:00 GMT+0530 (India Standard Time)","4827.89","4845.60","4783.89","4801.95"
"Tue Feb 16 2010 00:00:00 GMT+0530 (India Standard Time)","4801.80","4880.00","4791.35","4855.75"
"Wed Feb 17 2010 00:00:00 GMT+0530 (India Standard Time)","4858.64","4929.70","4857.60","4914.00"
"Thu Feb 18 2010 00:00:00 GMT+0530 (India Standard Time)","4915.10","4922.05","4873.70","4887.75"
"Fri Feb 19 2010 00:00:00 GMT+0530 (India Standard Time)","4887.30","4887.30","4805.55","4844.89"
"Mon Feb 22 2010 00:00:00 GMT+0530 (India Standard Time)","4849.35","4912.05","4845.89","4856.39"
"Tue Feb 23 2010 00:00:00 GMT+0530 (India Standard Time)","4856.60","4884.10","4833.14","4870.05"
"Wed Feb 24 2010 00:00:00 GMT+0530 (India Standard Time)","4869.55","4880.55","4834.64","4858.60"
"Thu Feb 25 2010 00:00:00 GMT+0530 (India Standard Time)","4859.00","4880.14","4835.60","4859.75"
"Fri Feb 26 2010 00:00:00 GMT+0530 (India Standard Time)","4858.50","4992.00","4858.45","4922.30"
"Tue Mar 02 2010 00:00:00 GMT+0530 (India Standard Time)","4935.60","5029.45","4935.35","5017.00"
"Wed Mar 03 2010 00:00:00 GMT+0530 (India Standard Time)","5015.80","5093.25","5015.10","5088.10"
"Thu Mar 04 2010 00:00:00 GMT+0530 (India Standard Time)","5096.95","5096.95","5049.00","5080.25"
"Fri Mar 05 2010 00:00:00 GMT+0530 (India Standard Time)","5080.55","5118.64","5068.05","5088.70"
"Mon Mar 08 2010 00:00:00 GMT+0530 (India Standard Time)","5092.14","5147.10","5092.14","5124.00"
"Tue Mar 09 2010 00:00:00 GMT+0530 (India Standard Time)","5121.05","5131.80","5094.35","5101.50"
"Wed Mar 10 2010 00:00:00 GMT+0530 (India Standard Time)","5101.60","5137.39","5092.05","5116.25"
"Thu Mar 11 2010 00:00:00 GMT+0530 (India Standard Time)","5116.35","5152.60","5102.10","5133.39"
"Fri Mar 12 2010 00:00:00 GMT+0530 (India Standard Time)","5131.80","5158.10","5122.10","5137.00"
"Mon Mar 15 2010 00:00:00 GMT+0530 (India Standard Time)","5134.45","5151.05","5101.20","5128.89"
"Tue Mar 16 2010 00:00:00 GMT+0530 (India Standard Time)","5128.95","5209.25","5125.70","5198.10"
"Wed Mar 17 2010 00:00:00 GMT+0530 (India Standard Time)","5198.45","5260.50","5177.14","5231.89"
"Thu Mar 18 2010 00:00:00 GMT+0530 (India Standard Time)","5232.55","5255.65","5214.39","5245.90"
"Fri Mar 19 2010 00:00:00 GMT+0530 (India Standard Time)","5246.80","5269.95","5237.10","5262.80"
"Mon Mar 22 2010 00:00:00 GMT+0530 (India Standard Time)","5260.95","5260.95","5187.05","5205.20"
"Tue Mar 23 2010 00:00:00 GMT+0530 (India Standard Time)","5205.85","5243.60","5193.39","5225.30"
"Thu Mar 25 2010 00:00:00 GMT+0530 (India Standard Time)","5225.30","5267.30","5202.95","5260.40"
"Fri Mar 26 2010 00:00:00 GMT+0530 (India Standard Time)","5260.55","5293.75","5260.55","5282.00"
"Mon Mar 29 2010 00:00:00 GMT+0530 (India Standard Time)","5283.90","5329.55","5242.14","5302.85"
"Tue Mar 30 2010 00:00:00 GMT+0530 (India Standard Time)","5302.95","5325.00","5251.35","5262.45"
"Wed Mar 31 2010 00:00:00 GMT+0530 (India Standard Time)","5260.40","5293.90","5235.14","5249.10"
"Thu Apr 01 2010 00:00:00 GMT+0530 (India Standard Time)","5249.20","5298.60","5249.20","5290.50"
"Mon Apr 05 2010 00:00:00 GMT+0530 (India Standard Time)","5291.40","5377.55","5291.40","5368.40"
"Tue Apr 06 2010 00:00:00 GMT+0530 (India Standard Time)","5369.65","5388.65","5351.70","5366.00"
"Wed Apr 07 2010 00:00:00 GMT+0530 (India Standard Time)","5365.70","5399.65","5345.05","5374.65"
"Thu Apr 08 2010 00:00:00 GMT+0530 (India Standard Time)","5376.30","5383.65","5290.25","5304.45"
"Fri Apr 09 2010 00:00:00 GMT+0530 (India Standard Time)","5302.40","5377.45","5302.25","5361.75"
"Mon Apr 12 2010 00:00:00 GMT+0530 (India Standard Time)","5354.15","5382.15","5324.90","5339.70"
"Tue Apr 13 2010 00:00:00 GMT+0530 (India Standard Time)","5340.85","5356.50","5301.70","5322.95"
"Thu Apr 15 2010 00:00:00 GMT+0530 (India Standard Time)","5323.30","5373.15","5265.30","5273.60"
"Fri Apr 16 2010 00:00:00 GMT+0530 (India Standard Time)","5273.40","5283.05","5237.55","5262.60"
"Mon Apr 19 2010 00:00:00 GMT+0530 (India Standard Time)","5279.05","5279.05","5160.89","5203.64"
"Tue Apr 20 2010 00:00:00 GMT+0530 (India Standard Time)","5208.30","5257.25","5208.30","5230.10"
"Wed Apr 21 2010 00:00:00 GMT+0530 (India Standard Time)","5230.30","5266.30","5230.30","5244.90"
"Thu Apr 22 2010 00:00:00 GMT+0530 (India Standard Time)","5248.60","5331.80","5221.10","5269.35"
"Fri Apr 23 2010 00:00:00 GMT+0530 (India Standard Time)","5269.65","5311.05","5269.65","5304.10"
"Mon Apr 26 2010 00:00:00 GMT+0530 (India Standard Time)","5299.35","5342.35","5299.35","5322.45"
"Tue Apr 27 2010 00:00:00 GMT+0530 (India Standard Time)","5322.10","5330.55","5301.40","5308.35"
"Wed Apr 28 2010 00:00:00 GMT+0530 (India Standard Time)","5308.20","5308.25","5202.45","5215.45"
"Thu Apr 29 2010 00:00:00 GMT+0530 (India Standard Time)","5215.25","5264.75","5214.80","5254.15"
"Fri Apr 30 2010 00:00:00 GMT+0530 (India Standard Time)","5254.20","5294.80","5254.20","5278.00"
"Mon May 03 2010 00:00:00 GMT+0530 (India Standard Time)","5278.40","5278.70","5210.05","5222.75"
"Tue May 04 2010 00:00:00 GMT+0530 (India Standard Time)","5223.89","5250.15","5134.85","5148.50"
"Wed May 05 2010 00:00:00 GMT+0530 (India Standard Time)","5148.35","5148.35","5056.50","5124.89"
"Thu May 06 2010 00:00:00 GMT+0530 (India Standard Time)","5124.39","5124.89","5037.75","5090.85"
"Fri May 07 2010 00:00:00 GMT+0530 (India Standard Time)","5072.30","5085.64","4984.60","5018.05"
"Mon May 10 2010 00:00:00 GMT+0530 (India Standard Time)","5026.60","5203.30","5026.60","5193.60"
"Tue May 11 2010 00:00:00 GMT+0530 (India Standard Time)","5189.75","5206.70","5126.50","5136.14"
"Wed May 12 2010 00:00:00 GMT+0530 (India Standard Time)","5133.75","5172.85","5098.80","5156.64"
"Thu May 13 2010 00:00:00 GMT+0530 (India Standard Time)","5157.55","5212.70","5147.95","5178.89"
"Fri May 14 2010 00:00:00 GMT+0530 (India Standard Time)","5180.55","5192.75","5070.95","5093.50"
"Mon May 17 2010 00:00:00 GMT+0530 (India Standard Time)","5093.89","5094.55","4966.25","5059.89"
"Tue May 18 2010 00:00:00 GMT+0530 (India Standard Time)","5059.55","5105.20","5024.25","5066.20"
"Wed May 19 2010 00:00:00 GMT+0530 (India Standard Time)","5065.10","5065.10","4908.14","4919.64"
"Thu May 20 2010 00:00:00 GMT+0530 (India Standard Time)","4924.30","4980.25","4924.30","4947.60"
"Fri May 21 2010 00:00:00 GMT+0530 (India Standard Time)","4946.70","4946.70","4842.30","4931.14"
"Mon May 24 2010 00:00:00 GMT+0530 (India Standard Time)","4944.30","5029.55","4923.45","4943.95"
"Tue May 25 2010 00:00:00 GMT+0530 (India Standard Time)","4945.30","4946.60","4786.45","4806.75"
"Wed May 26 2010 00:00:00 GMT+0530 (India Standard Time)","4807.30","4925.45","4807.30","4917.39"
"Thu May 27 2010 00:00:00 GMT+0530 (India Standard Time)","4915.14","5016.60","4897.60","5003.10"
"Fri May 28 2010 00:00:00 GMT+0530 (India Standard Time)","5005.60","5077.25","5005.60","5066.55"
"Mon May 31 2010 00:00:00 GMT+0530 (India Standard Time)","5076.10","5097.60","5038.55","5086.30"
"Tue Jun 01 2010 00:00:00 GMT+0530 (India Standard Time)","5086.25","5086.95","4961.05","4970.20"
"Wed Jun 02 2010 00:00:00 GMT+0530 (India Standard Time)","4970.75","5031.20","4967.05","5019.85"
"Thu Jun 03 2010 00:00:00 GMT+0530 (India Standard Time)","5020.14","5125.70","5020.14","5110.50"
"Fri Jun 04 2010 00:00:00 GMT+0530 (India Standard Time)","5112.60","5147.89","5091.60","5135.50"
"Mon Jun 07 2010 00:00:00 GMT+0530 (India Standard Time)","5132.95","5132.95","5004.25","5034.00"
"Tue Jun 08 2010 00:00:00 GMT+0530 (India Standard Time)","5036.70","5071.35","4967.30","4987.10"
"Wed Jun 09 2010 00:00:00 GMT+0530 (India Standard Time)","4985.05","5050.60","4980.10","5000.30"
"Thu Jun 10 2010 00:00:00 GMT+0530 (India Standard Time)","4999.60","5085.20","4997.60","5078.60"
"Fri Jun 11 2010 00:00:00 GMT+0530 (India Standard Time)","5078.75","5139.05","5078.75","5119.35"
"Mon Jun 14 2010 00:00:00 GMT+0530 (India Standard Time)","5120.14","5201.25","5120.14","5197.70"
"Tue Jun 15 2010 00:00:00 GMT+0530 (India Standard Time)","5201.30","5231.45","5171.05","5222.35"
"Wed Jun 16 2010 00:00:00 GMT+0530 (India Standard Time)","5225.05","5255.65","5214.89","5233.35"
"Thu Jun 17 2010 00:00:00 GMT+0530 (India Standard Time)","5233.64","5285.55","5206.55","5274.85"
"Fri Jun 18 2010 00:00:00 GMT+0530 (India Standard Time)","5274.95","5302.30","5245.50","5262.60"
"Mon Jun 21 2010 00:00:00 GMT+0530 (India Standard Time)","5266.50","5366.75","5266.50","5353.30"
"Tue Jun 22 2010 00:00:00 GMT+0530 (India Standard Time)","5353.95","5354.35","5311.05","5316.55"
"Wed Jun 23 2010 00:00:00 GMT+0530 (India Standard Time)","5316.15","5333.30","5288.15","5323.15"
"Thu Jun 24 2010 00:00:00 GMT+0530 (India Standard Time)","5323.25","5348.30","5284.55","5320.60"
"Fri Jun 25 2010 00:00:00 GMT+0530 (India Standard Time)","5320.50","5320.50","5259.90","5269.05"
"Mon Jun 28 2010 00:00:00 GMT+0530 (India Standard Time)","5271.10","5339.45","5270.75","5333.50"
"Tue Jun 29 2010 00:00:00 GMT+0530 (India Standard Time)","5333.55","5334.15","5235.80","5256.15"
"Wed Jun 30 2010 00:00:00 GMT+0530 (India Standard Time)","5254.25","5320.35","5210.00","5312.50"
"Thu Jul 01 2010 00:00:00 GMT+0530 (India Standard Time)","5312.05","5312.55","5232.10","5251.40"
"Fri Jul 02 2010 00:00:00 GMT+0530 (India Standard Time)","5251.25","5277.25","5225.60","5237.10"
"Mon Jul 05 2010 00:00:00 GMT+0530 (India Standard Time)","5237.00","5252.75","5225.85","5235.89"
"Tue Jul 06 2010 00:00:00 GMT+0530 (India Standard Time)","5236.10","5297.45","5231.50","5289.05"
"Wed Jul 07 2010 00:00:00 GMT+0530 (India Standard Time)","5293.10","5296.75","5233.45","5241.10"
"Thu Jul 08 2010 00:00:00 GMT+0530 (India Standard Time)","5242.00","5320.50","5242.00","5296.85"
"Fri Jul 09 2010 00:00:00 GMT+0530 (India Standard Time)","5297.20","5359.05","5297.20","5352.45"
"Mon Jul 12 2010 00:00:00 GMT+0530 (India Standard Time)","5352.25","5402.70","5351.60","5383.00"
"Tue Jul 13 2010 00:00:00 GMT+0530 (India Standard Time)","5370.20","5406.20","5357.85","5400.65"
"Wed Jul 14 2010 00:00:00 GMT+0530 (India Standard Time)","5402.00","5453.45","5371.70","5386.15"
"Thu Jul 15 2010 00:00:00 GMT+0530 (India Standard Time)","5387.10","5399.20","5360.60","5378.75"
"Fri Jul 16 2010 00:00:00 GMT+0530 (India Standard Time)","5376.65","5401.35","5374.40","5393.90"
"Mon Jul 19 2010 00:00:00 GMT+0530 (India Standard Time)","5392.70","5409.10","5361.50","5386.45"
"Tue Jul 20 2010 00:00:00 GMT+0530 (India Standard Time)","5387.00","5416.45","5353.60","5368.00"
"Wed Jul 21 2010 00:00:00 GMT+0530 (India Standard Time)","5368.85","5409.10","5368.85","5399.35"
"Thu Jul 22 2010 00:00:00 GMT+0530 (India Standard Time)","5399.15","5447.15","5372.20","5441.95"
"Fri Jul 23 2010 00:00:00 GMT+0530 (India Standard Time)","5441.90","5477.50","5435.15","5449.10"
"Mon Jul 26 2010 00:00:00 GMT+0530 (India Standard Time)","5446.55","5466.25","5409.20","5418.60"
"Tue Jul 27 2010 00:00:00 GMT+0530 (India Standard Time)","5420.20","5450.95","5407.20","5430.60"
"Wed Jul 28 2010 00:00:00 GMT+0530 (India Standard Time)","5436.10","5447.85","5386.25","5397.55"
"Thu Jul 29 2010 00:00:00 GMT+0530 (India Standard Time)","5397.85","5415.85","5381.55","5408.90"
"Fri Jul 30 2010 00:00:00 GMT+0530 (India Standard Time)","5408.40","5413.25","5349.20","5367.60"
"Mon Aug 02 2010 00:00:00 GMT+0530 (India Standard Time)","5369.55","5438.85","5351.30","5431.65"
"Tue Aug 03 2010 00:00:00 GMT+0530 (India Standard Time)","5432.50","5459.20","5426.40","5439.55"
"Wed Aug 04 2010 00:00:00 GMT+0530 (India Standard Time)","5441.35","5481.90","5428.40","5467.85"
"Thu Aug 05 2010 00:00:00 GMT+0530 (India Standard Time)","5470.15","5487.15","5443.10","5447.10"
"Fri Aug 06 2010 00:00:00 GMT+0530 (India Standard Time)","5448.25","5471.90","5431.35","5439.25"
"Mon Aug 09 2010 00:00:00 GMT+0530 (India Standard Time)","5439.80","5492.30","5433.25","5486.15"
"Tue Aug 10 2010 00:00:00 GMT+0530 (India Standard Time)","5486.80","5491.45","5445.35","5460.70"
"Wed Aug 11 2010 00:00:00 GMT+0530 (India Standard Time)","5460.70","5474.60","5412.00","5420.60"
"Thu Aug 12 2010 00:00:00 GMT+0530 (India Standard Time)","5418.70","5431.10","5372.45","5416.45"
"Fri Aug 13 2010 00:00:00 GMT+0530 (India Standard Time)","5420.65","5476.50","5415.50","5452.10"
"Mon Aug 16 2010 00:00:00 GMT+0530 (India Standard Time)","5452.10","5465.25","5397.40","5418.30"
"Tue Aug 17 2010 00:00:00 GMT+0530 (India Standard Time)","5422.15","5443.55","5408.80","5414.15"
"Wed Aug 18 2010 00:00:00 GMT+0530 (India Standard Time)","5416.25","5487.95","5416.25","5479.15"
"Thu Aug 19 2010 00:00:00 GMT+0530 (India Standard Time)","5478.25","5544.70","5478.10","5540.20"
"Fri Aug 20 2010 00:00:00 GMT+0530 (India Standard Time)","5540.80","5546.60","5513.35","5530.65"
"Mon Aug 23 2010 00:00:00 GMT+0530 (India Standard Time)","5531.15","5549.80","5519.40","5543.50"
"Tue Aug 24 2010 00:00:00 GMT+0530 (India Standard Time)","5541.10","5547.25","5488.45","5505.10"
"Wed Aug 25 2010 00:00:00 GMT+0530 (India Standard Time)","5505.30","5506.15","5452.55","5462.35"
"Thu Aug 26 2010 00:00:00 GMT+0530 (India Standard Time)","5462.10","5486.55","5454.70","5477.90"
"Fri Aug 27 2010 00:00:00 GMT+0530 (India Standard Time)","5489.60","5495.20","5391.95","5408.70"
"Mon Aug 30 2010 00:00:00 GMT+0530 (India Standard Time)","5408.90","5469.00","5390.35","5415.45"
"Tue Aug 31 2010 00:00:00 GMT+0530 (India Standard Time)","5413.55","5413.90","5348.90","5402.40"
"Wed Sep 01 2010 00:00:00 GMT+0530 (India Standard Time)","5403.05","5478.60","5403.05","5471.85"
"Thu Sep 02 2010 00:00:00 GMT+0530 (India Standard Time)","5471.90","5513.95","5471.85","5486.15"
"Fri Sep 03 2010 00:00:00 GMT+0530 (India Standard Time)","5486.30","5510.40","5473.65","5479.40"
"Mon Sep 06 2010 00:00:00 GMT+0530 (India Standard Time)","5479.55","5589.40","5479.55","5576.95"
"Tue Sep 07 2010 00:00:00 GMT+0530 (India Standard Time)","5575.90","5625.50","5571.65","5604.00"
"Wed Sep 08 2010 00:00:00 GMT+0530 (India Standard Time)","5604.25","5625.30","5567.75","5607.85"
"Thu Sep 09 2010 00:00:00 GMT+0530 (India Standard Time)","5608.30","5647.45","5608.10","5640.05"
"Mon Sep 13 2010 00:00:00 GMT+0530 (India Standard Time)","5639.20","5770.60","5639.20","5760.00"
"Tue Sep 14 2010 00:00:00 GMT+0530 (India Standard Time)","5760.30","5838.45","5760.30","5795.55"
"Wed Sep 15 2010 00:00:00 GMT+0530 (India Standard Time)","5795.25","5869.45","5792.20","5860.95"
"Thu Sep 16 2010 00:00:00 GMT+0530 (India Standard Time)","5861.10","5901.65","5815.80","5828.70"
"Fri Sep 17 2010 00:00:00 GMT+0530 (India Standard Time)","5828.70","5898.40","5828.70","5884.95"
"Mon Sep 20 2010 00:00:00 GMT+0530 (India Standard Time)","5885.05","5989.50","5885.05","5980.45"
"Tue Sep 21 2010 00:00:00 GMT+0530 (India Standard Time)","5980.50","6032.80","5961.85","6009.05"
"Wed Sep 22 2010 00:00:00 GMT+0530 (India Standard Time)","6008.40","6037.40","5946.45","5991.00"
"Thu Sep 23 2010 00:00:00 GMT+0530 (India Standard Time)","5991.05","6006.80","5932.40","5959.55"
"Fri Sep 24 2010 00:00:00 GMT+0530 (India Standard Time)","5959.45","6029.10","5951.20","6018.30"
"Mon Sep 27 2010 00:00:00 GMT+0530 (India Standard Time)","6018.30","6073.50","6018.30","6035.65"
"Tue Sep 28 2010 00:00:00 GMT+0530 (India Standard Time)","6036.05","6049.80","5991.30","6029.50"
"Wed Sep 29 2010 00:00:00 GMT+0530 (India Standard Time)","6029.15","6071.55","5979.65","5991.30"
"Thu Sep 30 2010 00:00:00 GMT+0530 (India Standard Time)","5991.35","6048.45","5963.60","6029.95"
"Fri Oct 01 2010 00:00:00 GMT+0530 (India Standard Time)","6030.30","6153.10","6030.30","6143.40"
"Mon Oct 04 2010 00:00:00 GMT+0530 (India Standard Time)","6144.70","6222.10","6144.70","6159.45"
"Tue Oct 05 2010 00:00:00 GMT+0530 (India Standard Time)","6159.45","6188.35","6118.05","6145.80"
"Wed Oct 06 2010 00:00:00 GMT+0530 (India Standard Time)","6150.95","6223.40","6148.60","6186.45"
"Thu Oct 07 2010 00:00:00 GMT+0530 (India Standard Time)","6186.85","6199.45","6107.50","6120.30"
"Fri Oct 08 2010 00:00:00 GMT+0530 (India Standard Time)","6121.40","6148.60","6067.00","6103.45"
"Mon Oct 11 2010 00:00:00 GMT+0530 (India Standard Time)","6105.95","6187.75","6105.95","6135.85"
"Tue Oct 12 2010 00:00:00 GMT+0530 (India Standard Time)","6135.95","6144.95","6057.95","6090.90"
"Wed Oct 13 2010 00:00:00 GMT+0530 (India Standard Time)","6091.45","6240.25","6089.75","6233.90"
"Thu Oct 14 2010 00:00:00 GMT+0530 (India Standard Time)","6234.30","6284.10","6157.90","6177.35"
"Fri Oct 15 2010 00:00:00 GMT+0530 (India Standard Time)","6175.90","6200.60","6050.35","6062.65"
"Mon Oct 18 2010 00:00:00 GMT+0530 (India Standard Time)","6112.75","6115.10","5985.10","6075.95"
"Tue Oct 19 2010 00:00:00 GMT+0530 (India Standard Time)","6114.45","6127.05","6008.15","6027.30"
"Wed Oct 20 2010 00:00:00 GMT+0530 (India Standard Time)","6002.95","6038.10","5966.75","5982.10"
"Thu Oct 21 2010 00:00:00 GMT+0530 (India Standard Time)","6008.90","6113.50","5984.90","6101.50"
"Fri Oct 22 2010 00:00:00 GMT+0530 (India Standard Time)","6113.40","6121.10","6041.35","6066.05"
"Mon Oct 25 2010 00:00:00 GMT+0530 (India Standard Time)","6101.25","6151.30","6094.60","6105.80"
"Tue Oct 26 2010 00:00:00 GMT+0530 (India Standard Time)","6116.30","6120.25","6074.65","6082.00"
"Wed Oct 27 2010 00:00:00 GMT+0530 (India Standard Time)","6075.45","6075.95","5987.55","6012.65"
"Thu Oct 28 2010 00:00:00 GMT+0530 (India Standard Time)","6039.95","6071.10","5968.10","5987.70"
"Fri Oct 29 2010 00:00:00 GMT+0530 (India Standard Time)","6021.15","6032.65","5937.10","6017.70"
"Mon Nov 01 2010 00:00:00 GMT+0530 (India Standard Time)","6092.30","6132.40","6084.75","6117.55"
"Tue Nov 02 2010 00:00:00 GMT+0530 (India Standard Time)","6127.55","6138.10","6094.40","6119.00"
"Wed Nov 03 2010 00:00:00 GMT+0530 (India Standard Time)","6150.60","6182.50","6146.80","6160.50"
"Thu Nov 04 2010 00:00:00 GMT+0530 (India Standard Time)","6209.60","6290.15","6199.35","6281.80"
"Fri Nov 05 2010 00:00:00 GMT+0530 (India Standard Time)","6321.85","6338.50","6303.10","6312.45"
"Mon Nov 08 2010 00:00:00 GMT+0530 (India Standard Time)","6335.25","6335.90","6265.35","6273.20"
"Tue Nov 09 2010 00:00:00 GMT+0530 (India Standard Time)","6281.00","6310.90","6243.55","6301.55"
"Wed Nov 10 2010 00:00:00 GMT+0530 (India Standard Time)","6303.20","6307.65","6269.25","6275.70"
"Thu Nov 11 2010 00:00:00 GMT+0530 (India Standard Time)","6286.35","6296.55","6179.50","6194.25"
"Fri Nov 12 2010 00:00:00 GMT+0530 (India Standard Time)","6182.30","6202.50","6056.75","6071.65"
"Mon Nov 15 2010 00:00:00 GMT+0530 (India Standard Time)","6079.90","6128.75","6039.40","6121.60"
"Tue Nov 16 2010 00:00:00 GMT+0530 (India Standard Time)","6143.45","6144.05","5970.60","5988.70"
"Thu Nov 18 2010 00:00:00 GMT+0530 (India Standard Time)","6075.95","6076.20","5906.75","5998.80"
"Fri Nov 19 2010 00:00:00 GMT+0530 (India Standard Time)","6011.30","6013.25","5863.95","5890.30"
"Mon Nov 22 2010 00:00:00 GMT+0530 (India Standard Time)","5920.90","6020.25","5905.15","6010.00"
"Tue Nov 23 2010 00:00:00 GMT+0530 (India Standard Time)","5971.55","5973.35","5824.95","5934.75"
"Wed Nov 24 2010 00:00:00 GMT+0530 (India Standard Time)","5946.80","5976.65","5833.60","5865.75"
"Thu Nov 25 2010 00:00:00 GMT+0530 (India Standard Time)","5883.95","5907.10","5780.35","5799.75"
"Fri Nov 26 2010 00:00:00 GMT+0530 (India Standard Time)","5828.55","5838.50","5690.35","5751.95"
"Mon Nov 29 2010 00:00:00 GMT+0530 (India Standard Time)","5789.95","5843.15","5754.70","5830.00"
"Tue Nov 30 2010 00:00:00 GMT+0530 (India Standard Time)","5811.60","5892.25","5768.35","5862.70"
"Wed Dec 01 2010 00:00:00 GMT+0530 (India Standard Time)","5871.00","5971.00","5865.55","5960.90"
"Thu Dec 02 2010 00:00:00 GMT+0530 (India Standard Time)","6023.05","6029.50","5980.60","6011.70"
"Fri Dec 03 2010 00:00:00 GMT+0530 (India Standard Time)","6013.35","6025.40","5964.25","5992.80"
"Mon Dec 06 2010 00:00:00 GMT+0530 (India Standard Time)","6033.65","6069.45","5981.70","5992.25"
"Tue Dec 07 2010 00:00:00 GMT+0530 (India Standard Time)","5995.05","6001.00","5939.70","5976.55"
"Wed Dec 08 2010 00:00:00 GMT+0530 (India Standard Time)","5954.40","5960.00","5878.60","5903.70"
"Thu Dec 09 2010 00:00:00 GMT+0530 (India Standard Time)","5924.25","5927.30","5742.30","5766.50"
"Fri Dec 10 2010 00:00:00 GMT+0530 (India Standard Time)","5761.00","5865.50","5721.15","5857.35"
"Mon Dec 13 2010 00:00:00 GMT+0530 (India Standard Time)","5882.65","5913.80","5795.90","5907.65"
"Tue Dec 14 2010 00:00:00 GMT+0530 (India Standard Time)","5928.70","5953.95","5888.75","5944.10"
"Wed Dec 15 2010 00:00:00 GMT+0530 (India Standard Time)","5931.15","5942.75","5865.80","5892.30"
"Thu Dec 16 2010 00:00:00 GMT+0530 (India Standard Time)","5910.55","5956.15","5855.05","5948.75"
"Mon Dec 20 2010 00:00:00 GMT+0530 (India Standard Time)","5926.85","5985.00","5900.25","5947.05"
"Tue Dec 21 2010 00:00:00 GMT+0530 (India Standard Time)","5960.40","6007.45","5960.05","6000.65"
"Wed Dec 22 2010 00:00:00 GMT+0530 (India Standard Time)","6019.00","6023.80","5958.00","5984.40"
"Thu Dec 23 2010 00:00:00 GMT+0530 (India Standard Time)","6005.90","6006.45","5964.60","5980.00"
"Fri Dec 24 2010 00:00:00 GMT+0530 (India Standard Time)","5940.25","6017.35","5940.25","6011.60"
"Mon Dec 27 2010 00:00:00 GMT+0530 (India Standard Time)","6013.30","6045.75","5991.10","5998.10"
"Tue Dec 28 2010 00:00:00 GMT+0530 (India Standard Time)","6005.35","6010.90","5982.25","5996.00"
"Wed Dec 29 2010 00:00:00 GMT+0530 (India Standard Time)","6005.15","6067.55","6002.85","6060.35"
"Thu Dec 30 2010 00:00:00 GMT+0530 (India Standard Time)","6062.35","6106.40","6062.35","6101.85"
"Fri Dec 31 2010 00:00:00 GMT+0530 (India Standard Time)","6105.10","6147.30","6103.55","6134.50"
"Mon Jan 03 2011 00:00:00 GMT+0530 (India Standard Time)","6177.45","6178.55","6147.20","6157.60"
"Tue Jan 04 2011 00:00:00 GMT+0530 (India Standard Time)","6172.75","6181.05","6124.40","6146.35"
"Wed Jan 05 2011 00:00:00 GMT+0530 (India Standard Time)","6141.35","6141.35","6062.35","6079.80"
"Thu Jan 06 2011 00:00:00 GMT+0530 (India Standard Time)","6107.00","6116.15","6022.30","6048.25"
"Fri Jan 07 2011 00:00:00 GMT+0530 (India Standard Time)","6030.90","6051.20","5883.60","5904.60"
"Mon Jan 10 2011 00:00:00 GMT+0530 (India Standard Time)","5901.30","5907.25","5740.95","5762.85"
"Tue Jan 11 2011 00:00:00 GMT+0530 (India Standard Time)","5767.95","5842.60","5698.20","5754.10"
"Wed Jan 12 2011 00:00:00 GMT+0530 (India Standard Time)","5800.05","5874.20","5711.30","5863.25"
"Thu Jan 13 2011 00:00:00 GMT+0530 (India Standard Time)","5850.75","5857.75","5736.70","5751.90"
"Fri Jan 14 2011 00:00:00 GMT+0530 (India Standard Time)","5752.10","5833.65","5639.65","5654.55"
"Mon Jan 17 2011 00:00:00 GMT+0530 (India Standard Time)","5648.80","5696.15","5624.15","5654.75"
"Tue Jan 18 2011 00:00:00 GMT+0530 (India Standard Time)","5682.55","5730.50","5671.25","5724.05"
"Wed Jan 19 2011 00:00:00 GMT+0530 (India Standard Time)","5737.35","5747.65","5662.55","5691.05"
"Thu Jan 20 2011 00:00:00 GMT+0530 (India Standard Time)","5656.00","5729.45","5634.50","5711.60"
"Fri Jan 21 2011 00:00:00 GMT+0530 (India Standard Time)","5692.05","5717.55","5674.50","5696.50"
"Mon Jan 24 2011 00:00:00 GMT+0530 (India Standard Time)","5717.10","5756.00","5697.75","5743.25"
"Tue Jan 25 2011 00:00:00 GMT+0530 (India Standard Time)","5763.30","5801.55","5680.65","5687.40"
"Thu Jan 27 2011 00:00:00 GMT+0530 (India Standard Time)","5725.30","5726.10","5594.95","5604.30"
"Fri Jan 28 2011 00:00:00 GMT+0530 (India Standard Time)","5614.00","5614.40","5459.55","5512.15"
"Mon Jan 31 2011 00:00:00 GMT+0530 (India Standard Time)","5452.55","5526.85","5416.65","5505.90"
"Tue Feb 01 2011 00:00:00 GMT+0530 (India Standard Time)","5537.30","5539.15","5402.00","5417.20"
"Wed Feb 02 2011 00:00:00 GMT+0530 (India Standard Time)","5469.55","5490.60","5415.65","5432.00"
"Thu Feb 03 2011 00:00:00 GMT+0530 (India Standard Time)","5430.45","5532.65","5418.00","5526.75"
"Fri Feb 04 2011 00:00:00 GMT+0530 (India Standard Time)","5519.90","5556.30","5369.05","5395.75"
"Mon Feb 07 2011 00:00:00 GMT+0530 (India Standard Time)","5430.15","5440.35","5376.95","5396.00"
"Tue Feb 08 2011 00:00:00 GMT+0530 (India Standard Time)","5432.35","5432.35","5303.40","5312.55"
"Wed Feb 09 2011 00:00:00 GMT+0530 (India Standard Time)","5293.05","5339.45","5225.64","5253.55"
"Thu Feb 10 2011 00:00:00 GMT+0530 (India Standard Time)","5246.05","5272.60","5196.80","5225.80"
"Fri Feb 11 2011 00:00:00 GMT+0530 (India Standard Time)","5219.64","5319.45","5177.70","5310.00"
"Mon Feb 14 2011 00:00:00 GMT+0530 (India Standard Time)","5340.25","5463.80","5340.25","5456.00"
"Tue Feb 15 2011 00:00:00 GMT+0530 (India Standard Time)","5467.75","5506.50","5408.35","5481.00"
"Wed Feb 16 2011 00:00:00 GMT+0530 (India Standard Time)","5467.60","5504.80","5460.35","5481.70"
"Thu Feb 17 2011 00:00:00 GMT+0530 (India Standard Time)","5501.70","5553.00","5463.40","5546.45"
"Fri Feb 18 2011 00:00:00 GMT+0530 (India Standard Time)","5557.55","5599.25","5441.95","5458.95"
"Mon Feb 21 2011 00:00:00 GMT+0530 (India Standard Time)","5456.60","5526.25","5413.10","5518.60"
"Tue Feb 22 2011 00:00:00 GMT+0530 (India Standard Time)","5504.40","5519.45","5437.30","5469.20"
"Wed Feb 23 2011 00:00:00 GMT+0530 (India Standard Time)","5452.45","5495.20","5427.55","5437.35"
"Thu Feb 24 2011 00:00:00 GMT+0530 (India Standard Time)","5408.75","5423.40","5242.50","5262.70"
"Fri Feb 25 2011 00:00:00 GMT+0530 (India Standard Time)","5321.05","5338.20","5232.75","5303.55"
"Mon Feb 28 2011 00:00:00 GMT+0530 (India Standard Time)","5330.15","5477.00","5308.60","5333.25"
"Tue Mar 01 2011 00:00:00 GMT+0530 (India Standard Time)","5382.00","5533.05","5373.55","5522.30"
"Thu Mar 03 2011 00:00:00 GMT+0530 (India Standard Time)","5478.45","5570.75","5468.25","5536.20"
"Fri Mar 04 2011 00:00:00 GMT+0530 (India Standard Time)","5586.20","5608.20","5524.10","5538.75"
"Mon Mar 07 2011 00:00:00 GMT+0530 (India Standard Time)","5490.05","5491.25","5408.45","5463.15"
"Tue Mar 08 2011 00:00:00 GMT+0530 (India Standard Time)","5466.10","5530.55","5464.75","5520.80"
"Wed Mar 09 2011 00:00:00 GMT+0530 (India Standard Time)","5542.40","5563.30","5477.45","5531.00"
"Thu Mar 10 2011 00:00:00 GMT+0530 (India Standard Time)","5516.10","5516.30","5468.45","5494.40"
"Fri Mar 11 2011 00:00:00 GMT+0530 (India Standard Time)","5456.15","5502.70","5411.55","5445.45"
"Mon Mar 14 2011 00:00:00 GMT+0530 (India Standard Time)","5436.50","5537.30","5434.25","5531.50"
"Tue Mar 15 2011 00:00:00 GMT+0530 (India Standard Time)","5420.00","5497.85","5373.65","5449.65"
"Wed Mar 16 2011 00:00:00 GMT+0530 (India Standard Time)","5475.95","5535.10","5475.95","5511.15"
"Thu Mar 17 2011 00:00:00 GMT+0530 (India Standard Time)","5455.40","5510.05","5435.30","5446.65"
"Fri Mar 18 2011 00:00:00 GMT+0530 (India Standard Time)","5475.35","5483.05","5366.40","5373.70"
"Mon Mar 21 2011 00:00:00 GMT+0530 (India Standard Time)","5408.75","5413.30","5348.20","5364.75"
"Tue Mar 22 2011 00:00:00 GMT+0530 (India Standard Time)","5390.85","5428.15","5376.15","5413.85"
"Wed Mar 23 2011 00:00:00 GMT+0530 (India Standard Time)","5411.40","5484.95","5401.95","5480.25"
"Thu Mar 24 2011 00:00:00 GMT+0530 (India Standard Time)","5501.80","5529.00","5496.10","5522.40"
"Fri Mar 25 2011 00:00:00 GMT+0530 (India Standard Time)","5588.65","5667.10","5560.95","5654.25"
"Mon Mar 28 2011 00:00:00 GMT+0530 (India Standard Time)","5645.25","5709.10","5643.20","5687.25"
"Tue Mar 29 2011 00:00:00 GMT+0530 (India Standard Time)","5686.50","5770.35","5680.70","5736.35"
"Wed Mar 30 2011 00:00:00 GMT+0530 (India Standard Time)","5755.80","5803.15","5753.90","5787.65"
"Thu Mar 31 2011 00:00:00 GMT+0530 (India Standard Time)","5803.05","5872.00","5778.65","5833.75"
"Fri Apr 01 2011 00:00:00 GMT+0530 (India Standard Time)","5835.00","5860.20","5810.40","5826.05"
"Mon Apr 04 2011 00:00:00 GMT+0530 (India Standard Time)","5842.00","5918.70","5833.20","5908.45"
"Tue Apr 05 2011 00:00:00 GMT+0530 (India Standard Time)","5923.85","5928.65","5855.85","5910.05"
"Wed Apr 06 2011 00:00:00 GMT+0530 (India Standard Time)","5908.00","5944.45","5868.80","5891.75"
"Thu Apr 07 2011 00:00:00 GMT+0530 (India Standard Time)","5888.55","5906.10","5866.25","5885.70"
"Fri Apr 08 2011 00:00:00 GMT+0530 (India Standard Time)","5886.75","5926.95","5822.00","5842.00"
"Mon Apr 11 2011 00:00:00 GMT+0530 (India Standard Time)","5805.35","5830.30","5777.90","5785.70"
"Wed Apr 13 2011 00:00:00 GMT+0530 (India Standard Time)","5747.95","5923.60","5735.55","5911.50"
"Fri Apr 15 2011 00:00:00 GMT+0530 (India Standard Time)","5898.75","5907.35","5806.45","5824.55"
"Mon Apr 18 2011 00:00:00 GMT+0530 (India Standard Time)","5824.35","5897.90","5722.25","5729.10"
"Tue Apr 19 2011 00:00:00 GMT+0530 (India Standard Time)","5716.00","5762.95","5693.25","5740.75"
"Wed Apr 20 2011 00:00:00 GMT+0530 (India Standard Time)","5786.05","5857.35","5759.65","5851.65"
"Thu Apr 21 2011 00:00:00 GMT+0530 (India Standard Time)","5882.85","5912.90","5864.35","5884.70"
"Mon Apr 25 2011 00:00:00 GMT+0530 (India Standard Time)","5859.60","5906.60","5857.00","5874.50"
"Tue Apr 26 2011 00:00:00 GMT+0530 (India Standard Time)","5876.85","5893.20","5791.55","5868.40"
"Wed Apr 27 2011 00:00:00 GMT+0530 (India Standard Time)","5884.20","5892.35","5819.95","5833.90"
"Thu Apr 28 2011 00:00:00 GMT+0530 (India Standard Time)","5851.35","5856.40","5776.95","5785.45"
"Fri Apr 29 2011 00:00:00 GMT+0530 (India Standard Time)","5782.50","5804.30","5706.05","5749.50"
"Mon May 02 2011 00:00:00 GMT+0530 (India Standard Time)","5766.90","5775.25","5687.70","5701.30"
"Tue May 03 2011 00:00:00 GMT+0530 (India Standard Time)","5689.70","5710.80","5554.85","5565.25"
"Wed May 04 2011 00:00:00 GMT+0530 (India Standard Time)","5567.70","5578.80","5503.00","5537.15"
"Thu May 05 2011 00:00:00 GMT+0530 (India Standard Time)","5531.60","5560.30","5443.65","5459.85"
"Fri May 06 2011 00:00:00 GMT+0530 (India Standard Time)","5477.65","5564.40","5472.45","5551.45"
"Mon May 09 2011 00:00:00 GMT+0530 (India Standard Time)","5575.20","5586.05","5502.40","5551.10"
"Tue May 10 2011 00:00:00 GMT+0530 (India Standard Time)","5555.55","5592.90","5514.55","5541.25"
"Wed May 11 2011 00:00:00 GMT+0530 (India Standard Time)","5547.20","5574.70","5525.00","5565.05"
"Thu May 12 2011 00:00:00 GMT+0530 (India Standard Time)","5537.80","5572.50","5476.30","5486.15"
"Fri May 13 2011 00:00:00 GMT+0530 (India Standard Time)","5492.35","5605.00","5472.15","5544.75"
"Mon May 16 2011 00:00:00 GMT+0530 (India Standard Time)","5541.70","5541.80","5487.65","5499.00"
"Tue May 17 2011 00:00:00 GMT+0530 (India Standard Time)","5496.10","5523.85","5421.05","5438.95"
"Wed May 18 2011 00:00:00 GMT+0530 (India Standard Time)","5448.20","5460.50","5401.25","5420.60"
"Thu May 19 2011 00:00:00 GMT+0530 (India Standard Time)","5448.15","5452.60","5411.25","5428.10"
"Fri May 20 2011 00:00:00 GMT+0530 (India Standard Time)","5450.65","5517.55","5432.75","5486.35"
"Mon May 23 2011 00:00:00 GMT+0530 (India Standard Time)","5456.70","5456.70","5373.00","5386.55"
"Tue May 24 2011 00:00:00 GMT+0530 (India Standard Time)","5385.10","5422.60","5367.45","5394.85"
"Wed May 25 2011 00:00:00 GMT+0530 (India Standard Time)","5389.10","5389.10","5328.70","5348.95"
"Thu May 26 2011 00:00:00 GMT+0530 (India Standard Time)","5372.75","5422.20","5356.35","5412.35"
"Fri May 27 2011 00:00:00 GMT+0530 (India Standard Time)","5413.70","5485.80","5413.60","5476.10"
"Mon May 30 2011 00:00:00 GMT+0530 (India Standard Time)","5493.75","5509.30","5458.60","5473.10"
"Tue May 31 2011 00:00:00 GMT+0530 (India Standard Time)","5492.00","5571.60","5489.70","5560.15"
"Wed Jun 01 2011 00:00:00 GMT+0530 (India Standard Time)","5561.05","5597.35","5559.45","5592.00"
"Thu Jun 02 2011 00:00:00 GMT+0530 (India Standard Time)","5529.90","5568.20","5521.95","5550.35"
"Fri Jun 03 2011 00:00:00 GMT+0530 (India Standard Time)","5565.70","5604.95","5507.20","5516.75"
"Mon Jun 06 2011 00:00:00 GMT+0530 (India Standard Time)","5504.30","5542.65","5479.85","5532.05"
"Tue Jun 07 2011 00:00:00 GMT+0530 (India Standard Time)","5509.15","5570.10","5507.80","5556.15"
"Wed Jun 08 2011 00:00:00 GMT+0530 (India Standard Time)","5535.25","5556.60","5514.90","5526.85"
"Thu Jun 09 2011 00:00:00 GMT+0530 (India Standard Time)","5523.55","5540.10","5502.05","5521.05"
"Fri Jun 10 2011 00:00:00 GMT+0530 (India Standard Time)","5518.05","5521.45","5457.45","5485.80"
"Mon Jun 13 2011 00:00:00 GMT+0530 (India Standard Time)","5469.85","5496.70","5436.95","5482.80"
"Tue Jun 14 2011 00:00:00 GMT+0530 (India Standard Time)","5485.60","5520.15","5484.20","5500.50"
"Wed Jun 15 2011 00:00:00 GMT+0530 (India Standard Time)","5494.45","5499.35","5438.95","5447.50"
"Thu Jun 16 2011 00:00:00 GMT+0530 (India Standard Time)","5419.65","5447.50","5389.80","5396.75"
"Fri Jun 17 2011 00:00:00 GMT+0530 (India Standard Time)","5412.50","5421.15","5355.85","5366.40"
"Mon Jun 20 2011 00:00:00 GMT+0530 (India Standard Time)","5372.20","5377.40","5195.89","5257.90"
"Tue Jun 21 2011 00:00:00 GMT+0530 (India Standard Time)","5280.80","5322.45","5257.00","5275.85"
"Wed Jun 22 2011 00:00:00 GMT+0530 (India Standard Time)","5304.65","5310.50","5262.50","5278.30"
"Thu Jun 23 2011 00:00:00 GMT+0530 (India Standard Time)","5269.10","5330.60","5252.25","5320.00"
"Fri Jun 24 2011 00:00:00 GMT+0530 (India Standard Time)","5343.40","5477.85","5343.40","5471.25"
"Mon Jun 27 2011 00:00:00 GMT+0530 (India Standard Time)","5441.20","5552.65","5434.25","5526.60"
"Tue Jun 28 2011 00:00:00 GMT+0530 (India Standard Time)","5548.85","5558.30","5496.35","5545.30"
"Wed Jun 29 2011 00:00:00 GMT+0530 (India Standard Time)","5566.50","5608.65","5566.50","5600.45"
"Thu Jun 30 2011 00:00:00 GMT+0530 (India Standard Time)","5614.50","5657.90","5606.10","5647.40"
"Fri Jul 01 2011 00:00:00 GMT+0530 (India Standard Time)","5705.75","5705.80","5609.75","5627.20"
"Mon Jul 04 2011 00:00:00 GMT+0530 (India Standard Time)","5679.55","5679.65","5633.10","5650.50"
"Tue Jul 05 2011 00:00:00 GMT+0530 (India Standard Time)","5659.85","5659.85","5612.30","5632.10"
"Wed Jul 06 2011 00:00:00 GMT+0530 (India Standard Time)","5622.70","5655.40","5610.75","5625.45"
"Thu Jul 07 2011 00:00:00 GMT+0530 (India Standard Time)","5633.35","5737.15","5632.95","5728.95"
"Fri Jul 08 2011 00:00:00 GMT+0530 (India Standard Time)","5734.65","5740.40","5651.05","5660.65"
"Mon Jul 11 2011 00:00:00 GMT+0530 (India Standard Time)","5648.05","5652.90","5601.70","5616.10"
"Tue Jul 12 2011 00:00:00 GMT+0530 (India Standard Time)","5556.90","5580.25","5496.95","5526.15"
"Wed Jul 13 2011 00:00:00 GMT+0530 (India Standard Time)","5542.05","5596.15","5541.40","5585.45"
"Thu Jul 14 2011 00:00:00 GMT+0530 (India Standard Time)","5569.00","5653.95","5541.70","5599.80"
"Fri Jul 15 2011 00:00:00 GMT+0530 (India Standard Time)","5602.95","5631.70","5562.75","5581.10"
"Mon Jul 18 2011 00:00:00 GMT+0530 (India Standard Time)","5581.75","5596.60","5550.95","5567.05"
"Tue Jul 19 2011 00:00:00 GMT+0530 (India Standard Time)","5569.85","5627.65","5557.20","5613.55"
"Wed Jul 20 2011 00:00:00 GMT+0530 (India Standard Time)","5642.05","5645.40","5555.10","5567.05"
"Thu Jul 21 2011 00:00:00 GMT+0530 (India Standard Time)","5554.60","5578.90","5532.70","5541.60"
"Fri Jul 22 2011 00:00:00 GMT+0530 (India Standard Time)","5576.95","5642.20","5567.10","5633.95"
"Mon Jul 25 2011 00:00:00 GMT+0530 (India Standard Time)","5633.80","5700.55","5616.70","5680.30"
"Tue Jul 26 2011 00:00:00 GMT+0530 (India Standard Time)","5688.45","5702.25","5560.15","5574.85"
"Wed Jul 27 2011 00:00:00 GMT+0530 (India Standard Time)","5588.55","5591.70","5521.50","5546.80"
"Thu Jul 28 2011 00:00:00 GMT+0530 (India Standard Time)","5492.40","5512.10","5475.65","5487.75"
"Fri Jul 29 2011 00:00:00 GMT+0530 (India Standard Time)","5479.00","5520.30","5453.95","5482.00"
"Mon Aug 01 2011 00:00:00 GMT+0530 (India Standard Time)","5527.50","5551.90","5486.45","5516.80"
"Tue Aug 02 2011 00:00:00 GMT+0530 (India Standard Time)","5493.20","5496.30","5433.65","5456.55"
"Wed Aug 03 2011 00:00:00 GMT+0530 (India Standard Time)","5402.00","5422.60","5378.85","5404.80"
"Thu Aug 04 2011 00:00:00 GMT+0530 (India Standard Time)","5412.40","5434.50","5323.15","5331.80"
"Fri Aug 05 2011 00:00:00 GMT+0530 (India Standard Time)","5204.35","5229.64","5116.45","5211.25"
"Mon Aug 08 2011 00:00:00 GMT+0530 (India Standard Time)","5083.85","5204.20","5054.05","5118.50"
"Tue Aug 09 2011 00:00:00 GMT+0530 (India Standard Time)","4947.89","5167.00","4946.45","5072.85"
"Wed Aug 10 2011 00:00:00 GMT+0530 (India Standard Time)","5196.55","5197.95","5123.35","5161.00"
"Thu Aug 11 2011 00:00:00 GMT+0530 (India Standard Time)","5128.00","5184.95","5121.00","5138.30"
"Fri Aug 12 2011 00:00:00 GMT+0530 (India Standard Time)","5194.39","5194.45","5053.35","5072.95"
"Tue Aug 16 2011 00:00:00 GMT+0530 (India Standard Time)","5125.75","5132.20","5015.39","5035.80"
"Wed Aug 17 2011 00:00:00 GMT+0530 (India Standard Time)","5030.30","5112.14","5017.25","5056.60"
"Thu Aug 18 2011 00:00:00 GMT+0530 (India Standard Time)","5077.95","5078.60","4932.14","4944.14"
"Fri Aug 19 2011 00:00:00 GMT+0530 (India Standard Time)","4859.30","4893.60","4796.10","4845.64"
"Mon Aug 22 2011 00:00:00 GMT+0530 (India Standard Time)","4843.70","4910.05","4808.75","4898.80"
"Tue Aug 23 2011 00:00:00 GMT+0530 (India Standard Time)","4925.14","4965.80","4863.80","4948.89"
"Wed Aug 24 2011 00:00:00 GMT+0530 (India Standard Time)","4934.35","4962.39","4875.30","4888.89"
"Thu Aug 25 2011 00:00:00 GMT+0530 (India Standard Time)","4914.64","4915.85","4825.05","4839.60"
"Fri Aug 26 2011 00:00:00 GMT+0530 (India Standard Time)","4839.25","4872.00","4720.00","4747.80"
"Mon Aug 29 2011 00:00:00 GMT+0530 (India Standard Time)","4806.20","4934.39","4806.05","4919.60"
"Tue Aug 30 2011 00:00:00 GMT+0530 (India Standard Time)","4973.25","5016.25","4927.55","5001.00"
"Fri Sep 02 2011 00:00:00 GMT+0530 (India Standard Time)","5109.80","5113.70","4993.35","5040.00"
"Mon Sep 05 2011 00:00:00 GMT+0530 (India Standard Time)","4998.89","5030.30","4964.45","5017.20"
"Tue Sep 06 2011 00:00:00 GMT+0530 (India Standard Time)","4993.35","5072.89","4942.89","5064.30"
"Wed Sep 07 2011 00:00:00 GMT+0530 (India Standard Time)","5080.14","5154.50","5076.30","5124.64"
"Thu Sep 08 2011 00:00:00 GMT+0530 (India Standard Time)","5139.20","5169.25","5098.25","5153.25"
"Fri Sep 09 2011 00:00:00 GMT+0530 (India Standard Time)","5161.30","5163.75","5046.80","5059.45"
"Mon Sep 12 2011 00:00:00 GMT+0530 (India Standard Time)","4981.70","4985.60","4911.25","4946.80"
"Tue Sep 13 2011 00:00:00 GMT+0530 (India Standard Time)","4977.80","5030.14","4911.05","4940.95"
"Wed Sep 14 2011 00:00:00 GMT+0530 (India Standard Time)","4965.05","5026.14","4917.39","5012.55"
"Thu Sep 15 2011 00:00:00 GMT+0530 (India Standard Time)","5062.35","5091.45","4967.45","5075.70"
"Fri Sep 16 2011 00:00:00 GMT+0530 (India Standard Time)","5123.35","5143.60","5068.10","5084.25"
"Mon Sep 19 2011 00:00:00 GMT+0530 (India Standard Time)","5068.39","5068.39","5019.25","5031.95"
"Tue Sep 20 2011 00:00:00 GMT+0530 (India Standard Time)","5042.55","5149.89","5035.25","5140.20"
"Wed Sep 21 2011 00:00:00 GMT+0530 (India Standard Time)","5153.75","5168.39","5109.85","5133.25"
"Thu Sep 22 2011 00:00:00 GMT+0530 (India Standard Time)","5054.45","5059.85","4907.75","4923.64"
"Fri Sep 23 2011 00:00:00 GMT+0530 (India Standard Time)","4873.75","4930.25","4829.60","4867.75"
"Mon Sep 26 2011 00:00:00 GMT+0530 (India Standard Time)","4878.60","4879.80","4758.85","4835.39"
"Tue Sep 27 2011 00:00:00 GMT+0530 (India Standard Time)","4905.14","4982.95","4905.14","4971.25"
"Wed Sep 28 2011 00:00:00 GMT+0530 (India Standard Time)","5005.50","5006.05","4918.45","4945.89"
"Thu Sep 29 2011 00:00:00 GMT+0530 (India Standard Time)","4924.20","5034.25","4906.00","5015.45"
"Fri Sep 30 2011 00:00:00 GMT+0530 (India Standard Time)","4990.14","5025.55","4924.30","4943.25"
"Mon Oct 03 2011 00:00:00 GMT+0530 (India Standard Time)","4874.39","4879.14","4823.89","4849.50"
"Tue Oct 04 2011 00:00:00 GMT+0530 (India Standard Time)","4823.50","4869.75","4728.30","4772.14"
"Wed Oct 05 2011 00:00:00 GMT+0530 (India Standard Time)","4791.30","4827.80","4741.00","4751.30"
"Fri Oct 07 2011 00:00:00 GMT+0530 (India Standard Time)","4883.64","4922.60","4861.20","4888.05"
"Mon Oct 10 2011 00:00:00 GMT+0530 (India Standard Time)","4886.85","4991.14","4882.05","4979.60"
"Tue Oct 11 2011 00:00:00 GMT+0530 (India Standard Time)","5019.89","5045.10","4964.00","4974.35"
"Wed Oct 12 2011 00:00:00 GMT+0530 (India Standard Time)","5011.20","5109.80","4997.64","5099.39"
"Thu Oct 13 2011 00:00:00 GMT+0530 (India Standard Time)","5130.80","5136.95","5067.64","5077.85"
"Fri Oct 14 2011 00:00:00 GMT+0530 (India Standard Time)","5057.35","5141.39","5056.60","5132.30"
"Mon Oct 17 2011 00:00:00 GMT+0530 (India Standard Time)","5156.20","5160.20","5084.50","5118.25"
"Tue Oct 18 2011 00:00:00 GMT+0530 (India Standard Time)","5049.45","5057.50","5011.05","5037.50"
"Wed Oct 19 2011 00:00:00 GMT+0530 (India Standard Time)","5080.45","5148.05","5075.30","5139.14"
"Thu Oct 20 2011 00:00:00 GMT+0530 (India Standard Time)","5086.55","5099.00","5033.95","5091.89"
"Fri Oct 21 2011 00:00:00 GMT+0530 (India Standard Time)","5106.60","5120.75","5037.95","5049.95"
"Mon Oct 24 2011 00:00:00 GMT+0530 (India Standard Time)","5114.70","5145.64","5084.75","5098.35"
"Tue Oct 25 2011 00:00:00 GMT+0530 (India Standard Time)","5137.89","5211.00","5085.55","5191.60"
"Wed Oct 26 2011 00:00:00 GMT+0530 (India Standard Time)","5214.95","5219.25","5196.14","5201.80"
"Fri Oct 28 2011 00:00:00 GMT+0530 (India Standard Time)","5341.90","5399.70","5322.80","5360.70"
"Mon Oct 31 2011 00:00:00 GMT+0530 (India Standard Time)","5358.90","5360.25","5314.60","5326.60"
"Tue Nov 01 2011 00:00:00 GMT+0530 (India Standard Time)","5278.60","5310.85","5238.30","5257.95"
"Wed Nov 02 2011 00:00:00 GMT+0530 (India Standard Time)","5216.75","5300.10","5204.95","5258.45"
"Thu Nov 03 2011 00:00:00 GMT+0530 (India Standard Time)","5241.55","5281.60","5201.85","5265.75"
"Fri Nov 04 2011 00:00:00 GMT+0530 (India Standard Time)","5325.40","5326.45","5256.80","5284.20"
"Tue Nov 08 2011 00:00:00 GMT+0530 (India Standard Time)","5292.25","5304.25","5252.00","5289.35"
"Wed Nov 09 2011 00:00:00 GMT+0530 (India Standard Time)","5309.70","5317.50","5211.75","5221.05"
"Fri Nov 11 2011 00:00:00 GMT+0530 (India Standard Time)","5159.75","5198.60","5142.25","5168.85"
"Mon Nov 14 2011 00:00:00 GMT+0530 (India Standard Time)","5217.35","5228.89","5140.55","5148.35"
"Tue Nov 15 2011 00:00:00 GMT+0530 (India Standard Time)","5131.20","5158.75","5052.85","5068.50"
"Wed Nov 16 2011 00:00:00 GMT+0530 (India Standard Time)","5059.10","5065.20","4989.50","5030.45"
"Thu Nov 17 2011 00:00:00 GMT+0530 (India Standard Time)","5027.10","5036.80","4919.45","4934.75"
"Fri Nov 18 2011 00:00:00 GMT+0530 (India Standard Time)","4899.14","4915.89","4837.95","4905.80"
"Mon Nov 21 2011 00:00:00 GMT+0530 (India Standard Time)","4873.80","4873.80","4764.80","4778.35"
"Tue Nov 22 2011 00:00:00 GMT+0530 (India Standard Time)","4794.85","4854.00","4782.55","4812.35"
"Wed Nov 23 2011 00:00:00 GMT+0530 (India Standard Time)","4779.50","4779.50","4640.95","4706.45"
"Thu Nov 24 2011 00:00:00 GMT+0530 (India Standard Time)","4707.55","4771.10","4639.10","4756.45"
"Fri Nov 25 2011 00:00:00 GMT+0530 (India Standard Time)","4731.30","4767.30","4693.10","4710.05"
"Mon Nov 28 2011 00:00:00 GMT+0530 (India Standard Time)","4769.30","4859.10","4766.39","4851.30"
"Tue Nov 29 2011 00:00:00 GMT+0530 (India Standard Time)","4864.20","4866.10","4787.10","4805.10"
"Wed Nov 30 2011 00:00:00 GMT+0530 (India Standard Time)","4766.14","4851.55","4754.80","4832.05"
"Thu Dec 01 2011 00:00:00 GMT+0530 (India Standard Time)","4970.85","5011.89","4916.70","4936.85"
"Fri Dec 02 2011 00:00:00 GMT+0530 (India Standard Time)","4940.85","5062.55","4918.39","5050.14"
"Mon Dec 05 2011 00:00:00 GMT+0530 (India Standard Time)","5036.50","5055.39","5002.55","5039.14"
"Wed Dec 07 2011 00:00:00 GMT+0530 (India Standard Time)","5050.10","5099.25","5032.25","5062.60"
"Thu Dec 08 2011 00:00:00 GMT+0530 (India Standard Time)","5037.39","5049.05","4921.45","4943.64"
"Fri Dec 09 2011 00:00:00 GMT+0530 (India Standard Time)","4870.75","4918.35","4841.75","4866.70"
"Mon Dec 12 2011 00:00:00 GMT+0530 (India Standard Time)","4906.85","4910.25","4755.55","4764.60"
"Tue Dec 13 2011 00:00:00 GMT+0530 (India Standard Time)","4733.60","4824.70","4728.50","4800.60"
"Wed Dec 14 2011 00:00:00 GMT+0530 (India Standard Time)","4788.70","4839.55","4750.39","4763.25"
"Thu Dec 15 2011 00:00:00 GMT+0530 (India Standard Time)","4712.80","4768.64","4673.85","4746.35"
"Fri Dec 16 2011 00:00:00 GMT+0530 (India Standard Time)","4752.50","4818.85","4628.20","4651.60"
"Mon Dec 19 2011 00:00:00 GMT+0530 (India Standard Time)","4623.14","4623.14","4555.89","4613.10"
"Tue Dec 20 2011 00:00:00 GMT+0530 (India Standard Time)","4635.80","4637.25","4531.14","4544.20"
"Wed Dec 21 2011 00:00:00 GMT+0530 (India Standard Time)","4636.45","4707.35","4601.95","4693.14"
"Thu Dec 22 2011 00:00:00 GMT+0530 (India Standard Time)","4636.89","4740.60","4632.95","4733.85"
"Fri Dec 23 2011 00:00:00 GMT+0530 (India Standard Time)","4763.20","4763.45","4693.20","4714.00"
"Mon Dec 26 2011 00:00:00 GMT+0530 (India Standard Time)","4718.14","4787.25","4718.14","4779.00"
"Tue Dec 27 2011 00:00:00 GMT+0530 (India Standard Time)","4780.20","4800.50","4723.64","4750.50"
"Wed Dec 28 2011 00:00:00 GMT+0530 (India Standard Time)","4756.20","4756.20","4685.64","4705.80"
"Thu Dec 29 2011 00:00:00 GMT+0530 (India Standard Time)","4681.14","4701.80","4639.05","4646.25"
"Fri Dec 30 2011 00:00:00 GMT+0530 (India Standard Time)","4659.95","4690.45","4608.89","4624.30"
"Mon Jan 02 2012 00:00:00 GMT+0530 (India Standard Time)","4640.20","4645.95","4588.05","4636.75"
"Tue Jan 03 2012 00:00:00 GMT+0530 (India Standard Time)","4675.80","4773.10","4675.80","4765.30"
"Wed Jan 04 2012 00:00:00 GMT+0530 (India Standard Time)","4774.95","4782.85","4728.85","4749.64"
"Thu Jan 05 2012 00:00:00 GMT+0530 (India Standard Time)","4749.00","4779.80","4730.14","4749.95"
"Fri Jan 06 2012 00:00:00 GMT+0530 (India Standard Time)","4724.14","4794.89","4686.85","4754.10"
"Sat Jan 07 2012 00:00:00 GMT+0530 (India Standard Time)","4755.60","4759.39","4743.05","4746.89"
"Mon Jan 09 2012 00:00:00 GMT+0530 (India Standard Time)","4747.55","4758.70","4695.45","4742.80"
"Tue Jan 10 2012 00:00:00 GMT+0530 (India Standard Time)","4771.85","4855.89","4768.25","4849.55"
"Wed Jan 11 2012 00:00:00 GMT+0530 (India Standard Time)","4863.14","4877.20","4841.60","4860.95"
"Thu Jan 12 2012 00:00:00 GMT+0530 (India Standard Time)","4840.95","4869.20","4803.89","4831.25"
"Fri Jan 13 2012 00:00:00 GMT+0530 (India Standard Time)","4861.95","4898.85","4834.20","4866.00"
"Mon Jan 16 2012 00:00:00 GMT+0530 (India Standard Time)","4844.00","4880.80","4827.05","4873.89"
"Tue Jan 17 2012 00:00:00 GMT+0530 (India Standard Time)","4904.50","4975.55","4904.00","4967.30"
"Wed Jan 18 2012 00:00:00 GMT+0530 (India Standard Time)","4977.75","4980.64","4931.05","4955.80"
"Thu Jan 19 2012 00:00:00 GMT+0530 (India Standard Time)","4995.00","5023.80","4991.39","5018.39"
"Fri Jan 20 2012 00:00:00 GMT+0530 (India Standard Time)","5044.85","5064.14","5004.30","5048.60"
"Mon Jan 23 2012 00:00:00 GMT+0530 (India Standard Time)","5025.35","5059.55","5021.35","5046.25"
"Tue Jan 24 2012 00:00:00 GMT+0530 (India Standard Time)","5064.80","5141.05","5049.80","5127.35"
"Wed Jan 25 2012 00:00:00 GMT+0530 (India Standard Time)","5151.50","5174.14","5130.25","5158.30"
"Fri Jan 27 2012 00:00:00 GMT+0530 (India Standard Time)","5216.75","5217.00","5162.39","5204.70"
"Mon Jan 30 2012 00:00:00 GMT+0530 (India Standard Time)","5163.55","5166.14","5076.70","5087.30"
"Tue Jan 31 2012 00:00:00 GMT+0530 (India Standard Time)","5125.25","5215.39","5120.14","5199.25"
"Wed Feb 01 2012 00:00:00 GMT+0530 (India Standard Time)","5198.14","5244.60","5159.00","5235.70"
"Thu Feb 02 2012 00:00:00 GMT+0530 (India Standard Time)","5272.10","5289.95","5225.75","5269.90"
"Fri Feb 03 2012 00:00:00 GMT+0530 (India Standard Time)","5276.10","5334.85","5255.55","5325.85"
"Mon Feb 06 2012 00:00:00 GMT+0530 (India Standard Time)","5379.45","5390.05","5327.25","5361.65"
"Tue Feb 07 2012 00:00:00 GMT+0530 (India Standard Time)","5412.95","5413.35","5322.95","5335.15"
"Wed Feb 08 2012 00:00:00 GMT+0530 (India Standard Time)","5343.80","5396.90","5325.20","5368.15"
"Thu Feb 09 2012 00:00:00 GMT+0530 (India Standard Time)","5343.05","5423.40","5338.90","5412.35"
"Fri Feb 10 2012 00:00:00 GMT+0530 (India Standard Time)","5399.80","5427.75","5341.05","5381.60"
"Mon Feb 13 2012 00:00:00 GMT+0530 (India Standard Time)","5382.10","5421.05","5351.40","5390.20"
"Tue Feb 14 2012 00:00:00 GMT+0530 (India Standard Time)","5380.80","5428.05","5377.95","5416.05"
"Wed Feb 15 2012 00:00:00 GMT+0530 (India Standard Time)","5460.60","5542.10","5460.60","5531.95"
"Thu Feb 16 2012 00:00:00 GMT+0530 (India Standard Time)","5513.75","5531.40","5483.75","5521.95"
"Fri Feb 17 2012 00:00:00 GMT+0530 (India Standard Time)","5574.20","5606.70","5545.20","5564.30"
"Tue Feb 21 2012 00:00:00 GMT+0530 (India Standard Time)","5561.90","5621.50","5561.75","5607.15"
"Wed Feb 22 2012 00:00:00 GMT+0530 (India Standard Time)","5609.75","5629.95","5491.35","5505.35"
"Thu Feb 23 2012 00:00:00 GMT+0530 (India Standard Time)","5490.05","5537.40","5460.80","5483.30"
"Fri Feb 24 2012 00:00:00 GMT+0530 (India Standard Time)","5479.15","5521.40","5405.90","5429.30"
"Mon Feb 27 2012 00:00:00 GMT+0530 (India Standard Time)","5448.10","5449.80","5268.15","5281.20"
"Tue Feb 28 2012 00:00:00 GMT+0530 (India Standard Time)","5310.50","5391.10","5306.45","5375.50"
"Wed Feb 29 2012 00:00:00 GMT+0530 (India Standard Time)","5424.95","5458.80","5352.25","5385.20"
"Thu Mar 01 2012 00:00:00 GMT+0530 (India Standard Time)","5366.00","5372.45","5297.50","5339.75"
"Fri Mar 02 2012 00:00:00 GMT+0530 (India Standard Time)","5369.45","5392.55","5315.05","5359.35"
"Sat Mar 03 2012 00:00:00 GMT+0530 (India Standard Time)","5360.05","5369.60","5353.40","5359.40"
"Mon Mar 05 2012 00:00:00 GMT+0530 (India Standard Time)","5342.55","5344.50","5265.70","5280.35"
"Tue Mar 06 2012 00:00:00 GMT+0530 (India Standard Time)","5266.00","5382.05","5206.39","5222.39"
"Wed Mar 07 2012 00:00:00 GMT+0530 (India Standard Time)","5207.05","5243.85","5171.45","5220.45"
"Fri Mar 09 2012 00:00:00 GMT+0530 (India Standard Time)","5294.10","5342.30","5291.60","5333.55"
"Mon Mar 12 2012 00:00:00 GMT+0530 (India Standard Time)","5420.10","5421.90","5327.30","5359.55"
"Tue Mar 13 2012 00:00:00 GMT+0530 (India Standard Time)","5391.05","5438.65","5390.80","5429.50"
"Wed Mar 14 2012 00:00:00 GMT+0530 (India Standard Time)","5490.55","5499.40","5437.80","5463.90"
"Thu Mar 15 2012 00:00:00 GMT+0530 (India Standard Time)","5462.50","5462.50","5362.30","5380.50"
"Fri Mar 16 2012 00:00:00 GMT+0530 (India Standard Time)","5380.35","5445.65","5305.00","5317.90"
"Mon Mar 19 2012 00:00:00 GMT+0530 (India Standard Time)","5337.35","5340.70","5238.55","5257.05"
"Tue Mar 20 2012 00:00:00 GMT+0530 (India Standard Time)","5257.15","5297.35","5233.25","5274.85"
"Wed Mar 21 2012 00:00:00 GMT+0530 (India Standard Time)","5267.20","5372.35","5256.00","5364.95"
"Thu Mar 22 2012 00:00:00 GMT+0530 (India Standard Time)","5361.10","5385.95","5205.64","5228.45"
"Fri Mar 23 2012 00:00:00 GMT+0530 (India Standard Time)","5255.65","5312.00","5220.00","5278.20"
"Mon Mar 26 2012 00:00:00 GMT+0530 (India Standard Time)","5274.35","5274.95","5174.89","5184.25"
"Tue Mar 27 2012 00:00:00 GMT+0530 (India Standard Time)","5242.95","5277.95","5184.64","5243.15"
"Wed Mar 28 2012 00:00:00 GMT+0530 (India Standard Time)","5231.70","5236.55","5169.60","5194.75"
"Thu Mar 29 2012 00:00:00 GMT+0530 (India Standard Time)","5145.95","5194.30","5135.95","5178.85"
"Fri Mar 30 2012 00:00:00 GMT+0530 (India Standard Time)","5206.60","5307.10","5203.64","5295.55"
"Mon Apr 02 2012 00:00:00 GMT+0530 (India Standard Time)","5296.35","5331.55","5278.80","5317.90"
"Tue Apr 03 2012 00:00:00 GMT+0530 (India Standard Time)","5353.20","5378.75","5344.45","5358.50"
"Wed Apr 04 2012 00:00:00 GMT+0530 (India Standard Time)","5328.65","5338.40","5305.30","5322.90"
"Mon Apr 09 2012 00:00:00 GMT+0530 (India Standard Time)","5282.50","5287.90","5228.00","5234.39"
"Tue Apr 10 2012 00:00:00 GMT+0530 (India Standard Time)","5254.10","5255.80","5211.85","5243.60"
"Wed Apr 11 2012 00:00:00 GMT+0530 (India Standard Time)","5209.45","5263.65","5190.80","5226.85"
"Thu Apr 12 2012 00:00:00 GMT+0530 (India Standard Time)","5246.75","5290.60","5246.75","5276.85"
"Fri Apr 13 2012 00:00:00 GMT+0530 (India Standard Time)","5255.70","5306.75","5185.39","5207.45"
"Mon Apr 16 2012 00:00:00 GMT+0530 (India Standard Time)","5190.60","5233.50","5183.50","5226.20"
"Tue Apr 17 2012 00:00:00 GMT+0530 (India Standard Time)","5266.60","5298.20","5208.35","5289.70"
"Wed Apr 18 2012 00:00:00 GMT+0530 (India Standard Time)","5320.70","5342.00","5293.45","5300.00"
"Thu Apr 19 2012 00:00:00 GMT+0530 (India Standard Time)","5320.60","5342.45","5291.30","5332.40"
"Fri Apr 20 2012 00:00:00 GMT+0530 (India Standard Time)","5313.95","5336.15","5245.45","5290.85"
"Mon Apr 23 2012 00:00:00 GMT+0530 (India Standard Time)","5277.40","5310.55","5187.14","5200.60"
"Tue Apr 24 2012 00:00:00 GMT+0530 (India Standard Time)","5215.89","5232.35","5180.35","5222.64"
"Wed Apr 25 2012 00:00:00 GMT+0530 (India Standard Time)","5222.20","5236.10","5160.64","5202.00"
"Thu Apr 26 2012 00:00:00 GMT+0530 (India Standard Time)","5214.75","5215.60","5179.05","5189.00"
"Fri Apr 27 2012 00:00:00 GMT+0530 (India Standard Time)","5189.00","5223.05","5154.30","5190.60"
"Sat Apr 28 2012 00:00:00 GMT+0530 (India Standard Time)","5209.60","5216.39","5196.35","5209.00"
"Mon Apr 30 2012 00:00:00 GMT+0530 (India Standard Time)","5201.45","5262.15","5201.45","5248.15"
"Wed May 02 2012 00:00:00 GMT+0530 (India Standard Time)","5254.30","5279.60","5226.45","5239.14"
"Thu May 03 2012 00:00:00 GMT+0530 (India Standard Time)","5211.20","5217.30","5180.64","5188.39"
"Fri May 04 2012 00:00:00 GMT+0530 (India Standard Time)","5166.64","5177.20","5070.60","5086.85"
"Mon May 07 2012 00:00:00 GMT+0530 (India Standard Time)","5017.80","5124.75","4988.00","5114.14"
"Tue May 08 2012 00:00:00 GMT+0530 (India Standard Time)","5114.70","5119.95","4983.60","4999.95"
"Wed May 09 2012 00:00:00 GMT+0530 (India Standard Time)","4967.89","5016.25","4956.45","4974.80"
"Thu May 10 2012 00:00:00 GMT+0530 (India Standard Time)","4984.14","5039.30","4950.30","4965.70"
"Fri May 11 2012 00:00:00 GMT+0530 (India Standard Time)","4938.85","4976.25","4906.14","4928.89"
"Mon May 14 2012 00:00:00 GMT+0530 (India Standard Time)","4934.35","4957.20","4874.50","4907.80"
"Tue May 15 2012 00:00:00 GMT+0530 (India Standard Time)","4869.85","4955.20","4868.55","4942.80"
"Wed May 16 2012 00:00:00 GMT+0530 (India Standard Time)","4875.30","4882.25","4837.05","4858.25"
"Thu May 17 2012 00:00:00 GMT+0530 (India Standard Time)","4878.60","4922.25","4850.20","4870.20"
"Fri May 18 2012 00:00:00 GMT+0530 (India Standard Time)","4796.39","4908.50","4788.95","4891.45"
"Mon May 21 2012 00:00:00 GMT+0530 (India Standard Time)","4888.50","4937.50","4888.50","4906.05"
"Tue May 22 2012 00:00:00 GMT+0530 (India Standard Time)","4954.70","4956.35","4849.89","4860.50"
"Wed May 23 2012 00:00:00 GMT+0530 (India Standard Time)","4843.00","4853.75","4803.95","4835.64"
"Thu May 24 2012 00:00:00 GMT+0530 (India Standard Time)","4863.39","4931.89","4830.14","4921.39"
"Fri May 25 2012 00:00:00 GMT+0530 (India Standard Time)","4905.95","4935.80","4889.35","4920.39"
"Mon May 28 2012 00:00:00 GMT+0530 (India Standard Time)","4931.70","4994.95","4931.30","4985.64"
"Tue May 29 2012 00:00:00 GMT+0530 (India Standard Time)","5005.35","5020.14","4982.14","4990.10"
"Wed May 30 2012 00:00:00 GMT+0530 (India Standard Time)","4964.25","4982.25","4944.89","4950.75"
"Thu May 31 2012 00:00:00 GMT+0530 (India Standard Time)","4896.10","4949.25","4883.55","4924.25"
"Fri Jun 01 2012 00:00:00 GMT+0530 (India Standard Time)","4910.85","4925.00","4831.75","4841.60"
"Mon Jun 04 2012 00:00:00 GMT+0530 (India Standard Time)","4797.30","4858.30","4770.35","4848.14"
"Tue Jun 05 2012 00:00:00 GMT+0530 (India Standard Time)","4869.45","4898.95","4847.70","4863.30"
"Wed Jun 06 2012 00:00:00 GMT+0530 (India Standard Time)","4886.64","5010.45","4886.14","4997.10"
"Thu Jun 07 2012 00:00:00 GMT+0530 (India Standard Time)","5035.35","5059.64","5007.75","5049.64"
"Fri Jun 08 2012 00:00:00 GMT+0530 (India Standard Time)","5044.25","5084.45","4994.80","5068.35"
"Mon Jun 11 2012 00:00:00 GMT+0530 (India Standard Time)","5096.70","5124.45","5040.70","5054.10"
"Tue Jun 12 2012 00:00:00 GMT+0530 (India Standard Time)","5015.50","5128.89","5015.14","5115.89"
"Wed Jun 13 2012 00:00:00 GMT+0530 (India Standard Time)","5117.55","5144.89","5095.45","5121.45"
"Thu Jun 14 2012 00:00:00 GMT+0530 (India Standard Time)","5105.10","5130.00","5047.60","5054.75"
"Fri Jun 15 2012 00:00:00 GMT+0530 (India Standard Time)","5069.55","5146.20","5069.14","5139.05"
"Mon Jun 18 2012 00:00:00 GMT+0530 (India Standard Time)","5174.00","5190.20","5041.70","5064.25"
"Tue Jun 19 2012 00:00:00 GMT+0530 (India Standard Time)","5050.80","5113.60","5048.10","5103.85"
"Wed Jun 20 2012 00:00:00 GMT+0530 (India Standard Time)","5114.55","5141.70","5100.70","5120.55"
"Thu Jun 21 2012 00:00:00 GMT+0530 (India Standard Time)","5097.35","5170.39","5093.45","5165.00"
"Fri Jun 22 2012 00:00:00 GMT+0530 (India Standard Time)","5101.75","5159.80","5094.00","5146.05"
"Mon Jun 25 2012 00:00:00 GMT+0530 (India Standard Time)","5158.50","5194.60","5105.64","5114.64"
"Tue Jun 26 2012 00:00:00 GMT+0530 (India Standard Time)","5107.45","5134.55","5095.50","5120.80"
"Wed Jun 27 2012 00:00:00 GMT+0530 (India Standard Time)","5149.45","5160.10","5129.25","5141.89"
"Thu Jun 28 2012 00:00:00 GMT+0530 (India Standard Time)","5148.95","5159.05","5125.30","5149.14"
"Fri Jun 29 2012 00:00:00 GMT+0530 (India Standard Time)","5191.25","5286.25","5189.00","5278.90"
"Mon Jul 02 2012 00:00:00 GMT+0530 (India Standard Time)","5283.85","5302.15","5263.35","5278.60"
"Tue Jul 03 2012 00:00:00 GMT+0530 (India Standard Time)","5298.85","5317.00","5265.95","5287.95"
"Wed Jul 04 2012 00:00:00 GMT+0530 (India Standard Time)","5310.40","5317.65","5273.30","5302.55"
"Thu Jul 05 2012 00:00:00 GMT+0530 (India Standard Time)","5297.05","5333.65","5288.85","5327.30"
"Fri Jul 06 2012 00:00:00 GMT+0530 (India Standard Time)","5324.70","5327.20","5287.75","5316.95"
"Mon Jul 09 2012 00:00:00 GMT+0530 (India Standard Time)","5283.70","5300.60","5257.75","5275.15"
"Tue Jul 10 2012 00:00:00 GMT+0530 (India Standard Time)","5286.60","5348.55","5284.55","5345.35"
"Wed Jul 11 2012 00:00:00 GMT+0530 (India Standard Time)","5315.25","5336.45","5300.25","5306.30"
"Thu Jul 12 2012 00:00:00 GMT+0530 (India Standard Time)","5240.00","5261.75","5217.70","5235.25"
"Fri Jul 13 2012 00:00:00 GMT+0530 (India Standard Time)","5242.75","5267.15","5216.85","5227.25"
"Mon Jul 16 2012 00:00:00 GMT+0530 (India Standard Time)","5232.35","5246.85","5190.45","5197.25"
"Tue Jul 17 2012 00:00:00 GMT+0530 (India Standard Time)","5228.05","5236.70","5181.70","5192.85"
"Wed Jul 18 2012 00:00:00 GMT+0530 (India Standard Time)","5199.10","5222.85","5169.05","5216.30"
"Thu Jul 19 2012 00:00:00 GMT+0530 (India Standard Time)","5249.85","5257.75","5233.14","5242.70"
"Fri Jul 20 2012 00:00:00 GMT+0530 (India Standard Time)","5233.55","5238.70","5197.50","5205.10"
"Mon Jul 23 2012 00:00:00 GMT+0530 (India Standard Time)","5163.25","5164.20","5108.10","5117.95"
"Tue Jul 24 2012 00:00:00 GMT+0530 (India Standard Time)","5128.80","5144.00","5103.25","5128.20"
"Wed Jul 25 2012 00:00:00 GMT+0530 (India Standard Time)","5118.39","5121.60","5076.60","5109.60"
"Thu Jul 26 2012 00:00:00 GMT+0530 (India Standard Time)","5126.30","5126.30","5032.39","5043.00"
"Fri Jul 27 2012 00:00:00 GMT+0530 (India Standard Time)","5124.30","5149.95","5077.50","5099.85"
"Mon Jul 30 2012 00:00:00 GMT+0530 (India Standard Time)","5129.75","5206.60","5129.75","5199.80"
"Tue Jul 31 2012 00:00:00 GMT+0530 (India Standard Time)","5214.85","5234.55","5154.05","5229.00"
"Wed Aug 01 2012 00:00:00 GMT+0530 (India Standard Time)","5220.70","5246.35","5212.64","5240.50"
"Thu Aug 02 2012 00:00:00 GMT+0530 (India Standard Time)","5233.10","5236.89","5209.95","5227.75"
"Fri Aug 03 2012 00:00:00 GMT+0530 (India Standard Time)","5195.60","5220.20","5164.64","5215.70"
"Mon Aug 06 2012 00:00:00 GMT+0530 (India Standard Time)","5260.85","5293.20","5260.85","5282.55"
"Tue Aug 07 2012 00:00:00 GMT+0530 (India Standard Time)","5295.40","5350.10","5281.65","5336.70"
"Wed Aug 08 2012 00:00:00 GMT+0530 (India Standard Time)","5345.25","5377.60","5331.05","5338.00"
"Thu Aug 09 2012 00:00:00 GMT+0530 (India Standard Time)","5348.30","5368.20","5312.10","5322.95"
"Fri Aug 10 2012 00:00:00 GMT+0530 (India Standard Time)","5308.20","5330.10","5294.10","5320.40"
"Mon Aug 13 2012 00:00:00 GMT+0530 (India Standard Time)","5316.35","5352.45","5309.05","5347.90"
"Tue Aug 14 2012 00:00:00 GMT+0530 (India Standard Time)","5343.25","5387.05","5328.80","5380.35"
"Thu Aug 16 2012 00:00:00 GMT+0530 (India Standard Time)","5385.95","5390.65","5356.65","5362.95"
"Fri Aug 17 2012 00:00:00 GMT+0530 (India Standard Time)","5368.60","5399.95","5341.70","5366.30"
"Tue Aug 21 2012 00:00:00 GMT+0530 (India Standard Time)","5368.70","5425.15","5368.70","5421.00"
"Wed Aug 22 2012 00:00:00 GMT+0530 (India Standard Time)","5395.75","5433.35","5394.80","5412.85"
"Thu Aug 23 2012 00:00:00 GMT+0530 (India Standard Time)","5426.15","5448.60","5393.85","5415.35"
"Fri Aug 24 2012 00:00:00 GMT+0530 (India Standard Time)","5392.60","5399.65","5371.00","5386.70"
"Mon Aug 27 2012 00:00:00 GMT+0530 (India Standard Time)","5387.85","5399.15","5346.65","5350.25"
"Tue Aug 28 2012 00:00:00 GMT+0530 (India Standard Time)","5348.05","5359.25","5312.60","5334.60"
"Wed Aug 29 2012 00:00:00 GMT+0530 (India Standard Time)","5343.85","5345.50","5282.70","5287.80"
"Thu Aug 30 2012 00:00:00 GMT+0530 (India Standard Time)","5268.60","5342.80","5255.05","5315.05"
"Fri Aug 31 2012 00:00:00 GMT+0530 (India Standard Time)","5298.20","5303.25","5238.89","5258.50"
"Mon Sep 03 2012 00:00:00 GMT+0530 (India Standard Time)","5276.50","5295.80","5243.15","5253.75"
"Tue Sep 04 2012 00:00:00 GMT+0530 (India Standard Time)","5249.15","5278.35","5233.20","5274.00"
"Wed Sep 05 2012 00:00:00 GMT+0530 (India Standard Time)","5243.90","5259.50","5215.70","5225.70"
"Thu Sep 06 2012 00:00:00 GMT+0530 (India Standard Time)","5217.64","5260.60","5217.64","5238.39"
"Fri Sep 07 2012 00:00:00 GMT+0530 (India Standard Time)","5309.45","5347.15","5309.20","5342.10"
"Sat Sep 08 2012 00:00:00 GMT+0530 (India Standard Time)","5343.65","5366.30","5343.45","5358.70"
"Mon Sep 10 2012 00:00:00 GMT+0530 (India Standard Time)","5361.90","5375.45","5349.10","5363.45"
"Tue Sep 11 2012 00:00:00 GMT+0530 (India Standard Time)","5336.10","5393.35","5332.10","5390.00"
"Wed Sep 12 2012 00:00:00 GMT+0530 (India Standard Time)","5404.45","5435.55","5393.95","5431.00"
"Thu Sep 13 2012 00:00:00 GMT+0530 (India Standard Time)","5435.20","5447.45","5421.85","5435.35"
"Fri Sep 14 2012 00:00:00 GMT+0530 (India Standard Time)","5528.35","5586.65","5526.95","5577.65"
"Mon Sep 17 2012 00:00:00 GMT+0530 (India Standard Time)","5631.75","5652.20","5585.15","5610.00"
"Tue Sep 18 2012 00:00:00 GMT+0530 (India Standard Time)","5602.40","5620.55","5586.45","5600.05"
"Thu Sep 20 2012 00:00:00 GMT+0530 (India Standard Time)","5536.95","5581.35","5534.90","5554.25"
"Fri Sep 21 2012 00:00:00 GMT+0530 (India Standard Time)","5577.00","5720.00","5575.45","5691.15"
"Mon Sep 24 2012 00:00:00 GMT+0530 (India Standard Time)","5691.95","5709.85","5662.75","5669.60"
"Tue Sep 25 2012 00:00:00 GMT+0530 (India Standard Time)","5674.90","5702.70","5652.45","5673.90"
"Wed Sep 26 2012 00:00:00 GMT+0530 (India Standard Time)","5653.40","5672.80","5638.65","5663.45"
"Thu Sep 27 2012 00:00:00 GMT+0530 (India Standard Time)","5673.75","5693.70","5639.70","5649.50"
"Fri Sep 28 2012 00:00:00 GMT+0530 (India Standard Time)","5684.80","5735.15","5683.45","5703.30"
"Mon Oct 01 2012 00:00:00 GMT+0530 (India Standard Time)","5704.75","5722.95","5694.00","5718.80"
"Wed Oct 03 2012 00:00:00 GMT+0530 (India Standard Time)","5727.70","5743.25","5715.80","5731.25"
"Thu Oct 04 2012 00:00:00 GMT+0530 (India Standard Time)","5751.55","5807.25","5751.35","5787.60"
"Fri Oct 05 2012 00:00:00 GMT+0530 (India Standard Time)","5815.00","5815.35","4888.20","5746.95"
"Mon Oct 08 2012 00:00:00 GMT+0530 (India Standard Time)","5751.85","5751.85","5666.20","5676.00"
"Tue Oct 09 2012 00:00:00 GMT+0530 (India Standard Time)","5708.15","5728.65","5677.90","5704.60"
"Wed Oct 10 2012 00:00:00 GMT+0530 (India Standard Time)","5671.15","5686.50","5647.05","5652.15"
"Thu Oct 11 2012 00:00:00 GMT+0530 (India Standard Time)","5663.50","5721.10","5636.95","5708.05"
"Fri Oct 12 2012 00:00:00 GMT+0530 (India Standard Time)","5681.70","5725.00","5659.35","5676.05"
"Mon Oct 15 2012 00:00:00 GMT+0530 (India Standard Time)","5674.25","5693.70","5651.05","5687.25"
"Tue Oct 16 2012 00:00:00 GMT+0530 (India Standard Time)","5705.60","5714.00","5635.60","5648.00"
"Wed Oct 17 2012 00:00:00 GMT+0530 (India Standard Time)","5681.10","5684.35","5633.90","5660.25"
"Thu Oct 18 2012 00:00:00 GMT+0530 (India Standard Time)","5675.30","5722.50","5650.55","5718.70"
"Fri Oct 19 2012 00:00:00 GMT+0530 (India Standard Time)","5703.30","5711.70","5660.00","5684.25"
"Mon Oct 22 2012 00:00:00 GMT+0530 (India Standard Time)","5667.60","5721.55","5658.05","5717.15"
"Tue Oct 23 2012 00:00:00 GMT+0530 (India Standard Time)","5715.65","5720.80","5681.45","5691.40"
"Thu Oct 25 2012 00:00:00 GMT+0530 (India Standard Time)","5688.80","5718.75","5685.70","5705.30"
"Fri Oct 26 2012 00:00:00 GMT+0530 (India Standard Time)","5683.55","5697.20","5641.75","5664.30"
"Mon Oct 29 2012 00:00:00 GMT+0530 (India Standard Time)","5665.20","5698.30","5645.10","5665.60"
"Tue Oct 30 2012 00:00:00 GMT+0530 (India Standard Time)","5656.35","5689.90","5589.90","5597.90"
"Wed Oct 31 2012 00:00:00 GMT+0530 (India Standard Time)","5596.75","5624.40","5583.05","5619.70"
"Thu Nov 01 2012 00:00:00 GMT+0530 (India Standard Time)","5609.85","5649.75","5601.95","5645.05"
"Fri Nov 02 2012 00:00:00 GMT+0530 (India Standard Time)","5696.35","5711.30","5682.55","5697.70"
"Mon Nov 05 2012 00:00:00 GMT+0530 (India Standard Time)","5693.05","5709.20","5679.50","5704.20"
"Tue Nov 06 2012 00:00:00 GMT+0530 (India Standard Time)","5694.10","5730.80","5693.65","5724.40"
"Wed Nov 07 2012 00:00:00 GMT+0530 (India Standard Time)","5718.60","5777.30","5711.40","5760.10"
"Thu Nov 08 2012 00:00:00 GMT+0530 (India Standard Time)","5709.00","5744.50","5693.95","5738.75"
"Fri Nov 09 2012 00:00:00 GMT+0530 (India Standard Time)","5731.10","5751.70","5677.75","5686.25"
"Mon Nov 12 2012 00:00:00 GMT+0530 (India Standard Time)","5688.45","5718.90","5665.75","5683.70"
"Tue Nov 13 2012 00:00:00 GMT+0530 (India Standard Time)","5689.70","5698.25","5660.35","5666.95"
"Thu Nov 15 2012 00:00:00 GMT+0530 (India Standard Time)","5650.35","5651.65","5603.55","5631.00"
"Fri Nov 16 2012 00:00:00 GMT+0530 (India Standard Time)","5624.80","5650.15","5559.80","5574.05"
"Mon Nov 19 2012 00:00:00 GMT+0530 (India Standard Time)","5577.30","5592.75","5549.25","5571.40"
"Tue Nov 20 2012 00:00:00 GMT+0530 (India Standard Time)","5604.80","5613.70","5548.35","5571.55"
"Wed Nov 21 2012 00:00:00 GMT+0530 (India Standard Time)","5582.50","5620.20","5561.40","5614.80"
"Thu Nov 22 2012 00:00:00 GMT+0530 (India Standard Time)","5628.60","5643.35","5608.00","5627.75"
"Fri Nov 23 2012 00:00:00 GMT+0530 (India Standard Time)","5635.45","5637.75","5593.55","5626.60"
"Mon Nov 26 2012 00:00:00 GMT+0530 (India Standard Time)","5648.65","5649.20","5623.45","5635.90"
"Tue Nov 27 2012 00:00:00 GMT+0530 (India Standard Time)","5658.50","5733.20","5658.00","5727.45"
"Thu Nov 29 2012 00:00:00 GMT+0530 (India Standard Time)","5736.70","5833.50","5736.10","5825.00"
"Fri Nov 30 2012 00:00:00 GMT+0530 (India Standard Time)","5836.00","5885.25","5827.85","5879.85"
"Mon Dec 03 2012 00:00:00 GMT+0530 (India Standard Time)","5878.25","5899.15","5854.60","5870.95"
"Tue Dec 04 2012 00:00:00 GMT+0530 (India Standard Time)","5866.80","5894.95","5859.00","5889.25"
"Wed Dec 05 2012 00:00:00 GMT+0530 (India Standard Time)","5906.60","5917.80","5891.35","5900.50"
"Thu Dec 06 2012 00:00:00 GMT+0530 (India Standard Time)","5926.30","5942.55","5838.90","5930.90"
"Fri Dec 07 2012 00:00:00 GMT+0530 (India Standard Time)","5934.00","5949.85","5888.65","5907.40"
"Mon Dec 10 2012 00:00:00 GMT+0530 (India Standard Time)","5916.05","5919.95","5888.10","5908.90"
"Tue Dec 11 2012 00:00:00 GMT+0530 (India Standard Time)","5923.80","5965.15","5865.45","5898.80"
"Wed Dec 12 2012 00:00:00 GMT+0530 (India Standard Time)","5917.80","5924.60","5874.25","5888.00"
"Thu Dec 13 2012 00:00:00 GMT+0530 (India Standard Time)","5900.35","5907.45","5841.35","5851.50"
"Fri Dec 14 2012 00:00:00 GMT+0530 (India Standard Time)","5846.90","5886.10","5839.15","5879.60"
"Mon Dec 17 2012 00:00:00 GMT+0530 (India Standard Time)","5860.50","5886.05","5850.15","5857.90"
"Tue Dec 18 2012 00:00:00 GMT+0530 (India Standard Time)","5873.60","5905.80","5823.15","5896.80"
"Wed Dec 19 2012 00:00:00 GMT+0530 (India Standard Time)","5917.30","5939.40","5910.80","5929.60"
"Thu Dec 20 2012 00:00:00 GMT+0530 (India Standard Time)","5934.45","5937.60","5881.45","5916.40"
"Fri Dec 21 2012 00:00:00 GMT+0530 (India Standard Time)","5888.00","5888.00","5841.65","5847.70"
"Mon Dec 24 2012 00:00:00 GMT+0530 (India Standard Time)","5869.00","5871.90","5844.70","5855.75"
"Wed Dec 26 2012 00:00:00 GMT+0530 (India Standard Time)","5864.95","5917.30","5859.55","5905.60"
"Thu Dec 27 2012 00:00:00 GMT+0530 (India Standard Time)","5930.20","5930.80","5864.70","5870.10"
"Fri Dec 28 2012 00:00:00 GMT+0530 (India Standard Time)","5887.15","5915.75","5879.50","5908.35"
"Mon Dec 31 2012 00:00:00 GMT+0530 (India Standard Time)","5901.20","5919.00","5897.15","5905.10"
"Tue Jan 01 2013 00:00:00 GMT+0530 (India Standard Time)","5937.65","5963.90","5935.20","5950.85"
"Wed Jan 02 2013 00:00:00 GMT+0530 (India Standard Time)","5982.60","6006.05","5982.00","5993.25"
"Thu Jan 03 2013 00:00:00 GMT+0530 (India Standard Time)","6015.80","6017.00","5986.55","6009.50"
"Fri Jan 04 2013 00:00:00 GMT+0530 (India Standard Time)","6011.95","6020.75","5981.55","6016.15"
"Mon Jan 07 2013 00:00:00 GMT+0530 (India Standard Time)","6042.15","6042.15","5977.15","5988.40"
"Tue Jan 08 2013 00:00:00 GMT+0530 (India Standard Time)","5983.45","6007.05","5964.40","6001.70"
"Wed Jan 09 2013 00:00:00 GMT+0530 (India Standard Time)","6006.20","6020.10","5958.45","5971.50"
"Thu Jan 10 2013 00:00:00 GMT+0530 (India Standard Time)","5998.80","6005.15","5947.30","5968.65"
"Fri Jan 11 2013 00:00:00 GMT+0530 (India Standard Time)","6012.40","6018.85","5940.60","5951.30"
"Mon Jan 14 2013 00:00:00 GMT+0530 (India Standard Time)","5967.20","6036.90","5962.15","6024.05"
"Tue Jan 15 2013 00:00:00 GMT+0530 (India Standard Time)","6037.85","6068.50","6018.60","6056.60"
"Wed Jan 16 2013 00:00:00 GMT+0530 (India Standard Time)","6049.00","6055.95","5992.05","6001.85"
"Thu Jan 17 2013 00:00:00 GMT+0530 (India Standard Time)","6001.25","6053.20","5988.10","6039.20"
"Fri Jan 18 2013 00:00:00 GMT+0530 (India Standard Time)","6059.85","6083.40","6048.30","6064.40"
"Mon Jan 21 2013 00:00:00 GMT+0530 (India Standard Time)","6085.75","6094.35","6065.10","6082.30"
"Tue Jan 22 2013 00:00:00 GMT+0530 (India Standard Time)","6080.15","6101.30","6040.50","6048.50"
"Wed Jan 23 2013 00:00:00 GMT+0530 (India Standard Time)","6052.85","6069.80","6021.15","6054.30"
"Thu Jan 24 2013 00:00:00 GMT+0530 (India Standard Time)","6046.20","6065.30","6007.85","6019.35"
"Fri Jan 25 2013 00:00:00 GMT+0530 (India Standard Time)","6024.50","6080.55","6014.45","6074.65"
"Mon Jan 28 2013 00:00:00 GMT+0530 (India Standard Time)","6082.10","6088.40","6061.40","6074.80"
"Tue Jan 29 2013 00:00:00 GMT+0530 (India Standard Time)","6064.70","6111.80","6042.45","6049.90"
"Wed Jan 30 2013 00:00:00 GMT+0530 (India Standard Time)","6065.00","6071.95","6044.15","6055.75"
"Thu Jan 31 2013 00:00:00 GMT+0530 (India Standard Time)","6045.65","6058.05","6025.15","6034.75"
"Fri Feb 01 2013 00:00:00 GMT+0530 (India Standard Time)","6040.95","6052.95","5983.20","5998.90"
"Mon Feb 04 2013 00:00:00 GMT+0530 (India Standard Time)","6025.20","6038.50","5981.25","5987.25"
"Tue Feb 05 2013 00:00:00 GMT+0530 (India Standard Time)","5948.20","5970.35","5946.90","5956.90"
"Wed Feb 06 2013 00:00:00 GMT+0530 (India Standard Time)","5988.05","5990.90","5953.15","5959.20"
"Thu Feb 07 2013 00:00:00 GMT+0530 (India Standard Time)","5936.45","5978.50","5927.60","5938.80"
"Fri Feb 08 2013 00:00:00 GMT+0530 (India Standard Time)","5929.10","5953.70","5883.65","5903.50"
"Mon Feb 11 2013 00:00:00 GMT+0530 (India Standard Time)","5920.05","5924.15","5879.10","5897.85"
"Tue Feb 12 2013 00:00:00 GMT+0530 (India Standard Time)","5894.35","5927.65","5886.45","5922.50"
"Wed Feb 13 2013 00:00:00 GMT+0530 (India Standard Time)","5943.15","5969.50","5922.95","5932.95"
"Thu Feb 14 2013 00:00:00 GMT+0530 (India Standard Time)","5933.20","5940.20","5884.55","5896.95"
"Fri Feb 15 2013 00:00:00 GMT+0530 (India Standard Time)","5869.95","5899.95","5853.90","5887.40"
"Mon Feb 18 2013 00:00:00 GMT+0530 (India Standard Time)","5888.65","5911.00","5878.45","5898.20"
"Tue Feb 19 2013 00:00:00 GMT+0530 (India Standard Time)","5900.20","5947.55","5883.15","5939.70"
"Wed Feb 20 2013 00:00:00 GMT+0530 (India Standard Time)","5966.30","5971.00","5937.55","5943.05"
"Thu Feb 21 2013 00:00:00 GMT+0530 (India Standard Time)","5909.65","5921.15","5844.40","5852.25"
"Fri Feb 22 2013 00:00:00 GMT+0530 (India Standard Time)","5837.95","5873.80","5835.80","5850.30"
"Mon Feb 25 2013 00:00:00 GMT+0530 (India Standard Time)","5870.55","5878.40","5825.00","5854.75"
"Tue Feb 26 2013 00:00:00 GMT+0530 (India Standard Time)","5838.30","5838.85","5748.60","5761.35"
"Wed Feb 27 2013 00:00:00 GMT+0530 (India Standard Time)","5784.90","5818.20","5749.70","5796.90"
"Thu Feb 28 2013 00:00:00 GMT+0530 (India Standard Time)","5834.35","5849.90","5671.90","5693.05"
"Fri Mar 01 2013 00:00:00 GMT+0530 (India Standard Time)","5702.45","5739.45","5679.90","5719.70"
"Mon Mar 04 2013 00:00:00 GMT+0530 (India Standard Time)","5704.70","5712.00","5663.60","5698.50"
"Tue Mar 05 2013 00:00:00 GMT+0530 (India Standard Time)","5722.45","5790.10","5722.40","5784.25"
"Wed Mar 06 2013 00:00:00 GMT+0530 (India Standard Time)","5816.40","5828.70","5795.05","5818.60"
"Thu Mar 07 2013 00:00:00 GMT+0530 (India Standard Time)","5801.30","5878.00","5801.30","5863.30"
"Fri Mar 08 2013 00:00:00 GMT+0530 (India Standard Time)","5883.65","5952.85","5883.00","5945.70"
"Mon Mar 11 2013 00:00:00 GMT+0530 (India Standard Time)","5946.10","5971.20","5930.35","5942.35"
"Tue Mar 12 2013 00:00:00 GMT+0530 (India Standard Time)","5944.60","5952.00","5893.65","5914.10"
"Wed Mar 13 2013 00:00:00 GMT+0530 (India Standard Time)","5884.80","5893.85","5842.25","5851.20"
"Thu Mar 14 2013 00:00:00 GMT+0530 (India Standard Time)","5845.95","5920.15","5791.75","5908.95"
"Fri Mar 15 2013 00:00:00 GMT+0530 (India Standard Time)","5914.90","5945.65","5861.00","5872.60"
"Mon Mar 18 2013 00:00:00 GMT+0530 (India Standard Time)","5816.75","5850.20","5814.35","5835.25"
"Tue Mar 19 2013 00:00:00 GMT+0530 (India Standard Time)","5859.50","5863.60","5724.30","5745.95"
"Wed Mar 20 2013 00:00:00 GMT+0530 (India Standard Time)","5740.55","5745.30","5682.30","5694.40"
"Thu Mar 21 2013 00:00:00 GMT+0530 (India Standard Time)","5705.90","5757.75","5647.95","5658.75"
"Fri Mar 22 2013 00:00:00 GMT+0530 (India Standard Time)","5659.80","5691.45","5631.80","5651.35"
"Mon Mar 25 2013 00:00:00 GMT+0530 (India Standard Time)","5707.30","5718.40","5624.40","5633.85"
"Tue Mar 26 2013 00:00:00 GMT+0530 (India Standard Time)","5613.75","5655.30","5612.05","5641.60"
"Thu Mar 28 2013 00:00:00 GMT+0530 (India Standard Time)","5647.75","5692.95","5604.85","5682.55"
"Mon Apr 01 2013 00:00:00 GMT+0530 (India Standard Time)","5697.35","5720.95","5675.90","5704.40"
"Tue Apr 02 2013 00:00:00 GMT+0530 (India Standard Time)","5701.70","5754.60","5687.15","5748.10"
"Wed Apr 03 2013 00:00:00 GMT+0530 (India Standard Time)","5740.20","5744.95","5650.10","5672.90"
"Thu Apr 04 2013 00:00:00 GMT+0530 (India Standard Time)","5640.65","5644.45","5565.65","5574.75"
"Fri Apr 05 2013 00:00:00 GMT+0530 (India Standard Time)","5568.10","5577.30","5534.70","5553.25"
"Mon Apr 08 2013 00:00:00 GMT+0530 (India Standard Time)","5550.50","5569.20","5537.05","5542.95"
"Tue Apr 09 2013 00:00:00 GMT+0530 (India Standard Time)","5568.75","5603.05","5487.00","5495.10"
"Wed Apr 10 2013 00:00:00 GMT+0530 (India Standard Time)","5536.25","5569.25","5477.20","5558.70"
"Thu Apr 11 2013 00:00:00 GMT+0530 (India Standard Time)","5601.65","5610.65","5542.85","5594.00"
"Fri Apr 12 2013 00:00:00 GMT+0530 (India Standard Time)","5520.70","5544.50","5494.90","5528.55"
"Mon Apr 15 2013 00:00:00 GMT+0530 (India Standard Time)","5508.50","5592.85","5500.30","5568.40"
"Tue Apr 16 2013 00:00:00 GMT+0530 (India Standard Time)","5562.45","5699.25","5555.85","5688.95"
"Wed Apr 17 2013 00:00:00 GMT+0530 (India Standard Time)","5708.65","5732.15","5669.00","5688.70"
"Thu Apr 18 2013 00:00:00 GMT+0530 (India Standard Time)","5682.70","5794.35","5681.85","5783.10"
"Mon Apr 22 2013 00:00:00 GMT+0530 (India Standard Time)","5789.85","5844.85","5789.80","5834.40"
"Tue Apr 23 2013 00:00:00 GMT+0530 (India Standard Time)","5843.10","5844.30","5791.55","5836.90"
"Thu Apr 25 2013 00:00:00 GMT+0530 (India Standard Time)","5856.10","5924.60","5853.30","5916.30"
"Fri Apr 26 2013 00:00:00 GMT+0530 (India Standard Time)","5899.75","5907.05","5860.50","5871.40"
"Mon Apr 29 2013 00:00:00 GMT+0530 (India Standard Time)","5877.60","5918.65","5868.80","5904.10"
"Tue Apr 30 2013 00:00:00 GMT+0530 (India Standard Time)","5932.60","5962.30","5867.80","5930.20"
"Thu May 02 2013 00:00:00 GMT+0530 (India Standard Time)","5911.40","6019.45","5910.95","5999.30"
"Fri May 03 2013 00:00:00 GMT+0530 (India Standard Time)","5993.50","6000.30","5930.15","5944.00"
"Mon May 06 2013 00:00:00 GMT+0530 (India Standard Time)","5944.90","5976.50","5928.45","5971.05"
"Tue May 07 2013 00:00:00 GMT+0530 (India Standard Time)","5983.45","6050.50","5982.95","6043.55"
"Wed May 08 2013 00:00:00 GMT+0530 (India Standard Time)","6064.15","6083.55","6024.95","6069.30"
"Thu May 09 2013 00:00:00 GMT+0530 (India Standard Time)","6078.35","6084.70","6040.45","6050.15"
"Fri May 10 2013 00:00:00 GMT+0530 (India Standard Time)","6046.25","6105.30","6045.60","6094.75"
"Sat May 11 2013 00:00:00 GMT+0530 (India Standard Time)","6088.20","6114.55","6084.15","6107.25"
"Mon May 13 2013 00:00:00 GMT+0530 (India Standard Time)","6098.20","6104.95","5972.90","5980.45"
"Tue May 14 2013 00:00:00 GMT+0530 (India Standard Time)","5989.70","6026.20","5970.05","5995.40"
"Wed May 15 2013 00:00:00 GMT+0530 (India Standard Time)","6018.85","6157.10","6018.85","6146.75"
"Thu May 16 2013 00:00:00 GMT+0530 (India Standard Time)","6128.25","6187.30","6128.25","6169.90"
"Fri May 17 2013 00:00:00 GMT+0530 (India Standard Time)","6172.95","6199.95","6146.15","6187.30"
"Mon May 20 2013 00:00:00 GMT+0530 (India Standard Time)","6198.00","6229.45","6146.05","6156.90"
"Tue May 21 2013 00:00:00 GMT+0530 (India Standard Time)","6152.35","6180.25","6102.35","6114.10"
"Wed May 22 2013 00:00:00 GMT+0530 (India Standard Time)","6127.05","6147.60","6074.45","6094.50"
"Thu May 23 2013 00:00:00 GMT+0530 (India Standard Time)","6050.40","6081.45","5955.70","5967.05"
"Fri May 24 2013 00:00:00 GMT+0530 (India Standard Time)","6010.70","6015.30","5936.80","5983.55"
"Mon May 27 2013 00:00:00 GMT+0530 (India Standard Time)","5989.40","6099.90","5975.55","6083.15"
"Tue May 28 2013 00:00:00 GMT+0530 (India Standard Time)","6086.35","6127.65","6055.40","6111.25"
"Wed May 29 2013 00:00:00 GMT+0530 (India Standard Time)","6120.45","6125.05","6069.80","6104.30"
"Thu May 30 2013 00:00:00 GMT+0530 (India Standard Time)","6072.15","6133.75","6072.15","6124.05"
"Fri May 31 2013 00:00:00 GMT+0530 (India Standard Time)","6098.70","6106.25","5975.55","5985.95"
"Mon Jun 03 2013 00:00:00 GMT+0530 (India Standard Time)","5997.35","6011.00","5916.35","5939.30"
"Tue Jun 04 2013 00:00:00 GMT+0530 (India Standard Time)","5941.10","5981.60","5910.25","5919.45"
"Wed Jun 05 2013 00:00:00 GMT+0530 (India Standard Time)","5908.30","5935.20","5883.70","5923.85"
"Thu Jun 06 2013 00:00:00 GMT+0530 (India Standard Time)","5895.00","5956.55","5869.50","5921.40"
"Fri Jun 07 2013 00:00:00 GMT+0530 (India Standard Time)","5900.05","5972.70","5871.30","5881.00"
"Mon Jun 10 2013 00:00:00 GMT+0530 (India Standard Time)","5907.90","5931.65","5857.40","5878.00"
"Tue Jun 11 2013 00:00:00 GMT+0530 (India Standard Time)","5848.75","5868.05","5780.35","5788.80"
"Wed Jun 12 2013 00:00:00 GMT+0530 (India Standard Time)","5771.75","5792.90","5738.60","5760.20"
"Thu Jun 13 2013 00:00:00 GMT+0530 (India Standard Time)","5709.35","5729.85","5683.10","5699.10"
"Fri Jun 14 2013 00:00:00 GMT+0530 (India Standard Time)","5748.95","5819.40","5739.40","5808.40"
"Mon Jun 17 2013 00:00:00 GMT+0530 (India Standard Time)","5820.40","5854.90","5770.25","5850.05"
"Tue Jun 18 2013 00:00:00 GMT+0530 (India Standard Time)","5841.90","5863.40","5804.30","5813.60"
"Wed Jun 19 2013 00:00:00 GMT+0530 (India Standard Time)","5805.75","5828.40","5777.90","5822.25"
"Thu Jun 20 2013 00:00:00 GMT+0530 (India Standard Time)","5754.15","5755.00","5645.65","5655.90"
"Fri Jun 21 2013 00:00:00 GMT+0530 (India Standard Time)","5639.90","5686.15","5616.85","5667.65"
"Mon Jun 24 2013 00:00:00 GMT+0530 (India Standard Time)","5638.05","5640.00","5566.25","5590.25"
"Tue Jun 25 2013 00:00:00 GMT+0530 (India Standard Time)","5606.95","5666.25","5570.25","5609.10"
"Wed Jun 26 2013 00:00:00 GMT+0530 (India Standard Time)","5627.95","5635.25","5579.35","5588.70"
"Thu Jun 27 2013 00:00:00 GMT+0530 (India Standard Time)","5647.95","5699.35","5630.95","5682.35"
"Fri Jun 28 2013 00:00:00 GMT+0530 (India Standard Time)","5749.50","5852.95","5749.50","5842.20"
"Mon Jul 01 2013 00:00:00 GMT+0530 (India Standard Time)","5834.10","5904.35","5822.20","5898.85"
"Tue Jul 02 2013 00:00:00 GMT+0530 (India Standard Time)","5885.50","5898.80","5852.30","5857.55"
"Wed Jul 03 2013 00:00:00 GMT+0530 (India Standard Time)","5811.95","5815.00","5760.40","5770.90"
"Thu Jul 04 2013 00:00:00 GMT+0530 (India Standard Time)","5794.75","5848.20","5786.05","5836.95"
"Fri Jul 05 2013 00:00:00 GMT+0530 (India Standard Time)","5889.95","5900.45","5858.45","5867.90"
"Mon Jul 08 2013 00:00:00 GMT+0530 (India Standard Time)","5833.15","5833.85","5775.55","5811.55"
"Tue Jul 09 2013 00:00:00 GMT+0530 (India Standard Time)","5834.60","5864.95","5834.60","5859.00"
"Wed Jul 10 2013 00:00:00 GMT+0530 (India Standard Time)","5869.90","5879.35","5802.85","5816.70"
"Thu Jul 11 2013 00:00:00 GMT+0530 (India Standard Time)","5894.50","5948.85","5887.95","5935.10"
"Fri Jul 12 2013 00:00:00 GMT+0530 (India Standard Time)","6000.50","6019.00","5951.15","6009.00"
"Mon Jul 15 2013 00:00:00 GMT+0530 (India Standard Time)","5991.20","6038.20","5980.95","6030.80"
"Tue Jul 16 2013 00:00:00 GMT+0530 (India Standard Time)","5930.80","5966.05","5910.95","5955.25"
"Wed Jul 17 2013 00:00:00 GMT+0530 (India Standard Time)","5972.25","5989.80","5926.75","5973.30"
"Thu Jul 18 2013 00:00:00 GMT+0530 (India Standard Time)","5984.70","6051.10","5974.55","6038.05"
"Fri Jul 19 2013 00:00:00 GMT+0530 (India Standard Time)","6057.20","6066.85","6020.25","6029.20"
"Mon Jul 22 2013 00:00:00 GMT+0530 (India Standard Time)","6009.75","6064.15","6004.25","6031.80"
"Tue Jul 23 2013 00:00:00 GMT+0530 (India Standard Time)","6064.30","6093.35","6061.30","6077.80"
"Wed Jul 24 2013 00:00:00 GMT+0530 (India Standard Time)","6032.20","6047.25","5962.60","5990.50"
"Thu Jul 25 2013 00:00:00 GMT+0530 (India Standard Time)","5970.40","5990.65","5896.40","5907.50"
"Fri Jul 26 2013 00:00:00 GMT+0530 (India Standard Time)","5937.95","5944.50","5869.50","5886.20"
"Mon Jul 29 2013 00:00:00 GMT+0530 (India Standard Time)","5869.95","5886.00","5825.80","5831.65"
"Tue Jul 30 2013 00:00:00 GMT+0530 (India Standard Time)","5836.05","5861.30","5747.60","5755.05"
"Wed Jul 31 2013 00:00:00 GMT+0530 (India Standard Time)","5738.35","5752.10","5675.75","5742.00"
"Thu Aug 01 2013 00:00:00 GMT+0530 (India Standard Time)","5776.90","5808.50","5676.85","5727.85"
"Fri Aug 02 2013 00:00:00 GMT+0530 (India Standard Time)","5750.05","5761.85","5649.00","5677.90"
"Mon Aug 05 2013 00:00:00 GMT+0530 (India Standard Time)","5682.40","5721.00","5661.50","5685.40"
"Tue Aug 06 2013 00:00:00 GMT+0530 (India Standard Time)","5664.90","5664.90","5521.80","5542.25"
"Wed Aug 07 2013 00:00:00 GMT+0530 (India Standard Time)","5549.30","5561.45","5486.85","5519.10"
"Thu Aug 08 2013 00:00:00 GMT+0530 (India Standard Time)","5510.05","5577.60","5510.05","5565.65"
"Mon Aug 12 2013 00:00:00 GMT+0530 (India Standard Time)","5606.70","5644.10","5557.10","5612.40"
"Tue Aug 13 2013 00:00:00 GMT+0530 (India Standard Time)","5600.25","5704.75","5578.90","5699.30"
"Wed Aug 14 2013 00:00:00 GMT+0530 (India Standard Time)","5715.40","5754.55","5690.20","5742.30"
"Fri Aug 16 2013 00:00:00 GMT+0530 (India Standard Time)","5705.45","5716.60","5496.05","5507.85"
"Mon Aug 19 2013 00:00:00 GMT+0530 (India Standard Time)","5497.55","5499.65","5360.65","5414.75"
"Tue Aug 20 2013 00:00:00 GMT+0530 (India Standard Time)","5353.45","5417.80","5306.35","5401.45"
"Wed Aug 21 2013 00:00:00 GMT+0530 (India Standard Time)","5494.45","5504.10","5268.45","5302.55"
"Thu Aug 22 2013 00:00:00 GMT+0530 (India Standard Time)","5282.80","5418.95","5254.05","5408.45"
"Fri Aug 23 2013 00:00:00 GMT+0530 (India Standard Time)","5428.75","5478.80","5377.80","5471.75"
"Mon Aug 26 2013 00:00:00 GMT+0530 (India Standard Time)","5499.40","5528.70","5454.45","5476.50"
"Tue Aug 27 2013 00:00:00 GMT+0530 (India Standard Time)","5426.50","5427.40","5274.25","5287.45"
"Wed Aug 28 2013 00:00:00 GMT+0530 (India Standard Time)","5233.45","5317.70","5118.85","5285.00"
"Thu Aug 29 2013 00:00:00 GMT+0530 (India Standard Time)","5316.50","5428.90","5303.00","5409.05"
"Fri Aug 30 2013 00:00:00 GMT+0530 (India Standard Time)","5407.45","5493.30","5360.20","5471.80"
"Mon Sep 02 2013 00:00:00 GMT+0530 (India Standard Time)","5480.25","5564.90","5478.85","5550.75"
"Tue Sep 03 2013 00:00:00 GMT+0530 (India Standard Time)","5574.70","5580.95","5323.75","5341.45"
"Wed Sep 04 2013 00:00:00 GMT+0530 (India Standard Time)","5358.65","5460.25","5318.90","5448.10"
"Thu Sep 05 2013 00:00:00 GMT+0530 (India Standard Time)","5553.75","5625.75","5552.70","5592.95"
"Fri Sep 06 2013 00:00:00 GMT+0530 (India Standard Time)","5617.45","5688.60","5566.15","5680.40"
"Tue Sep 10 2013 00:00:00 GMT+0530 (India Standard Time)","5738.50","5904.85","5738.20","5896.75"
"Wed Sep 11 2013 00:00:00 GMT+0530 (India Standard Time)","5887.25","5924.35","5832.70","5913.15"
"Thu Sep 12 2013 00:00:00 GMT+0530 (India Standard Time)","5931.15","5932.00","5815.80","5850.70"
"Fri Sep 13 2013 00:00:00 GMT+0530 (India Standard Time)","5828.00","5884.30","5822.90","5850.60"
"Mon Sep 16 2013 00:00:00 GMT+0530 (India Standard Time)","5930.30","5957.25","5798.15","5840.55"
"Tue Sep 17 2013 00:00:00 GMT+0530 (India Standard Time)","5824.20","5857.80","5804.90","5850.20"
"Wed Sep 18 2013 00:00:00 GMT+0530 (India Standard Time)","5872.75","5916.90","5840.20","5899.45"
"Thu Sep 19 2013 00:00:00 GMT+0530 (India Standard Time)","6044.15","6142.50","6040.15","6115.55"
"Fri Sep 20 2013 00:00:00 GMT+0530 (India Standard Time)","6104.55","6130.95","5932.85","6012.10"
"Mon Sep 23 2013 00:00:00 GMT+0530 (India Standard Time)","5945.80","5989.40","5871.40","5889.75"
"Tue Sep 24 2013 00:00:00 GMT+0530 (India Standard Time)","5855.00","5938.40","5854.55","5892.45"
"Wed Sep 25 2013 00:00:00 GMT+0530 (India Standard Time)","5901.55","5910.55","5811.10","5873.85"
"Thu Sep 26 2013 00:00:00 GMT+0530 (India Standard Time)","5872.80","5917.65","5864.10","5882.25"
"Fri Sep 27 2013 00:00:00 GMT+0530 (India Standard Time)","5905.55","5909.20","5819.30","5833.20"
"Mon Sep 30 2013 00:00:00 GMT+0530 (India Standard Time)","5801.05","5810.20","5718.50","5735.30"
"Tue Oct 01 2013 00:00:00 GMT+0530 (India Standard Time)","5756.10","5786.45","5700.95","5780.05"
"Thu Oct 03 2013 00:00:00 GMT+0530 (India Standard Time)","5819.10","5917.60","5802.70","5909.70"
"Fri Oct 04 2013 00:00:00 GMT+0530 (India Standard Time)","5891.30","5950.45","5885.00","5907.30"
"Mon Oct 07 2013 00:00:00 GMT+0530 (India Standard Time)","5889.05","5912.00","5825.85","5906.15"
"Tue Oct 08 2013 00:00:00 GMT+0530 (India Standard Time)","5975.00","5981.70","5913.00","5928.40"
"Wed Oct 09 2013 00:00:00 GMT+0530 (India Standard Time)","5893.25","6015.50","5877.10","6007.45"
"Thu Oct 10 2013 00:00:00 GMT+0530 (India Standard Time)","6001.05","6033.95","5979.80","6020.95"
"Fri Oct 11 2013 00:00:00 GMT+0530 (India Standard Time)","6104.85","6107.60","6046.40","6096.20"
"Mon Oct 14 2013 00:00:00 GMT+0530 (India Standard Time)","6093.00","6124.10","6082.90","6112.70"
"Tue Oct 15 2013 00:00:00 GMT+0530 (India Standard Time)","6147.55","6156.30","6056.55","6089.05"
"Thu Oct 17 2013 00:00:00 GMT+0530 (India Standard Time)","6098.50","6110.75","6032.55","6045.85"
"Fri Oct 18 2013 00:00:00 GMT+0530 (India Standard Time)","6070.90","6201.45","6070.90","6189.35"
"Mon Oct 21 2013 00:00:00 GMT+0530 (India Standard Time)","6202.00","6218.95","6163.30","6204.95"
"Tue Oct 22 2013 00:00:00 GMT+0530 (India Standard Time)","6192.30","6220.10","6181.80","6202.80"
"Wed Oct 23 2013 00:00:00 GMT+0530 (India Standard Time)","6209.55","6217.95","6116.60","6178.35"
"Thu Oct 24 2013 00:00:00 GMT+0530 (India Standard Time)","6162.80","6252.45","6142.95","6164.35"
"Fri Oct 25 2013 00:00:00 GMT+0530 (India Standard Time)","6154.00","6174.75","6125.95","6144.90"
"Mon Oct 28 2013 00:00:00 GMT+0530 (India Standard Time)","6155.10","6168.75","6094.10","6101.10"
"Tue Oct 29 2013 00:00:00 GMT+0530 (India Standard Time)","6107.55","6228.05","6079.20","6220.90"
"Wed Oct 30 2013 00:00:00 GMT+0530 (India Standard Time)","6230.80","6269.20","6222.60","6251.70"
"Thu Oct 31 2013 00:00:00 GMT+0530 (India Standard Time)","6237.15","6309.05","6235.90","6299.15"
"Fri Nov 01 2013 00:00:00 GMT+0530 (India Standard Time)","6289.75","6332.60","6286.95","6307.20"
"Sun Nov 03 2013 00:00:00 GMT+0530 (India Standard Time)","6332.05","6342.95","6311.15","6317.35"
"Tue Nov 05 2013 00:00:00 GMT+0530 (India Standard Time)","6282.15","6304.75","6244.30","6253.15"
"Wed Nov 06 2013 00:00:00 GMT+0530 (India Standard Time)","6260.55","6269.70","6208.70","6215.15"
"Thu Nov 07 2013 00:00:00 GMT+0530 (India Standard Time)","6228.90","6288.95","6180.80","6187.25"
"Fri Nov 08 2013 00:00:00 GMT+0530 (India Standard Time)","6170.15","6185.15","6120.95","6140.75"
"Mon Nov 11 2013 00:00:00 GMT+0530 (India Standard Time)","6110.40","6141.65","6067.75","6078.80"
"Tue Nov 12 2013 00:00:00 GMT+0530 (India Standard Time)","6087.25","6108.70","6011.75","6018.05"
"Wed Nov 13 2013 00:00:00 GMT+0530 (India Standard Time)","5998.85","6042.25","5972.45","5989.60"
"Thu Nov 14 2013 00:00:00 GMT+0530 (India Standard Time)","6037.00","6101.65","6036.65","6056.15"
"Mon Nov 18 2013 00:00:00 GMT+0530 (India Standard Time)","6111.05","6196.80","6110.40","6189.00"
"Tue Nov 19 2013 00:00:00 GMT+0530 (India Standard Time)","6197.25","6212.40","6180.20","6203.35"
"Wed Nov 20 2013 00:00:00 GMT+0530 (India Standard Time)","6186.85","6204.35","6106.95","6122.90"
"Thu Nov 21 2013 00:00:00 GMT+0530 (India Standard Time)","6096.50","6097.35","5985.40","5999.05"
"Fri Nov 22 2013 00:00:00 GMT+0530 (India Standard Time)","6027.35","6049.60","5972.80","5995.45"
"Mon Nov 25 2013 00:00:00 GMT+0530 (India Standard Time)","6035.95","6123.50","6035.95","6115.35"
"Tue Nov 26 2013 00:00:00 GMT+0530 (India Standard Time)","6099.25","6112.70","6047.75","6059.10"
"Wed Nov 27 2013 00:00:00 GMT+0530 (India Standard Time)","6062.70","6074.00","6030.30","6057.10"
"Thu Nov 28 2013 00:00:00 GMT+0530 (India Standard Time)","6092.00","6112.95","6068.30","6091.85"
"Fri Nov 29 2013 00:00:00 GMT+0530 (India Standard Time)","6103.90","6182.50","6103.80","6176.10"
"Mon Dec 02 2013 00:00:00 GMT+0530 (India Standard Time)","6171.15","6228.70","6171.15","6217.85"
"Tue Dec 03 2013 00:00:00 GMT+0530 (India Standard Time)","6204.25","6225.40","6191.40","6201.85"
"Wed Dec 04 2013 00:00:00 GMT+0530 (India Standard Time)","6187.95","6209.15","6149.90","6160.95"
"Thu Dec 05 2013 00:00:00 GMT+0530 (India Standard Time)","6262.45","6300.55","6232.00","6241.10"
"Fri Dec 06 2013 00:00:00 GMT+0530 (India Standard Time)","6234.40","6275.35","6230.75","6259.90"
"Mon Dec 09 2013 00:00:00 GMT+0530 (India Standard Time)","6415.00","6415.25","6345.00","6363.90"
"Tue Dec 10 2013 00:00:00 GMT+0530 (India Standard Time)","6354.70","6362.25","6307.55","6332.85"
"Wed Dec 11 2013 00:00:00 GMT+0530 (India Standard Time)","6307.20","6326.60","6280.25","6307.90"
"Thu Dec 12 2013 00:00:00 GMT+0530 (India Standard Time)","6276.75","6286.85","6230.55","6237.05"
"Fri Dec 13 2013 00:00:00 GMT+0530 (India Standard Time)","6201.30","6208.60","6161.40","6168.40"
"Mon Dec 16 2013 00:00:00 GMT+0530 (India Standard Time)","6168.35","6183.25","6146.05","6154.70"
"Tue Dec 17 2013 00:00:00 GMT+0530 (India Standard Time)","6178.20","6190.55","6133.00","6139.05"
"Wed Dec 18 2013 00:00:00 GMT+0530 (India Standard Time)","6129.95","6236.00","6129.95","6217.15"
"Thu Dec 19 2013 00:00:00 GMT+0530 (India Standard Time)","6253.90","6263.75","6150.70","6166.65"
"Fri Dec 20 2013 00:00:00 GMT+0530 (India Standard Time)","6179.95","6284.50","6170.35","6274.25"
"Mon Dec 23 2013 00:00:00 GMT+0530 (India Standard Time)","6267.20","6317.50","6266.95","6284.50"
"Tue Dec 24 2013 00:00:00 GMT+0530 (India Standard Time)","6296.45","6301.50","6262.00","6268.40"
"Thu Dec 26 2013 00:00:00 GMT+0530 (India Standard Time)","6270.10","6302.75","6259.45","6278.90"
"Fri Dec 27 2013 00:00:00 GMT+0530 (India Standard Time)","6292.80","6324.90","6289.40","6313.80"
"Mon Dec 30 2013 00:00:00 GMT+0530 (India Standard Time)","6336.40","6344.05","6273.15","6291.10"
"Tue Dec 31 2013 00:00:00 GMT+0530 (India Standard Time)","6307.35","6317.30","6287.30","6304.00"
"Wed Jan 01 2014 00:00:00 GMT+0530 (India Standard Time)","6323.80","6327.20","6298.25","6301.65"
"Thu Jan 02 2014 00:00:00 GMT+0530 (India Standard Time)","6301.25","6358.30","6211.30","6221.15"
"Fri Jan 03 2014 00:00:00 GMT+0530 (India Standard Time)","6194.55","6221.70","6171.25","6211.15"
"Mon Jan 06 2014 00:00:00 GMT+0530 (India Standard Time)","6220.85","6224.70","6170.25","6191.45"
"Tue Jan 07 2014 00:00:00 GMT+0530 (India Standard Time)","6203.90","6221.50","6144.75","6162.25"
"Wed Jan 08 2014 00:00:00 GMT+0530 (India Standard Time)","6178.05","6192.10","6160.35","6174.60"
"Thu Jan 09 2014 00:00:00 GMT+0530 (India Standard Time)","6181.70","6188.05","6148.25","6168.35"
"Fri Jan 10 2014 00:00:00 GMT+0530 (India Standard Time)","6178.85","6239.10","6139.60","6171.45"
"Mon Jan 13 2014 00:00:00 GMT+0530 (India Standard Time)","6189.55","6288.20","6189.55","6272.75"
"Tue Jan 14 2014 00:00:00 GMT+0530 (India Standard Time)","6260.25","6280.35","6234.15","6241.85"
"Wed Jan 15 2014 00:00:00 GMT+0530 (India Standard Time)","6265.95","6325.20","6265.30","6320.90"
"Thu Jan 16 2014 00:00:00 GMT+0530 (India Standard Time)","6341.35","6346.50","6299.85","6318.90"
"Fri Jan 17 2014 00:00:00 GMT+0530 (India Standard Time)","6306.25","6327.10","6246.35","6261.65"
"Mon Jan 20 2014 00:00:00 GMT+0530 (India Standard Time)","6261.75","6307.45","6243.35","6303.95"
"Tue Jan 21 2014 00:00:00 GMT+0530 (India Standard Time)","6320.15","6330.30","6297.90","6313.80"
"Wed Jan 22 2014 00:00:00 GMT+0530 (India Standard Time)","6309.05","6349.95","6287.45","6338.95"
"Thu Jan 23 2014 00:00:00 GMT+0530 (India Standard Time)","6325.95","6355.60","6316.40","6345.65"
"Fri Jan 24 2014 00:00:00 GMT+0530 (India Standard Time)","6301.65","6331.45","6263.90","6266.75"
"Mon Jan 27 2014 00:00:00 GMT+0530 (India Standard Time)","6186.30","6188.55","6130.25","6135.85"
"Tue Jan 28 2014 00:00:00 GMT+0530 (India Standard Time)","6131.85","6163.60","6085.95","6126.25"
"Wed Jan 29 2014 00:00:00 GMT+0530 (India Standard Time)","6161.00","6170.45","6109.80","6120.25"
"Thu Jan 30 2014 00:00:00 GMT+0530 (India Standard Time)","6067.00","6082.85","6027.25","6073.70"
"Fri Jan 31 2014 00:00:00 GMT+0530 (India Standard Time)","6082.75","6097.85","6067.35","6089.50"
"Mon Feb 03 2014 00:00:00 GMT+0530 (India Standard Time)","6058.80","6074.85","5994.45","6001.80"
"Tue Feb 04 2014 00:00:00 GMT+0530 (India Standard Time)","5947.60","6017.80","5933.30","6000.90"
"Wed Feb 05 2014 00:00:00 GMT+0530 (India Standard Time)","6004.25","6028.05","5962.05","6022.40"
"Thu Feb 06 2014 00:00:00 GMT+0530 (India Standard Time)","6028.35","6048.35","5965.40","6036.30"
"Fri Feb 07 2014 00:00:00 GMT+0530 (India Standard Time)","6077.65","6079.95","6030.90","6063.20"
"Mon Feb 10 2014 00:00:00 GMT+0530 (India Standard Time)","6072.80","6083.05","6046.40","6053.45"
"Tue Feb 11 2014 00:00:00 GMT+0530 (India Standard Time)","6072.45","6081.85","6053.25","6062.70"
"Wed Feb 12 2014 00:00:00 GMT+0530 (India Standard Time)","6085.35","6106.60","6077.40","6084.00"
"Thu Feb 13 2014 00:00:00 GMT+0530 (India Standard Time)","6087.55","6094.40","5991.10","6001.10"
"Fri Feb 14 2014 00:00:00 GMT+0530 (India Standard Time)","6023.75","6056.40","5984.60","6048.35"
"Mon Feb 17 2014 00:00:00 GMT+0530 (India Standard Time)","6057.10","6080.65","6038.30","6073.30"
"Tue Feb 18 2014 00:00:00 GMT+0530 (India Standard Time)","6071.30","6141.70","6066.80","6127.10"
"Wed Feb 19 2014 00:00:00 GMT+0530 (India Standard Time)","6132.05","6160.35","6125.75","6152.75"
"Thu Feb 20 2014 00:00:00 GMT+0530 (India Standard Time)","6127.15","6129.10","6086.45","6091.45"
"Fri Feb 21 2014 00:00:00 GMT+0530 (India Standard Time)","6108.30","6159.65","6108.00","6155.45"
"Mon Feb 24 2014 00:00:00 GMT+0530 (India Standard Time)","6140.95","6191.85","6130.80","6186.10"
"Tue Feb 25 2014 00:00:00 GMT+0530 (India Standard Time)","6205.70","6216.85","6176.60","6200.05"
"Wed Feb 26 2014 00:00:00 GMT+0530 (India Standard Time)","6202.45","6245.95","6202.10","6238.80"
"Fri Feb 28 2014 00:00:00 GMT+0530 (India Standard Time)","6228.45","6282.70","6228.10","6276.95"
"Mon Mar 03 2014 00:00:00 GMT+0530 (India Standard Time)","6264.35","6277.75","6212.25","6221.45"
"Tue Mar 04 2014 00:00:00 GMT+0530 (India Standard Time)","6216.75","6302.15","6215.70","6297.95"
"Wed Mar 05 2014 00:00:00 GMT+0530 (India Standard Time)","6328.45","6336.25","6287.80","6328.65"
"Thu Mar 06 2014 00:00:00 GMT+0530 (India Standard Time)","6344.75","6406.60","6339.70","6401.15"
"Fri Mar 07 2014 00:00:00 GMT+0530 (India Standard Time)","6413.95","6537.80","6413.55","6526.65"
"Mon Mar 10 2014 00:00:00 GMT+0530 (India Standard Time)","6491.70","6562.20","6487.35","6537.25"